sample_id,filename,supplier,Capacity,Time,Cost,Tolerance
0,Bearing_10_Ball__1.binvox,1,16,43.34146251,201684.7866,4
1,Bearing_10_Ball__10.binvox,1,16,44.27916153,190472.0928,4
2,Bearing_10_Ball__3.binvox,1,16,43.19522534,184857.3948,4
3,Bearing_10_Ball__4.binvox,1,16,46.80821996,198741.9534,4
4,Bearing_10_Ball__5.binvox,1,16,45.68561784,197022.0958,4
5,Bearing_10_Ball__7.binvox,1,16,42.79660791,203349.7693,4
6,Bearing_10_Ball__8.binvox,1,16,46.55152987,201231.3825,4
7,Bearing_10_InnerRing__1.binvox,1,2,54.87588737,244595.7881,4
8,Bearing_10_InnerRing__10.binvox,1,2,57.62674009,242804.7508,4
9,Bearing_10_InnerRing__3.binvox,1,2,55.40865405,241206.1601,4
10,Bearing_10_InnerRing__4.binvox,1,2,55.21135346,247898.1978,4
11,Bearing_10_InnerRing__5.binvox,1,2,53.6048399,226749.6578,4
12,Bearing_10_InnerRing__7.binvox,1,2,57.30321258,241652.3491,4
13,Bearing_10_InnerRing__8.binvox,1,2,53.47068888,233871.0682,4
14,Bearing_10_OuterRing__1.binvox,1,2,56.87633341,228327.4224,4
15,Bearing_10_OuterRing__10.binvox,1,2,52.79133023,242835.6604,4
16,Bearing_10_OuterRing__3.binvox,1,2,52.42887827,245233.8012,4
17,Bearing_10_OuterRing__4.binvox,1,2,57.42259463,247646.3816,4
18,Bearing_10_OuterRing__5.binvox,1,2,54.58292829,238789.6452,4
19,Bearing_10_OuterRing__7.binvox,1,2,54.71818161,232314.3603,4
20,Bearing_10_OuterRing__8.binvox,1,2,54.24243562,229420.7766,4
21,Bearing_10_Seal__1.binvox,2,4,0.393024832,1340.622101,100
22,Bearing_10_Seal__10.binvox,2,4,0.41249579,1344.709393,100
23,Bearing_10_Seal__3.binvox,2,4,0.417772661,1387.180109,100
24,Bearing_10_Seal__4.binvox,2,4,0.398124285,1373.682283,100
25,Bearing_10_Seal__5.binvox,2,4,0.398376559,1357.874636,100
26,Bearing_10_Seal__7.binvox,2,4,0.384911585,1390.860693,100
27,Bearing_10_Seal__8.binvox,2,4,0.38104688,1322.709767,100
28,Bearing_1_Ball__1.binvox,1,16,46.20952192,198521.7598,4
29,Bearing_1_Ball__10.binvox,1,16,46.5880942,197966.1942,4
30,Bearing_1_Ball__3.binvox,1,16,45.32932637,194444.6288,4
31,Bearing_1_Ball__4.binvox,1,16,46.65376818,199033.91,4
32,Bearing_1_Ball__5.binvox,1,16,47.21928912,201970.9981,4
33,Bearing_1_Ball__7.binvox,1,16,44.80028514,195119.7089,4
34,Bearing_1_Ball__8.binvox,1,16,44.62825444,192962.9894,4
35,Bearing_1_Cage__1.binvox,1,4,2.004753176,8999.558964,50
36,Bearing_1_Cage__10.binvox,1,4,2.045825652,9244.920112,50
37,Bearing_1_Cage__3.binvox,1,4,2.036937784,9081.069135,50
38,Bearing_1_Cage__4.binvox,1,4,2.061365295,9105.053629,50
39,Bearing_1_Cage__5.binvox,1,4,2.059296818,9445.488962,50
40,Bearing_1_Cage__7.binvox,1,4,1.927847767,9443.069118,50
41,Bearing_1_Cage__8.binvox,1,4,2.091079725,9768.073627,50
42,Bearing_1_InnerRing__1.binvox,1,2,55.48533107,239627.3144,4
43,Bearing_1_InnerRing__10.binvox,1,2,56.09933278,228886.4184,4
44,Bearing_1_InnerRing__3.binvox,1,2,54.84356437,237475.1266,4
45,Bearing_1_InnerRing__4.binvox,1,2,53.8153589,243417.676,4
46,Bearing_1_InnerRing__5.binvox,1,2,55.66197201,248619.3848,4
47,Bearing_1_InnerRing__7.binvox,1,2,52.90129834,228983.8772,4
48,Bearing_1_InnerRing__8.binvox,1,2,52.70796432,247708.5576,4
49,Bearing_1_OuterRing__1.binvox,1,2,57.4178409,234025.312,4
50,Bearing_1_OuterRing__10.binvox,1,2,54.03519896,246818.0505,4
51,Bearing_1_OuterRing__3.binvox,1,2,56.82258853,240117.8329,4
52,Bearing_1_OuterRing__4.binvox,1,2,55.2571791,238435.369,4
53,Bearing_1_OuterRing__5.binvox,1,2,52.67927389,240190.0173,4
54,Bearing_1_OuterRing__7.binvox,1,2,52.64785851,235994.9444,4
55,Bearing_1_OuterRing__8.binvox,1,2,53.81559419,233274.9527,4
56,Bearing_2_Ball__1.binvox,1,16,46.76527787,202853.7211,4
57,Bearing_2_Ball__10.binvox,1,16,46.80098769,202109.3605,4
58,Bearing_2_Ball__3.binvox,1,16,46.81909433,191778.4886,4
59,Bearing_2_Ball__4.binvox,1,16,43.11034467,194854.2395,4
60,Bearing_2_Ball__5.binvox,1,16,43.82701914,193109.5298,4
61,Bearing_2_Ball__7.binvox,1,16,45.27264254,188045.6734,4
62,Bearing_2_Ball__8.binvox,1,16,47.16517681,203490.6109,4
63,Bearing_2_InnerRing__1.binvox,1,2,57.29445097,247892.3002,4
64,Bearing_2_InnerRing__10.binvox,1,2,53.68862871,245425.5418,4
65,Bearing_2_InnerRing__3.binvox,1,2,55.02317293,248881.5352,4
66,Bearing_2_InnerRing__4.binvox,1,2,52.70506078,243527.1424,4
67,Bearing_2_InnerRing__5.binvox,1,2,56.04144985,247473.2375,4
68,Bearing_2_InnerRing__7.binvox,1,2,56.2740823,243162.708,4
69,Bearing_2_InnerRing__8.binvox,1,2,53.54775848,239526.1012,4
70,Bearing_2_OuterRing__1.binvox,1,2,53.96814286,238830.0212,4
71,Bearing_2_OuterRing__10.binvox,1,2,53.17830592,234587.1802,4
72,Bearing_2_OuterRing__3.binvox,1,2,52.4483717,246245.3214,4
73,Bearing_2_OuterRing__4.binvox,1,2,53.19467577,235567.6532,4
74,Bearing_2_OuterRing__5.binvox,1,2,56.05134032,248548.1469,4
75,Bearing_2_OuterRing__7.binvox,1,2,56.33971274,242936.8008,4
76,Bearing_2_OuterRing__8.binvox,1,2,57.41955549,236582.9284,4
77,Bearing_3_Ball__1.binvox,1,16,45.13684422,195041.4543,4
78,Bearing_3_Ball__10.binvox,1,16,44.73400741,200058.4992,4
79,Bearing_3_Ball__3.binvox,1,16,43.98719232,195813.5658,4
80,Bearing_3_Ball__4.binvox,1,16,43.61154258,192623.3063,4
81,Bearing_3_Ball__5.binvox,1,16,42.78113228,190801.0527,4
82,Bearing_3_Ball__7.binvox,1,16,45.05817323,187485.0737,4
83,Bearing_3_Ball__8.binvox,1,16,44.89749612,193399.0319,4
84,Bearing_3_InnerRing__1.binvox,1,2,55.98081261,244104.8499,4
85,Bearing_3_InnerRing__10.binvox,1,2,54.76326611,230471.9661,4
86,Bearing_3_InnerRing__3.binvox,1,2,57.67123909,247043.5457,4
87,Bearing_3_InnerRing__4.binvox,1,2,54.62135632,246826.0123,4
88,Bearing_3_InnerRing__5.binvox,1,2,55.92469841,227241.0306,4
89,Bearing_3_InnerRing__7.binvox,1,2,53.13240835,225809.4231,4
90,Bearing_3_InnerRing__8.binvox,1,2,52.32057703,248225.7512,4
91,Bearing_3_OuterRing__1.binvox,1,2,55.07146973,245367.3486,4
92,Bearing_3_OuterRing__10.binvox,1,2,53.6746065,233842.8248,4
93,Bearing_3_OuterRing__3.binvox,1,2,54.33065984,233028.9111,4
94,Bearing_3_OuterRing__4.binvox,1,2,55.37778218,240225.0806,4
95,Bearing_3_OuterRing__5.binvox,1,2,57.25910143,228897.2967,4
96,Bearing_3_OuterRing__7.binvox,1,2,54.48087498,235590.519,4
97,Bearing_3_OuterRing__8.binvox,1,2,55.20785942,236424.9638,4
98,Bearing_4_Ball__1.binvox,1,16,46.96010688,198368.5275,4
99,Bearing_4_Ball__10.binvox,1,16,45.13610912,196791.8315,4
100,Bearing_4_Ball__3.binvox,1,16,44.79741721,190628.2176,4
101,Bearing_4_Ball__4.binvox,1,16,47.06069063,203633.5341,4
102,Bearing_4_Ball__5.binvox,1,16,46.52416959,188684.2624,4
103,Bearing_4_Ball__7.binvox,1,16,43.85587111,196886.6854,4
104,Bearing_4_Ball__8.binvox,1,16,43.58905755,199018.5688,4
105,Bearing_4_InnerRing__1.binvox,1,2,55.0652722,231135.1115,4
106,Bearing_4_InnerRing__10.binvox,1,2,57.42114215,226222.5703,4
107,Bearing_4_InnerRing__3.binvox,1,2,54.35327395,230440.834,4
108,Bearing_4_InnerRing__4.binvox,1,2,56.3753889,230727.7707,4
109,Bearing_4_InnerRing__5.binvox,1,2,56.29142425,228920.712,4
110,Bearing_4_InnerRing__7.binvox,1,2,52.63253646,233182.795,4
111,Bearing_4_InnerRing__8.binvox,1,2,56.83517479,237797.4557,4
112,Bearing_4_OuterRing__1.binvox,1,2,53.66008136,243283.2385,4
113,Bearing_4_OuterRing__10.binvox,1,2,56.13165559,229844.5089,4
114,Bearing_4_OuterRing__3.binvox,1,2,55.11950333,237654.2985,4
115,Bearing_4_OuterRing__4.binvox,1,2,55.84234193,234546.6158,4
116,Bearing_4_OuterRing__5.binvox,1,2,56.86164649,230629.0026,4
117,Bearing_4_OuterRing__7.binvox,1,2,55.57862453,236199.3178,4
118,Bearing_4_OuterRing__8.binvox,1,2,56.36954966,241875.9825,4
119,Bearing_5_Ball__1.binvox,1,16,44.69462597,187679.5107,4
120,Bearing_5_Ball__10.binvox,1,16,43.462665,201371.779,4
121,Bearing_5_Ball__3.binvox,1,16,46.22939815,189533.9301,4
122,Bearing_5_Ball__4.binvox,1,16,44.83494509,192428.2657,4
123,Bearing_5_Ball__5.binvox,1,16,47.03526759,202334.263,4
124,Bearing_5_Ball__7.binvox,1,16,43.51437558,203808.6087,4
125,Bearing_5_Ball__8.binvox,1,16,46.64183164,187390.6453,4
126,Bearing_5_Cage__1.binvox,1,4,2.016803722,9198.86566,50
127,Bearing_5_Cage__10.binvox,1,4,2.06624667,9670.787175,50
128,Bearing_5_Cage__3.binvox,1,4,1.92879783,9082.572171,50
129,Bearing_5_Cage__4.binvox,1,4,2.016074634,9053.607136,50
130,Bearing_5_Cage__5.binvox,1,4,1.929823904,9103.801944,50
131,Bearing_5_Cage__7.binvox,1,4,2.09245801,9263.332732,50
132,Bearing_5_Cage__8.binvox,1,4,2.009293417,9782.952743,50
133,Bearing_5_InnerRing__1.binvox,1,2,53.76741077,229921.8306,4
134,Bearing_5_InnerRing__10.binvox,1,2,56.77017195,237740.2505,4
135,Bearing_5_InnerRing__3.binvox,1,2,52.36618617,241731.6379,4
136,Bearing_5_InnerRing__4.binvox,1,2,56.38099734,241243.3918,4
137,Bearing_5_InnerRing__5.binvox,1,2,57.68886069,235146.2239,4
138,Bearing_5_InnerRing__7.binvox,1,2,55.77300363,227777.8934,4
139,Bearing_5_InnerRing__8.binvox,1,2,56.34834368,231463.0997,4
140,Bearing_5_OuterRing__1.binvox,1,2,57.0764429,235638.0139,4
141,Bearing_5_OuterRing__10.binvox,1,2,52.35113037,241142.2625,4
142,Bearing_5_OuterRing__3.binvox,1,2,56.15679749,242984.2031,4
143,Bearing_5_OuterRing__4.binvox,1,2,57.22125417,233750.4297,4
144,Bearing_5_OuterRing__5.binvox,1,2,57.69437339,248649.174,4
145,Bearing_5_OuterRing__7.binvox,1,2,54.94951785,231271.0933,4
146,Bearing_5_OuterRing__8.binvox,1,2,57.04937733,247656.0933,4
147,Bearing_5_Seal__1.binvox,2,4,0.408593569,1428.943419,100
148,Bearing_5_Seal__10.binvox,2,4,0.398510528,1338.726393,100
149,Bearing_5_Seal__3.binvox,2,4,0.40347657,1435.098558,100
150,Bearing_5_Seal__4.binvox,2,4,0.382177806,1384.52193,100
151,Bearing_5_Seal__5.binvox,2,4,0.415311187,1394.207659,100
152,Bearing_5_Seal__7.binvox,2,4,0.391193283,1387.166314,100
153,Bearing_5_Seal__8.binvox,2,4,0.404262471,1359.028063,100
154,Bearing_6_Ball__1.binvox,1,16,43.89047818,195561.213,4
155,Bearing_6_Ball__10.binvox,1,16,45.60836064,190254.0385,4
156,Bearing_6_Ball__3.binvox,1,16,42.92216566,198380.2264,4
157,Bearing_6_Ball__4.binvox,1,16,43.19825318,197629.713,4
158,Bearing_6_Ball__5.binvox,1,16,43.90474832,197839.0654,4
159,Bearing_6_Ball__7.binvox,1,16,44.53851404,186506.6744,4
160,Bearing_6_Ball__8.binvox,1,16,42.90531523,188621.1764,4
161,Bearing_6_InnerRing__1.binvox,1,2,54.59919563,225902.0051,4
162,Bearing_6_InnerRing__10.binvox,1,2,57.60297091,227410.6662,4
163,Bearing_6_InnerRing__3.binvox,1,2,52.2700429,242943.0043,4
164,Bearing_6_InnerRing__4.binvox,1,2,57.33439364,239660.1526,4
165,Bearing_6_InnerRing__5.binvox,1,2,54.75924321,248734.3658,4
166,Bearing_6_InnerRing__7.binvox,1,2,57.56393214,244343.4904,4
167,Bearing_6_InnerRing__8.binvox,1,2,52.82262941,245728.317,4
168,Bearing_6_OuterRing__1.binvox,1,2,55.85004585,231057.0314,4
169,Bearing_6_OuterRing__10.binvox,1,2,53.36463996,234163.4496,4
170,Bearing_6_OuterRing__3.binvox,1,2,55.83709447,240705.1799,4
171,Bearing_6_OuterRing__4.binvox,1,2,55.67470714,227517.8311,4
172,Bearing_6_OuterRing__5.binvox,1,2,57.10850171,237924.9598,4
173,Bearing_6_OuterRing__7.binvox,1,2,56.84584425,228434.8271,4
174,Bearing_6_OuterRing__8.binvox,1,2,57.63401142,245904.1759,4
175,Bearing_7_Ball__1.binvox,1,16,43.4785083,197450.1114,4
176,Bearing_7_Ball__10.binvox,1,16,44.08533209,196393.1181,4
177,Bearing_7_Ball__3.binvox,1,16,43.08020789,192029.4079,4
178,Bearing_7_Ball__4.binvox,1,16,43.77836711,185980.9597,4
179,Bearing_7_Ball__5.binvox,1,16,46.44739185,189010.9883,4
180,Bearing_7_Ball__7.binvox,1,16,43.46611401,200696.6419,4
181,Bearing_7_Ball__8.binvox,1,16,42.81790345,203128.4316,4
182,Bearing_7_InnerRing__1.binvox,1,2,54.85650198,234518.0085,4
183,Bearing_7_InnerRing__10.binvox,1,2,53.49038264,229456.7235,4
184,Bearing_7_InnerRing__3.binvox,1,2,52.96572174,235531.4149,4
185,Bearing_7_InnerRing__4.binvox,1,2,53.3011676,229830.6342,4
186,Bearing_7_InnerRing__5.binvox,1,2,54.18383884,240274.7554,4
187,Bearing_7_InnerRing__7.binvox,1,2,56.29469596,233886.0786,4
188,Bearing_7_InnerRing__8.binvox,1,2,54.17026126,248325.1144,4
189,Bearing_7_OuterRing__1.binvox,1,2,56.47992719,239312.5854,4
190,Bearing_7_OuterRing__10.binvox,1,2,53.17363225,229426.5029,4
191,Bearing_7_OuterRing__3.binvox,1,2,55.65548204,236681.201,4
192,Bearing_7_OuterRing__4.binvox,1,2,55.81354365,239908.8408,4
193,Bearing_7_OuterRing__5.binvox,1,2,56.77206089,231507.8937,4
194,Bearing_7_OuterRing__7.binvox,1,2,56.65254525,233572.1931,4
195,Bearing_7_OuterRing__8.binvox,1,2,57.31242256,244596.2994,4
196,Bearing_8_Ball__1.binvox,1,16,46.18384339,187159.4413,4
197,Bearing_8_Ball__10.binvox,1,16,46.86050442,188449.1976,4
198,Bearing_8_Ball__3.binvox,1,16,45.52519392,188539.6087,4
199,Bearing_8_Ball__4.binvox,1,16,44.12342351,184822.1185,4
200,Bearing_8_Ball__5.binvox,1,16,42.98547527,187733.9632,4
201,Bearing_8_Ball__7.binvox,1,16,46.32498867,187028.476,4
202,Bearing_8_Ball__8.binvox,1,16,42.81928842,202592.4574,4
203,Bearing_8_InnerRing__1.binvox,1,2,53.86193173,227070.1025,4
204,Bearing_8_InnerRing__10.binvox,1,2,57.71450317,225964.8557,4
205,Bearing_8_InnerRing__3.binvox,1,2,56.88746159,248808.3451,4
206,Bearing_8_InnerRing__4.binvox,1,2,56.83935855,245706.9274,4
207,Bearing_8_InnerRing__5.binvox,1,2,54.26595423,247527.0382,4
208,Bearing_8_InnerRing__7.binvox,1,2,55.45631367,245491.3574,4
209,Bearing_8_InnerRing__8.binvox,1,2,53.60931031,245531.7428,4
210,Bearing_8_OuterRing__1.binvox,1,2,54.0912614,246599.0274,4
211,Bearing_8_OuterRing__10.binvox,1,2,53.19610658,245196.6562,4
212,Bearing_8_OuterRing__3.binvox,1,2,55.32973327,238081.6947,4
213,Bearing_8_OuterRing__4.binvox,1,2,57.71953014,238502.9917,4
214,Bearing_8_OuterRing__5.binvox,1,2,53.64247267,227801.2851,4
215,Bearing_8_OuterRing__7.binvox,1,2,57.72830987,229967.0635,4
216,Bearing_8_OuterRing__8.binvox,1,2,53.55871309,241198.4926,4
217,Bearing_9_Ball__1.binvox,1,16,43.94663445,199973.322,4
218,Bearing_9_Ball__10.binvox,1,16,44.88362148,186777.3035,4
219,Bearing_9_Ball__3.binvox,1,16,43.94440066,189922.9941,4
220,Bearing_9_Ball__4.binvox,1,16,46.85042034,196294.7038,4
221,Bearing_9_Ball__5.binvox,1,16,44.00778345,191299.0077,4
222,Bearing_9_Ball__7.binvox,1,16,46.33040379,185346.8555,4
223,Bearing_9_Ball__8.binvox,1,16,46.25943287,197364.7768,4
224,Bearing_9_InnerRing__1.binvox,1,2,53.25088665,232722.5512,4
225,Bearing_9_InnerRing__10.binvox,1,2,54.50165465,244806.8418,4
226,Bearing_9_InnerRing__3.binvox,1,2,56.4910189,236500.5798,4
227,Bearing_9_InnerRing__4.binvox,1,2,53.78750005,232938.0459,4
228,Bearing_9_InnerRing__5.binvox,1,2,54.30795594,231784.6696,4
229,Bearing_9_InnerRing__7.binvox,1,2,52.34588194,243548.867,4
230,Bearing_9_InnerRing__8.binvox,1,2,56.87229113,246545.354,4
231,Bearing_9_OuterRing__1.binvox,1,2,52.39852947,248936.4239,4
232,Bearing_9_OuterRing__10.binvox,1,2,54.96296761,232652.0708,4
233,Bearing_9_OuterRing__3.binvox,1,2,55.06163311,243236.4358,4
234,Bearing_9_OuterRing__4.binvox,1,2,54.68623529,236126.2053,4
235,Bearing_9_OuterRing__5.binvox,1,2,53.31532153,244793.223,4
236,Bearing_9_OuterRing__7.binvox,1,2,53.90864413,230766.7689,4
237,Bearing_9_OuterRing__8.binvox,1,2,56.63887458,247464.3328,4
238,Bearing_9_Seal__1.binvox,2,4,0.38472663,1345.621216,100
239,Bearing_9_Seal__10.binvox,2,4,0.395497229,1334.679215,100
240,Bearing_9_Seal__3.binvox,2,4,0.40534793,1303.014027,100
241,Bearing_9_Seal__4.binvox,2,4,0.402549398,1333.166188,100
242,Bearing_9_Seal__5.binvox,2,4,0.404787149,1308.229512,100
243,Bearing_9_Seal__7.binvox,2,4,0.397448492,1425.302112,100
244,Bearing_9_Seal__8.binvox,2,4,0.397820254,1394.672219,100
245,Caster_10_Bolt__1.binvox,3,4,14.75912088,63269.93174,4
246,Caster_10_Bolt__10.binvox,3,4,15.33121051,64176.90555,4
247,Caster_10_Bolt__3.binvox,3,4,14.96507664,67227.6153,4
248,Caster_10_Bolt__4.binvox,3,4,14.71620576,63945.05867,4
249,Caster_10_Bolt__5.binvox,3,4,14.83261318,66908.72914,4
250,Caster_10_Bolt__7.binvox,3,4,14.49555877,62202.49846,4
251,Caster_10_Bolt__8.binvox,3,4,15.65488223,61920.83332,4
252,Caster_10_Fork__1.binvox,6,2,1.967213027,8833.498584,50
253,Caster_10_Fork__10.binvox,6,2,1.982387741,8780.397627,50
254,Caster_10_Fork__3.binvox,6,2,1.933277999,8599.280303,50
255,Caster_10_Fork__4.binvox,6,2,2.048353781,9065.410331,50
256,Caster_10_Fork__5.binvox,6,2,2.031246629,8457.852274,50
257,Caster_10_Fork__7.binvox,6,2,1.918397433,8445.221283,50
258,Caster_10_Fork__8.binvox,6,2,2.019191652,8867.192233,50
259,Caster_10_Nut__1.binvox,3,4,15.11015922,63262.91705,4
260,Caster_10_Nut__10.binvox,3,4,15.07943909,65124.00682,4
261,Caster_10_Nut__3.binvox,3,4,15.65530123,65810.27278,4
262,Caster_10_Nut__4.binvox,3,4,14.40808552,61913.83707,4
263,Caster_10_Nut__5.binvox,3,4,14.99243813,64404.95025,4
264,Caster_10_Nut__7.binvox,3,4,15.70203705,65711.72999,4
265,Caster_10_Nut__8.binvox,3,4,15.34068567,67962.91861,4
266,Caster_10_TopPlate__1.binvox,5,2,7.245858229,30715.05885,50
267,Caster_10_TopPlate__10.binvox,5,2,7.081185175,32429.00009,50
268,Caster_10_TopPlate__3.binvox,5,2,6.962779715,32748.24082,50
269,Caster_10_TopPlate__4.binvox,5,2,7.429279893,30304.82357,50
270,Caster_10_TopPlate__5.binvox,5,2,7.459653669,30992.1488,50
271,Caster_10_TopPlate__7.binvox,5,2,7.102775005,31147.97112,50
272,Caster_10_TopPlate__8.binvox,5,2,7.355768805,32747.46886,50
273,Caster_10_WheelRubber__1.binvox,2,2,0.40402776,1407.405172,100
274,Caster_10_WheelRubber__10.binvox,2,2,0.382231674,1343.919165,100
275,Caster_10_WheelRubber__3.binvox,2,2,0.412128222,1433.458657,100
276,Caster_10_WheelRubber__4.binvox,2,2,0.388619018,1348.129308,100
277,Caster_10_WheelRubber__5.binvox,2,2,0.387921879,1381.660126,100
278,Caster_10_WheelRubber__7.binvox,2,2,0.412001673,1341.654258,100
279,Caster_10_WheelRubber__8.binvox,2,2,0.403479608,1424.714847,100
280,Caster_10_Wheel__1.binvox,5,2,2.738162593,5487.021301,160
281,Caster_10_Wheel__10.binvox,5,2,2.764886776,5166.46187,160
282,Caster_10_Wheel__3.binvox,5,2,2.552873245,5586.46484,160
283,Caster_10_Wheel__4.binvox,5,2,2.780959792,5150.057689,160
284,Caster_10_Wheel__5.binvox,5,2,2.596631172,5290.447908,160
285,Caster_10_Wheel__7.binvox,5,2,2.750686476,5296.361743,160
286,Caster_10_Wheel__8.binvox,5,2,2.78783471,5360.821932,160
287,Caster_1_Bolt__1.binvox,3,4,14.822799,61662.8509,4
288,Caster_1_Bolt__10.binvox,3,4,14.95628302,66684.49862,4
289,Caster_1_Bolt__3.binvox,3,4,15.42584141,66432.09284,4
290,Caster_1_Bolt__4.binvox,3,4,15.66513984,65820.90915,4
291,Caster_1_Bolt__5.binvox,3,4,14.55687912,66122.65865,4
292,Caster_1_Bolt__7.binvox,3,4,14.48983912,66613.26292,4
293,Caster_1_Bolt__8.binvox,3,4,15.13068441,66939.06257,4
294,Caster_1_Fork__1.binvox,6,2,1.92479256,8450.069841,50
295,Caster_1_Fork__10.binvox,6,2,1.935852838,8730.828816,50
296,Caster_1_Fork__3.binvox,6,2,2.01965559,8907.613138,50
297,Caster_1_Fork__4.binvox,6,2,1.961334913,9066.983159,50
298,Caster_1_Fork__5.binvox,6,2,1.964468342,8821.617489,50
299,Caster_1_Fork__7.binvox,6,2,1.926902941,8223.165659,50
300,Caster_1_Fork__8.binvox,6,2,2.027676403,8538.556819,50
301,Caster_1_Nut__1.binvox,3,4,14.7247927,63262.02866,4
302,Caster_1_Nut__10.binvox,3,4,15.48784972,67411.56868,4
303,Caster_1_Nut__3.binvox,3,4,15.19325093,67882.20153,4
304,Caster_1_Nut__4.binvox,3,4,15.44422279,64961.4297,4
305,Caster_1_Nut__5.binvox,3,4,15.40525661,64591.73772,4
306,Caster_1_Nut__7.binvox,3,4,15.7465464,65542.20938,4
307,Caster_1_Nut__8.binvox,3,4,14.96604662,67810.7456,4
308,Caster_1_Wheel__1.binvox,5,2,2.718684191,5177.378069,160
309,Caster_1_Wheel__10.binvox,5,2,2.759195188,5373.235334,160
310,Caster_1_Wheel__3.binvox,5,2,2.663238083,5659.326375,160
311,Caster_1_Wheel__4.binvox,5,2,2.695470704,5189.31599,160
312,Caster_1_Wheel__5.binvox,5,2,2.79077249,5657.725381,160
313,Caster_1_Wheel__7.binvox,5,2,2.618243063,5377.095645,160
314,Caster_1_Wheel__8.binvox,5,2,2.533393524,5383.346228,160
315,Caster_2_Bolt__1.binvox,3,4,14.61166716,67004.3567,4
316,Caster_2_Bolt__10.binvox,3,4,15.1035331,63392.49761,4
317,Caster_2_Bolt__3.binvox,3,4,14.82608726,62945.05401,4
318,Caster_2_Bolt__4.binvox,3,4,14.37868787,62019.4654,4
319,Caster_2_Bolt__5.binvox,3,4,14.52941792,65612.55839,4
320,Caster_2_Bolt__7.binvox,3,4,15.70932675,61813.09128,4
321,Caster_2_Bolt__8.binvox,3,4,15.4073542,63058.98781,4
322,Caster_2_Fork__1.binvox,6,2,2.059363539,8826.616153,50
323,Caster_2_Fork__10.binvox,6,2,1.905430494,8962.945205,50
324,Caster_2_Fork__3.binvox,6,2,1.905257558,8633.266365,50
325,Caster_2_Fork__4.binvox,6,2,1.965455977,8408.234371,50
326,Caster_2_Fork__5.binvox,6,2,1.967171767,8814.804553,50
327,Caster_2_Fork__7.binvox,6,2,2.008415911,8259.12765,50
328,Caster_2_Fork__8.binvox,6,2,1.900397783,8780.357236,50
329,Caster_2_Nut__1.binvox,3,4,14.63957487,66085.17497,4
330,Caster_2_Nut__10.binvox,3,4,15.33585471,67130.99611,4
331,Caster_2_Nut__3.binvox,3,4,15.32919929,67637.47987,4
332,Caster_2_Nut__4.binvox,3,4,14.54713095,63858.68935,4
333,Caster_2_Nut__5.binvox,3,4,14.37418169,67269.01833,4
334,Caster_2_Nut__7.binvox,3,4,14.55076906,64288.74916,4
335,Caster_2_Nut__8.binvox,3,4,15.53391539,62875.39555,4
336,Caster_2_Wheel__1.binvox,5,2,2.730670103,5384.614924,160
337,Caster_2_Wheel__10.binvox,5,2,2.643059204,5245.932654,160
338,Caster_2_Wheel__3.binvox,5,2,2.770659153,5412.820588,160
339,Caster_2_Wheel__4.binvox,5,2,2.726854299,5590.781763,160
340,Caster_2_Wheel__5.binvox,5,2,2.641477957,5313.212738,160
341,Caster_2_Wheel__7.binvox,5,2,2.789217074,5508.795455,160
342,Caster_2_Wheel__8.binvox,5,2,2.530847389,5347.262839,160
343,Caster_3_Bolt__1.binvox,3,4,15.4449386,66103.78008,4
344,Caster_3_Bolt__10.binvox,3,4,14.72201339,65132.54956,4
345,Caster_3_Bolt__3.binvox,3,4,15.11162825,65968.3511,4
346,Caster_3_Bolt__4.binvox,3,4,15.66276235,67960.53228,4
347,Caster_3_Bolt__5.binvox,3,4,14.33835447,63067.85003,4
348,Caster_3_Bolt__7.binvox,3,4,14.51455715,65479.70107,4
349,Caster_3_Bolt__8.binvox,3,4,15.43220358,63507.91548,4
350,Caster_3_Fork__1.binvox,6,2,1.930292766,8519.341441,50
351,Caster_3_Fork__10.binvox,6,2,1.969405872,8795.660912,50
352,Caster_3_Fork__3.binvox,6,2,2.068594774,8804.674583,50
353,Caster_3_Fork__4.binvox,6,2,1.972250154,8949.461897,50
354,Caster_3_Fork__5.binvox,6,2,2.099446501,8253.606237,50
355,Caster_3_Fork__7.binvox,6,2,1.981630792,8241.772172,50
356,Caster_3_Fork__8.binvox,6,2,2.012417249,8510.058006,50
357,Caster_3_Nut__1.binvox,3,4,14.87462711,67695.11309,4
358,Caster_3_Nut__10.binvox,3,4,14.42563666,64166.05563,4
359,Caster_3_Nut__3.binvox,3,4,14.58872288,62389.36006,4
360,Caster_3_Nut__4.binvox,3,4,15.30549092,64872.85027,4
361,Caster_3_Nut__5.binvox,3,4,15.1141167,63927.12971,4
362,Caster_3_Nut__7.binvox,3,4,15.44528264,64207.62433,4
363,Caster_3_Nut__8.binvox,3,4,15.11528785,67063.59501,4
364,Caster_3_Wheel__1.binvox,5,2,2.562500761,5449.201485,160
365,Caster_3_Wheel__10.binvox,5,2,2.784288252,5260.090626,160
366,Caster_3_Wheel__3.binvox,5,2,2.627107211,5155.900336,160
367,Caster_3_Wheel__4.binvox,5,2,2.73447244,5344.114332,160
368,Caster_3_Wheel__5.binvox,5,2,2.776923207,5644.146564,160
369,Caster_3_Wheel__7.binvox,5,2,2.597463345,5371.168032,160
370,Caster_3_Wheel__8.binvox,5,2,2.69054681,5481.987365,160
371,Caster_4_Bolt__1.binvox,3,4,15.60324639,65805.94376,4
372,Caster_4_Bolt__10.binvox,3,4,15.14351868,67909.55775,4
373,Caster_4_Bolt__3.binvox,3,4,14.48927832,67215.0217,4
374,Caster_4_Bolt__4.binvox,3,4,15.5396431,63421.78567,4
375,Caster_4_Bolt__5.binvox,3,4,15.00142603,64011.12425,4
376,Caster_4_Bolt__7.binvox,3,4,15.48486178,66551.63207,4
377,Caster_4_Bolt__8.binvox,3,4,15.72263543,62227.27846,4
378,Caster_4_Fork__1.binvox,6,2,1.965443594,8288.308683,50
379,Caster_4_Fork__10.binvox,6,2,1.969562597,8742.582651,50
380,Caster_4_Fork__3.binvox,6,2,2.069723422,9051.789152,50
381,Caster_4_Fork__4.binvox,6,2,2.030380388,8687.1182,50
382,Caster_4_Fork__5.binvox,6,2,2.063816338,8824.081964,50
383,Caster_4_Fork__7.binvox,6,2,1.959787983,8261.790054,50
384,Caster_4_Fork__8.binvox,6,2,2.023804422,8612.873889,50
385,Caster_4_Nut__1.binvox,3,4,14.55948734,63570.44205,4
386,Caster_4_Nut__10.binvox,3,4,15.13992342,63718.1123,4
387,Caster_4_Nut__3.binvox,3,4,15.00321333,64683.29962,4
388,Caster_4_Nut__4.binvox,3,4,15.65032807,63930.34164,4
389,Caster_4_Nut__5.binvox,3,4,15.38324663,67001.1427,4
390,Caster_4_Nut__7.binvox,3,4,15.04805075,61637.24445,4
391,Caster_4_Nut__8.binvox,3,4,14.88082633,63303.55069,4
392,Caster_4_WheelRubber__1.binvox,2,2,0.406002325,1311.199519,100
393,Caster_4_WheelRubber__10.binvox,2,2,0.40331603,1358.722905,100
394,Caster_4_WheelRubber__3.binvox,2,2,0.398435507,1343.907806,100
395,Caster_4_WheelRubber__4.binvox,2,2,0.389190859,1307.707357,100
396,Caster_4_WheelRubber__5.binvox,2,2,0.399877659,1328.664053,100
397,Caster_4_WheelRubber__7.binvox,2,2,0.404491311,1301.119684,100
398,Caster_4_WheelRubber__8.binvox,2,2,0.41981181,1311.546906,100
399,Caster_4_Wheel__1.binvox,5,2,2.548468138,5206.284222,160
400,Caster_4_Wheel__10.binvox,5,2,2.627195674,5630.493365,160
401,Caster_4_Wheel__3.binvox,5,2,2.727146764,5219.11346,160
402,Caster_4_Wheel__4.binvox,5,2,2.594016406,5671.189313,160
403,Caster_4_Wheel__5.binvox,5,2,2.527987915,5162.251746,160
404,Caster_4_Wheel__7.binvox,5,2,2.592532501,5287.530238,160
405,Caster_4_Wheel__8.binvox,5,2,2.564508715,5504.39529,160
406,Caster_5_Bolt__1.binvox,3,4,15.26032567,66233.8365,4
407,Caster_5_Bolt__10.binvox,3,4,15.07966742,66904.97742,4
408,Caster_5_Bolt__3.binvox,3,4,14.72763541,67202.24384,4
409,Caster_5_Bolt__4.binvox,3,4,15.37262919,61935.81518,4
410,Caster_5_Bolt__5.binvox,3,4,14.43104524,62408.40312,4
411,Caster_5_Bolt__7.binvox,3,4,14.83874266,61688.60843,4
412,Caster_5_Bolt__8.binvox,3,4,14.93984638,67414.34223,4
413,Caster_5_Fork__1.binvox,6,2,2.092596168,8746.672073,50
414,Caster_5_Fork__10.binvox,6,2,2.021641538,8968.678562,50
415,Caster_5_Fork__3.binvox,6,2,2.050578624,9046.511532,50
416,Caster_5_Fork__4.binvox,6,2,2.062464455,8231.992281,50
417,Caster_5_Fork__5.binvox,6,2,1.985353147,8705.789658,50
418,Caster_5_Fork__7.binvox,6,2,1.925970618,8359.983811,50
419,Caster_5_Fork__8.binvox,6,2,2.020578159,8905.28706,50
420,Caster_5_Nut__1.binvox,3,4,14.39285572,61760.02179,4
421,Caster_5_Nut__10.binvox,3,4,14.84991929,67905.10674,4
422,Caster_5_Nut__3.binvox,3,4,14.5146869,65792.05945,4
423,Caster_5_Nut__4.binvox,3,4,15.56240813,65241.51759,4
424,Caster_5_Nut__5.binvox,3,4,15.73262892,65874.30032,4
425,Caster_5_Nut__7.binvox,3,4,15.6097957,62996.42026,4
426,Caster_5_Nut__8.binvox,3,4,15.28498102,64466.03257,4
427,Caster_5_Wheel__1.binvox,5,2,2.610502763,5194.842564,160
428,Caster_5_Wheel__10.binvox,5,2,2.60926247,5593.792083,160
429,Caster_5_Wheel__3.binvox,5,2,2.719561822,5422.284602,160
430,Caster_5_Wheel__4.binvox,5,2,2.694643772,5500.30579,160
431,Caster_5_Wheel__5.binvox,5,2,2.724385151,5536.343035,160
432,Caster_5_Wheel__7.binvox,5,2,2.655530725,5221.61983,160
433,Caster_5_Wheel__8.binvox,5,2,2.717659136,5277.991883,160
434,Caster_6_Bolt__1.binvox,3,4,14.77399912,63019.11159,4
435,Caster_6_Bolt__10.binvox,3,4,15.34504413,65742.90987,4
436,Caster_6_Bolt__3.binvox,3,4,14.58548871,64895.22315,4
437,Caster_6_Bolt__4.binvox,3,4,15.70131228,67804.65456,4
438,Caster_6_Bolt__5.binvox,3,4,15.15497599,64303.36326,4
439,Caster_6_Bolt__7.binvox,3,4,15.74260147,66781.52896,4
440,Caster_6_Bolt__8.binvox,3,4,14.54332511,65999.04908,4
441,Caster_6_Fork__1.binvox,6,2,1.96525454,8790.459551,50
442,Caster_6_Fork__10.binvox,6,2,1.98118026,8736.829694,50
443,Caster_6_Fork__3.binvox,6,2,1.908938619,8268.398575,50
444,Caster_6_Fork__4.binvox,6,2,2.022063598,8718.162144,50
445,Caster_6_Fork__5.binvox,6,2,1.958575624,8573.31446,50
446,Caster_6_Fork__7.binvox,6,2,1.924986489,8858.388483,50
447,Caster_6_Fork__8.binvox,6,2,2.049732757,8883.619053,50
448,Caster_6_Nut__1.binvox,3,4,15.26087172,67576.45034,4
449,Caster_6_Nut__10.binvox,3,4,15.70220449,66843.12613,4
450,Caster_6_Nut__3.binvox,3,4,14.34368702,62713.5544,4
451,Caster_6_Nut__4.binvox,3,4,15.72002921,67196.35248,4
452,Caster_6_Nut__5.binvox,3,4,14.9957475,65772.64533,4
453,Caster_6_Nut__7.binvox,3,4,15.68111272,65979.79273,4
454,Caster_6_Nut__8.binvox,3,4,14.32994972,64202.14965,4
455,Caster_6_TopPlate__1.binvox,5,2,7.147869354,30331.53081,50
456,Caster_6_TopPlate__10.binvox,5,2,7.261254022,31799.05403,50
457,Caster_6_TopPlate__3.binvox,5,2,7.109801074,30372.28584,50
458,Caster_6_TopPlate__4.binvox,5,2,7.402059405,32014.16139,50
459,Caster_6_TopPlate__5.binvox,5,2,7.641499456,32127.49721,50
460,Caster_6_TopPlate__7.binvox,5,2,7.395224515,32990.86024,50
461,Caster_6_TopPlate__8.binvox,5,2,7.57393056,31113.42697,50
462,Caster_6_Wheel__1.binvox,5,2,2.540530262,5560.673202,160
463,Caster_6_Wheel__10.binvox,5,2,2.660394099,5433.928789,160
464,Caster_6_Wheel__3.binvox,5,2,2.56026767,5545.412231,160
465,Caster_6_Wheel__4.binvox,5,2,2.570887716,5482.292236,160
466,Caster_6_Wheel__5.binvox,5,2,2.780132513,5498.700033,160
467,Caster_6_Wheel__7.binvox,5,2,2.632876048,5228.467519,160
468,Caster_6_Wheel__8.binvox,5,2,2.542364214,5204.022193,160
469,Caster_7_Bolt__1.binvox,3,4,15.29650926,63096.55898,4
470,Caster_7_Bolt__10.binvox,3,4,15.11827107,64350.35691,4
471,Caster_7_Bolt__3.binvox,3,4,14.9382194,63118.8224,4
472,Caster_7_Bolt__4.binvox,3,4,15.17385913,62137.61448,4
473,Caster_7_Bolt__5.binvox,3,4,14.44795884,65982.5534,4
474,Caster_7_Bolt__7.binvox,3,4,15.27444314,67661.36162,4
475,Caster_7_Bolt__8.binvox,3,4,14.36153249,66707.5188,4
476,Caster_7_Fork__1.binvox,6,2,1.954354221,8809.418284,50
477,Caster_7_Fork__10.binvox,6,2,1.922834538,8773.074717,50
478,Caster_7_Fork__3.binvox,6,2,1.996944289,8504.828544,50
479,Caster_7_Fork__4.binvox,6,2,1.963379108,8730.684524,50
480,Caster_7_Fork__5.binvox,6,2,2.075831326,8865.384647,50
481,Caster_7_Fork__7.binvox,6,2,1.908914043,8706.851046,50
482,Caster_7_Fork__8.binvox,6,2,1.91757056,9042.001853,50
483,Caster_7_Nut__1.binvox,3,4,15.4448118,65124.96469,4
484,Caster_7_Nut__10.binvox,3,4,14.99525029,62913.48628,4
485,Caster_7_Nut__3.binvox,3,4,15.51313949,62759.20451,4
486,Caster_7_Nut__4.binvox,3,4,14.65065014,62715.35819,4
487,Caster_7_Nut__5.binvox,3,4,14.72271936,61782.72296,4
488,Caster_7_Nut__7.binvox,3,4,14.35742041,62817.9287,4
489,Caster_7_Nut__8.binvox,3,4,15.31592047,65374.62678,4
490,Caster_7_TopPlate__1.binvox,5,2,7.095709109,32293.64286,50
491,Caster_7_TopPlate__10.binvox,5,2,7.236025781,32895.21337,50
492,Caster_7_TopPlate__3.binvox,5,2,7.181941962,30821.39404,50
493,Caster_7_TopPlate__4.binvox,5,2,7.610288241,32196.74753,50
494,Caster_7_TopPlate__5.binvox,5,2,7.59563797,33126.79444,50
495,Caster_7_TopPlate__7.binvox,5,2,7.037993782,32042.6947,50
496,Caster_7_TopPlate__8.binvox,5,2,7.243454936,31419.73368,50
497,Caster_7_Wheel__1.binvox,5,2,2.64536709,5533.778623,160
498,Caster_7_Wheel__10.binvox,5,2,2.713958234,5517.866555,160
499,Caster_7_Wheel__3.binvox,5,2,2.615306703,5337.476135,160
500,Caster_7_Wheel__4.binvox,5,2,2.546694936,5627.602259,160
501,Caster_7_Wheel__5.binvox,5,2,2.672436278,5498.399895,160
502,Caster_7_Wheel__7.binvox,5,2,2.564705817,5438.380525,160
503,Caster_7_Wheel__8.binvox,5,2,2.660814502,5619.121163,160
504,Caster_8_Bolt__1.binvox,3,4,14.69188569,64383.67376,4
505,Caster_8_Bolt__10.binvox,3,4,14.85275594,65000.62166,4
506,Caster_8_Bolt__3.binvox,3,4,15.39276831,61865.20311,4
507,Caster_8_Bolt__4.binvox,3,4,14.36609812,67675.46597,4
508,Caster_8_Bolt__5.binvox,3,4,14.8198896,66797.94494,4
509,Caster_8_Bolt__7.binvox,3,4,14.60658607,64730.4653,4
510,Caster_8_Bolt__8.binvox,3,4,14.53197767,67293.62783,4
511,Caster_8_Fork__1.binvox,6,2,2.076701003,8634.464293,50
512,Caster_8_Fork__10.binvox,6,2,1.926589504,8717.72215,50
513,Caster_8_Fork__3.binvox,6,2,2.085763124,8981.661961,50
514,Caster_8_Fork__4.binvox,6,2,2.064540941,8889.352065,50
515,Caster_8_Fork__5.binvox,6,2,2.063665617,9053.147891,50
516,Caster_8_Fork__7.binvox,6,2,1.96346323,8629.881471,50
517,Caster_8_Fork__8.binvox,6,2,2.031930933,9034.023015,50
518,Caster_8_Nut__1.binvox,3,4,15.15703413,63580.95416,4
519,Caster_8_Nut__10.binvox,3,4,14.97825917,65173.07743,4
520,Caster_8_Nut__3.binvox,3,4,14.68906393,64843.30647,4
521,Caster_8_Nut__4.binvox,3,4,14.51895074,63068.5752,4
522,Caster_8_Nut__5.binvox,3,4,15.72174145,62490.86709,4
523,Caster_8_Nut__7.binvox,3,4,15.37624353,63591.51091,4
524,Caster_8_Nut__8.binvox,3,4,14.62763825,67413.85661,4
525,Caster_8_TopPlate__1.binvox,5,2,7.26520273,31447.62656,50
526,Caster_8_TopPlate__10.binvox,5,2,7.299358936,32520.94741,50
527,Caster_8_TopPlate__3.binvox,5,2,7.172489597,31125.62378,50
528,Caster_8_TopPlate__4.binvox,5,2,7.105823286,31492.51366,50
529,Caster_8_TopPlate__5.binvox,5,2,7.053963299,30314.70596,50
530,Caster_8_TopPlate__7.binvox,5,2,6.990249526,32450.39383,50
531,Caster_8_TopPlate__8.binvox,5,2,7.349888242,30604.87654,50
532,Caster_8_Wheel__1.binvox,5,2,2.59368834,5306.935287,160
533,Caster_8_Wheel__10.binvox,5,2,2.588587578,5211.614993,160
534,Caster_8_Wheel__3.binvox,5,2,2.758730982,5174.963741,160
535,Caster_8_Wheel__4.binvox,5,2,2.713884764,5374.850607,160
536,Caster_8_Wheel__5.binvox,5,2,2.586766667,5316.962869,160
537,Caster_8_Wheel__7.binvox,5,2,2.735036947,5319.952725,160
538,Caster_8_Wheel__8.binvox,5,2,2.728158356,5494.035453,160
539,Caster_9_Bolt__1.binvox,3,4,15.24558008,66572.40619,4
540,Caster_9_Bolt__10.binvox,3,4,14.86853751,63426.18473,4
541,Caster_9_Bolt__3.binvox,3,4,14.53913852,67137.91458,4
542,Caster_9_Bolt__4.binvox,3,4,15.41505531,62089.81098,4
543,Caster_9_Bolt__5.binvox,3,4,15.18988494,67742.17997,4
544,Caster_9_Bolt__7.binvox,3,4,14.51419519,67114.89828,4
545,Caster_9_Bolt__8.binvox,3,4,14.75537061,62888.85742,4
546,Caster_9_Fork__1.binvox,6,2,2.028378575,8418.221447,50
547,Caster_9_Fork__10.binvox,6,2,2.070056259,8539.080865,50
548,Caster_9_Fork__3.binvox,6,2,2.073990502,8225.551427,50
549,Caster_9_Fork__4.binvox,6,2,1.901695598,8731.351007,50
550,Caster_9_Fork__5.binvox,6,2,1.961081775,8303.130333,50
551,Caster_9_Fork__7.binvox,6,2,2.01696421,8883.382287,50
552,Caster_9_Fork__8.binvox,6,2,2.029955845,8770.469039,50
553,Caster_9_Nut__1.binvox,3,4,15.68148108,66229.09543,4
554,Caster_9_Nut__10.binvox,3,4,14.70209076,63980.04475,4
555,Caster_9_Nut__3.binvox,3,4,14.32984516,67066.27445,4
556,Caster_9_Nut__4.binvox,3,4,15.2689246,65400.39035,4
557,Caster_9_Nut__5.binvox,3,4,15.07660054,62256.29189,4
558,Caster_9_Nut__7.binvox,3,4,14.64501137,65069.78291,4
559,Caster_9_Nut__8.binvox,3,4,14.52117645,63494.21145,4
560,Caster_9_TopPlate__1.binvox,5,2,7.05214841,31410.23633,50
561,Caster_9_TopPlate__10.binvox,5,2,7.199783075,32071.04484,50
562,Caster_9_TopPlate__3.binvox,5,2,7.346759302,31542.74,50
563,Caster_9_TopPlate__4.binvox,5,2,7.476461952,31514.32205,50
564,Caster_9_TopPlate__5.binvox,5,2,7.248013978,30282.45925,50
565,Caster_9_TopPlate__7.binvox,5,2,7.551949067,31134.34222,50
566,Caster_9_TopPlate__8.binvox,5,2,7.483503418,32006.86904,50
567,Caster_9_Wheel__1.binvox,5,2,2.570957176,5266.87313,160
568,Caster_9_Wheel__10.binvox,5,2,2.583686586,5364.326211,160
569,Caster_9_Wheel__3.binvox,5,2,2.690783971,5358.385481,160
570,Caster_9_Wheel__4.binvox,5,2,2.764051927,5369.634956,160
571,Caster_9_Wheel__5.binvox,5,2,2.765155794,5539.523796,160
572,Caster_9_Wheel__7.binvox,5,2,2.769307816,5484.356664,160
573,Caster_9_Wheel__8.binvox,5,2,2.570710349,5680.727784,160
574,Clamp_10_Frame__1.binvox,5,2,7.216460303,28353.18727,80
575,Clamp_10_Pad__1.binvox,3,2,3.732853804,12134.18098,100
576,Clamp_10_PinScrew__1.binvox,3,2,15.53499786,61975.35521,4
577,Clamp_11_Frame__1.binvox,5,2,7.452282338,26861.65291,80
578,Clamp_11_Handle__1.binvox,3,2,3.544189138,13327.6844,80
579,Clamp_11_Pad__1.binvox,3,2,3.698681823,12246.82025,100
580,Clamp_11_PinScrew__1.binvox,3,2,14.75232673,66885.79803,4
581,Clamp_12_Frame__1.binvox,5,2,7.286737862,28699.52334,80
582,Clamp_12_Handle__1.binvox,3,2,3.644872029,14125.03176,80
583,Clamp_12_Pad__1.binvox,3,2,3.756909587,12097.2451,100
584,Clamp_12_PinScrew__1.binvox,3,2,15.49877972,64998.58043,4
585,Clamp_13_Frame__1.binvox,5,2,7.620283063,26474.25763,80
586,Clamp_13_Handle__1.binvox,3,2,3.729293199,14267.62556,80
587,Clamp_13_Pad__1.binvox,3,2,3.494737836,12368.80992,100
588,Clamp_13_PinScrew__1.binvox,3,2,15.63527657,62247.07994,4
589,Clamp_15_Frame__1.binvox,5,2,7.575479058,28752.16519,80
590,Clamp_15_Handle__1.binvox,3,2,3.736172038,13755.90201,80
591,Clamp_15_Pad__1.binvox,3,2,3.556080196,12988.78645,100
592,Clamp_15_PinScrew__1.binvox,3,2,15.55583766,67480.32887,4
593,Clamp_16_Frame__1.binvox,5,2,7.364440878,28400.71887,80
594,Clamp_16_Handle__1.binvox,3,2,3.597237048,13758.81911,80
595,Clamp_16_Pad__1.binvox,3,2,3.494292929,12254.02249,100
596,Clamp_16_PinScrew__1.binvox,3,2,15.27140381,67273.89382,4
597,Clamp_17_Frame__1.binvox,5,2,6.968201241,27389.49425,80
598,Clamp_17_Handle__1.binvox,3,2,3.531687297,13208.04912,80
599,Clamp_17_Pad__1.binvox,3,2,3.815976576,12887.26039,100
600,Clamp_17_PinScrew__1.binvox,3,2,15.43009488,65772.08201,4
601,Clamp_18_Frame__1.binvox,5,2,7.361173842,28517.28919,80
602,Clamp_18_Handle__1.binvox,3,2,3.710773405,14432.328,80
603,Clamp_18_Pad__1.binvox,3,2,3.736791359,12966.89922,100
604,Clamp_18_PinScrew__1.binvox,3,2,14.84700327,67769.4943,4
605,Clamp_1_Frame__2.binvox,5,2,7.206513585,27238.88211,80
606,Clamp_1_Frame__3.binvox,5,2,7.074630617,28595.20548,80
607,Clamp_1_Frame__4.binvox,5,2,7.426362333,28166.92972,80
608,Clamp_1_Frame__5.binvox,5,2,7.278387547,28572.31057,80
609,Clamp_1_Frame__7.binvox,5,2,7.423323925,28086.57519,80
610,Clamp_1_Frame__9.binvox,5,2,7.615961138,27946.88861,80
611,Clamp_1_Handle__2.binvox,3,2,3.71878767,13274.82836,80
612,Clamp_1_Handle__3.binvox,3,2,3.600382006,13274.89496,80
613,Clamp_1_Handle__4.binvox,3,2,3.494696772,13885.8474,80
614,Clamp_1_Handle__5.binvox,3,2,3.709569647,13834.18974,80
615,Clamp_1_Handle__7.binvox,3,2,3.753142464,14449.73551,80
616,Clamp_1_Handle__9.binvox,3,2,3.574036613,13940.70939,80
617,Clamp_1_Pad__2.binvox,3,2,3.711120587,12098.55661,100
618,Clamp_1_Pad__3.binvox,3,2,3.668803504,12729.63994,100
619,Clamp_1_Pad__4.binvox,3,2,3.723525264,12733.89346,100
620,Clamp_1_Pad__5.binvox,3,2,3.685357718,12893.93561,100
621,Clamp_1_Pad__7.binvox,3,2,3.775233432,12288.87169,100
622,Clamp_1_Pad__9.binvox,3,2,3.54117299,12158.01591,100
623,Clamp_1_PinScrew__2.binvox,3,2,14.53155035,65246.20057,4
624,Clamp_1_PinScrew__3.binvox,3,2,14.49516726,63831.75018,4
625,Clamp_1_PinScrew__4.binvox,3,2,14.80165354,64733.5813,4
626,Clamp_1_PinScrew__5.binvox,3,2,15.20311095,66710.52581,4
627,Clamp_1_PinScrew__7.binvox,3,2,14.82797365,66076.9603,4
628,Clamp_1_PinScrew__9.binvox,3,2,14.3057638,64296.51185,4
629,Clamp_20_Frame__1.binvox,5,2,7.31288332,28795.17282,80
630,Clamp_20_Handle__1.binvox,3,2,3.65974429,13509.35563,80
631,Clamp_20_Pad__1.binvox,3,2,3.489136776,12809.99918,100
632,Clamp_20_PinScrew__1.binvox,3,2,14.59300092,64422.91372,4
633,Clamp_2_Frame__2.binvox,5,2,7.447138885,27370.08783,80
634,Clamp_2_Frame__3.binvox,5,2,6.980653776,27990.46263,80
635,Clamp_2_Frame__4.binvox,5,2,7.540519971,27071.4552,80
636,Clamp_2_Frame__5.binvox,5,2,7.437699677,27498.61022,80
637,Clamp_2_Frame__7.binvox,5,2,7.523859516,28063.17495,80
638,Clamp_2_Frame__9.binvox,5,2,7.475674403,28164.44999,80
639,Clamp_2_Handle__2.binvox,3,2,3.713810516,13403.5937,80
640,Clamp_2_Handle__3.binvox,3,2,3.621210707,14026.91031,80
641,Clamp_2_Handle__4.binvox,3,2,3.83761918,13414.13842,80
642,Clamp_2_Handle__5.binvox,3,2,3.840103861,13335.11677,80
643,Clamp_2_Handle__7.binvox,3,2,3.672845904,13401.22556,80
644,Clamp_2_Handle__9.binvox,3,2,3.587186379,14277.1399,80
645,Clamp_2_Pad__2.binvox,3,2,3.824571248,12066.24486,100
646,Clamp_2_Pad__3.binvox,3,2,3.837144295,12789.00322,100
647,Clamp_2_Pad__4.binvox,3,2,3.690075297,13076.3565,100
648,Clamp_2_Pad__5.binvox,3,2,3.565951735,12159.96982,100
649,Clamp_2_Pad__7.binvox,3,2,3.712450805,12288.2049,100
650,Clamp_2_Pad__9.binvox,3,2,3.711927952,12046.40555,100
651,Clamp_2_PinScrew__2.binvox,3,2,14.75237619,64360.30411,4
652,Clamp_2_PinScrew__3.binvox,3,2,15.01619613,64739.0588,4
653,Clamp_2_PinScrew__4.binvox,3,2,14.3296871,65530.19879,4
654,Clamp_2_PinScrew__5.binvox,3,2,14.35648414,64814.05238,4
655,Clamp_2_PinScrew__7.binvox,3,2,14.3648328,63865.96526,4
656,Clamp_2_PinScrew__9.binvox,3,2,15.17187775,65547.87645,4
657,Clamp_3_Frame__2.binvox,5,2,7.351997443,27570.01134,80
658,Clamp_3_Frame__3.binvox,5,2,7.682835884,28064.92795,80
659,Clamp_3_Frame__4.binvox,5,2,6.983976248,27850.68845,80
660,Clamp_3_Frame__5.binvox,5,2,7.011430645,28123.5989,80
661,Clamp_3_Frame__7.binvox,5,2,7.639370663,28442.6286,80
662,Clamp_3_Frame__9.binvox,5,2,7.162800636,27723.04692,80
663,Clamp_3_Handle__2.binvox,3,2,3.671170314,14139.1581,80
664,Clamp_3_Handle__3.binvox,3,2,3.73087687,13531.28101,80
665,Clamp_3_Handle__4.binvox,3,2,3.653997649,14111.59748,80
666,Clamp_3_Handle__5.binvox,3,2,3.738866808,14421.22366,80
667,Clamp_3_Handle__7.binvox,3,2,3.673630878,13582.18651,80
668,Clamp_3_Handle__9.binvox,3,2,3.787724827,13517.10719,80
669,Clamp_3_Pad__2.binvox,3,2,3.635834394,11979.30051,100
670,Clamp_3_Pad__3.binvox,3,2,3.706939516,12563.50721,100
671,Clamp_3_Pad__4.binvox,3,2,3.763313841,12096.72417,100
672,Clamp_3_Pad__5.binvox,3,2,3.549129001,12770.88954,100
673,Clamp_3_Pad__7.binvox,3,2,3.561236437,12649.90642,100
674,Clamp_3_Pad__9.binvox,3,2,3.842876388,12323.47264,100
675,Clamp_3_PinScrew__2.binvox,3,2,15.51691824,65276.26098,4
676,Clamp_3_PinScrew__3.binvox,3,2,14.9450062,67133.12274,4
677,Clamp_3_PinScrew__4.binvox,3,2,14.54158967,66979.40985,4
678,Clamp_3_PinScrew__5.binvox,3,2,14.98669965,63638.2864,4
679,Clamp_3_PinScrew__7.binvox,3,2,14.90186321,63349.44593,4
680,Clamp_3_PinScrew__9.binvox,3,2,14.78206997,63634.49125,4
681,Clamp_4_Frame__2.binvox,5,2,7.348370173,28196.42812,80
682,Clamp_4_Frame__3.binvox,5,2,7.445132789,28365.28051,80
683,Clamp_4_Frame__4.binvox,5,2,7.661798796,28374.21759,80
684,Clamp_4_Frame__5.binvox,5,2,7.660077918,28072.00965,80
685,Clamp_4_Frame__7.binvox,5,2,7.404291041,26914.37237,80
686,Clamp_4_Frame__9.binvox,5,2,7.62715533,27331.88152,80
687,Clamp_4_PinScrew__2.binvox,3,2,15.48780135,62198.11384,4
688,Clamp_4_PinScrew__3.binvox,3,2,14.41914056,63558.58872,4
689,Clamp_4_PinScrew__4.binvox,3,2,14.43813784,63186.77216,4
690,Clamp_4_PinScrew__5.binvox,3,2,14.80608267,64322.65116,4
691,Clamp_4_PinScrew__7.binvox,3,2,15.07147444,66917.58434,4
692,Clamp_4_PinScrew__9.binvox,3,2,14.75065548,68024.04911,4
693,Clamp_5_Frame__2.binvox,5,2,7.220812774,26670.04957,80
694,Clamp_5_Frame__3.binvox,5,2,7.523463388,26489.71173,80
695,Clamp_5_Frame__4.binvox,5,2,7.208907757,28277.94749,80
696,Clamp_5_Frame__5.binvox,5,2,6.973167791,26433.71374,80
697,Clamp_5_Frame__7.binvox,5,2,7.259884438,26906.37419,80
698,Clamp_5_Frame__9.binvox,5,2,6.959276498,27076.62066,80
699,Clamp_5_Handle__2.binvox,3,2,3.487464825,14382.98067,80
700,Clamp_5_Handle__3.binvox,3,2,3.605394384,14433.30425,80
701,Clamp_5_Handle__4.binvox,3,2,3.759139458,13284.04915,80
702,Clamp_5_Handle__5.binvox,3,2,3.8367807,14510.33587,80
703,Clamp_5_Handle__7.binvox,3,2,3.616223262,13498.99993,80
704,Clamp_5_Handle__9.binvox,3,2,3.724315684,14096.59311,80
705,Clamp_5_Pad__2.binvox,3,2,3.661474272,12245.27823,100
706,Clamp_5_Pad__3.binvox,3,2,3.691914353,13108.31381,100
707,Clamp_5_Pad__4.binvox,3,2,3.502335103,12359.35717,100
708,Clamp_5_Pad__5.binvox,3,2,3.635175324,12518.72659,100
709,Clamp_5_Pad__7.binvox,3,2,3.816270801,12196.92269,100
710,Clamp_5_Pad__9.binvox,3,2,3.71277626,13016.84127,100
711,Clamp_5_PinScrew__2.binvox,3,2,14.47756047,63097.85207,4
712,Clamp_5_PinScrew__3.binvox,3,2,15.48121964,67753.81603,4
713,Clamp_5_PinScrew__4.binvox,3,2,14.73194132,63274.90409,4
714,Clamp_5_PinScrew__5.binvox,3,2,14.50015859,67819.73324,4
715,Clamp_5_PinScrew__7.binvox,3,2,15.39628564,65087.20483,4
716,Clamp_5_PinScrew__9.binvox,3,2,14.82753931,66991.72349,4
717,Clamp_6_Frame__1.binvox,5,2,7.152137046,26979.44821,80
718,Clamp_6_Pad__1.binvox,3,2,3.795742771,12943.23321,100
719,Clamp_6_PinScrew__1.binvox,3,2,15.10995075,64005.77598,4
720,Clamp_7_Frame__1.binvox,5,2,7.644972244,26722.35566,80
721,Clamp_7_PinScrew__1.binvox,3,2,15.21934069,64697.34446,4
722,Clamp_8_Frame__1.binvox,5,2,7.591992571,28111.74813,80
723,Clamp_8_Handle__1.binvox,3,2,3.561759696,14358.81679,80
724,Clamp_8_Pad__1.binvox,3,2,3.627923514,12790.69462,100
725,Clamp_8_PinScrew__1.binvox,3,2,14.54358871,67391.75121,4
726,Hinge_10_LeafLeft__1.binvox,6,2,3.685104366,14276.24105,80
727,Hinge_10_LeafLeft__10.binvox,6,2,3.72260548,13422.11796,80
728,Hinge_10_LeafLeft__3.binvox,6,2,3.765816654,13935.84116,80
729,Hinge_10_LeafLeft__4.binvox,6,2,3.738844291,14107.15909,80
730,Hinge_10_LeafLeft__5.binvox,6,2,3.829652748,14245.90693,80
731,Hinge_10_LeafLeft__7.binvox,6,2,3.656556467,13244.43199,80
732,Hinge_10_LeafLeft__8.binvox,6,2,3.752794787,14426.2762,80
733,Hinge_10_LeafRight__1.binvox,6,2,3.554600888,13417.22477,80
734,Hinge_10_LeafRight__10.binvox,6,2,3.745371868,14417.615,80
735,Hinge_10_LeafRight__3.binvox,6,2,3.833361941,13593.55142,80
736,Hinge_10_LeafRight__4.binvox,6,2,3.532405044,13554.95162,80
737,Hinge_10_LeafRight__5.binvox,6,2,3.673506232,13873.63691,80
738,Hinge_10_LeafRight__7.binvox,6,2,3.782219957,13844.7412,80
739,Hinge_10_LeafRight__8.binvox,6,2,3.590817562,13632.53805,80
740,Hinge_10_Pin__1.binvox,3,2,1.939066087,7689.706876,80
741,Hinge_10_Pin__10.binvox,3,2,2.01457122,7871.487565,80
742,Hinge_10_Pin__3.binvox,3,2,2.090418935,7225.416794,80
743,Hinge_10_Pin__4.binvox,3,2,1.988614988,7906.272348,80
744,Hinge_10_Pin__5.binvox,3,2,2.010195907,7528.352541,80
745,Hinge_10_Pin__7.binvox,3,2,2.016256769,7742.158402,80
746,Hinge_10_Pin__8.binvox,3,2,2.02158054,7189.812922,80
747,Hinge_1_LeafLeft__1.binvox,6,2,3.687069941,13511.2052,80
748,Hinge_1_LeafLeft__10.binvox,6,2,3.737775826,13529.06611,80
749,Hinge_1_LeafLeft__3.binvox,6,2,3.650563655,14451.32259,80
750,Hinge_1_LeafLeft__4.binvox,6,2,3.836886482,13405.87624,80
751,Hinge_1_LeafLeft__5.binvox,6,2,3.533496547,13667.66744,80
752,Hinge_1_LeafLeft__7.binvox,6,2,3.618743454,13484.49522,80
753,Hinge_1_LeafLeft__8.binvox,6,2,3.790829208,13579.10727,80
754,Hinge_1_LeafRight__1.binvox,6,2,3.518874916,13238.56431,80
755,Hinge_1_LeafRight__10.binvox,6,2,3.78693596,14050.60335,80
756,Hinge_1_LeafRight__3.binvox,6,2,3.615032314,13486.65517,80
757,Hinge_1_LeafRight__4.binvox,6,2,3.809089807,13511.46469,80
758,Hinge_1_LeafRight__5.binvox,6,2,3.538756951,13317.57301,80
759,Hinge_1_LeafRight__7.binvox,6,2,3.577395711,13398.85604,80
760,Hinge_1_LeafRight__8.binvox,6,2,3.546063377,13760.03288,80
761,Hinge_1_Pin__1.binvox,3,2,1.94753046,7470.86312,80
762,Hinge_1_Pin__10.binvox,3,2,2.041144028,7802.266413,80
763,Hinge_1_Pin__3.binvox,3,2,2.031883242,7495.692528,80
764,Hinge_1_Pin__4.binvox,3,2,2.03579679,7251.622881,80
765,Hinge_1_Pin__5.binvox,3,2,2.055544222,7717.850872,80
766,Hinge_1_Pin__7.binvox,3,2,1.98899316,7193.858212,80
767,Hinge_1_Pin__8.binvox,3,2,1.918109711,7822.871319,80
768,Hinge_2_LeafLeft__1.binvox,6,2,3.710774533,13285.91102,80
769,Hinge_2_LeafLeft__10.binvox,6,2,3.706683661,13526.68482,80
770,Hinge_2_LeafLeft__3.binvox,6,2,3.720231158,13202.63816,80
771,Hinge_2_LeafLeft__4.binvox,6,2,3.793795656,14319.19933,80
772,Hinge_2_LeafLeft__5.binvox,6,2,3.600161216,13614.97748,80
773,Hinge_2_LeafLeft__7.binvox,6,2,3.621713992,13541.16843,80
774,Hinge_2_LeafLeft__8.binvox,6,2,3.820140594,14492.66366,80
775,Hinge_2_LeafRight__1.binvox,6,2,3.665874776,13471.29715,80
776,Hinge_2_LeafRight__10.binvox,6,2,3.477182769,14459.85624,80
777,Hinge_2_LeafRight__3.binvox,6,2,3.479850511,13320.37549,80
778,Hinge_2_LeafRight__4.binvox,6,2,3.504512198,14066.55415,80
779,Hinge_2_LeafRight__5.binvox,6,2,3.637886167,14465.12248,80
780,Hinge_2_LeafRight__7.binvox,6,2,3.603573168,13862.42345,80
781,Hinge_2_LeafRight__8.binvox,6,2,3.697968779,14011.36701,80
782,Hinge_2_Pin__1.binvox,3,2,2.036784009,7379.569963,80
783,Hinge_2_Pin__10.binvox,3,2,1.961622157,7339.025362,80
784,Hinge_2_Pin__3.binvox,3,2,2.024020402,7353.428087,80
785,Hinge_2_Pin__4.binvox,3,2,1.929103504,7786.593269,80
786,Hinge_2_Pin__5.binvox,3,2,2.081146992,7657.880624,80
787,Hinge_2_Pin__7.binvox,3,2,2.025057386,7772.85184,80
788,Hinge_2_Pin__8.binvox,3,2,2.047689335,7745.978358,80
789,Hinge_3_LeafLeft__1.binvox,6,2,3.825271062,14392.80426,80
790,Hinge_3_LeafLeft__10.binvox,6,2,3.814891892,13807.12105,80
791,Hinge_3_LeafLeft__3.binvox,6,2,3.550903236,13268.49576,80
792,Hinge_3_LeafLeft__4.binvox,6,2,3.829556718,13598.55093,80
793,Hinge_3_LeafLeft__5.binvox,6,2,3.556983185,13468.03514,80
794,Hinge_3_LeafLeft__7.binvox,6,2,3.790158238,13606.59464,80
795,Hinge_3_LeafLeft__8.binvox,6,2,3.811091331,14457.53207,80
796,Hinge_3_LeafRight__1.binvox,6,2,3.773715857,13532.60488,80
797,Hinge_3_LeafRight__10.binvox,6,2,3.590186915,13361.60098,80
798,Hinge_3_LeafRight__3.binvox,6,2,3.826187323,13681.86781,80
799,Hinge_3_LeafRight__4.binvox,6,2,3.797309704,14028.12667,80
800,Hinge_3_LeafRight__5.binvox,6,2,3.513745722,14412.86547,80
801,Hinge_3_LeafRight__7.binvox,6,2,3.794864955,13633.18561,80
802,Hinge_3_LeafRight__8.binvox,6,2,3.55014153,14445.77284,80
803,Hinge_3_Pin__1.binvox,3,2,1.931488733,7492.988347,80
804,Hinge_3_Pin__10.binvox,3,2,1.951373418,7808.202051,80
805,Hinge_3_Pin__3.binvox,3,2,2.047349518,7288.014934,80
806,Hinge_3_Pin__4.binvox,3,2,1.901922055,7889.415803,80
807,Hinge_3_Pin__5.binvox,3,2,2.063557506,7899.728304,80
808,Hinge_3_Pin__7.binvox,3,2,1.923646753,7493.344751,80
809,Hinge_3_Pin__8.binvox,3,2,2.013219132,7495.42704,80
810,Hinge_4_LeafLeft__1.binvox,6,2,3.733319923,13218.29229,80
811,Hinge_4_LeafLeft__10.binvox,6,2,3.776835274,14191.98223,80
812,Hinge_4_LeafLeft__3.binvox,6,2,3.78633631,14165.86781,80
813,Hinge_4_LeafLeft__4.binvox,6,2,3.617144506,13474.8346,80
814,Hinge_4_LeafLeft__5.binvox,6,2,3.556365861,14075.66717,80
815,Hinge_4_LeafLeft__7.binvox,6,2,3.675048971,14092.19467,80
816,Hinge_4_LeafLeft__8.binvox,6,2,3.803540413,13504.82734,80
817,Hinge_4_LeafRight__1.binvox,6,2,3.590682389,13935.15689,80
818,Hinge_4_LeafRight__10.binvox,6,2,3.758852034,13218.22151,80
819,Hinge_4_LeafRight__3.binvox,6,2,3.760128413,13836.31857,80
820,Hinge_4_LeafRight__4.binvox,6,2,3.589770119,13758.47755,80
821,Hinge_4_LeafRight__5.binvox,6,2,3.478656182,13478.25551,80
822,Hinge_4_LeafRight__7.binvox,6,2,3.682725904,13458.52787,80
823,Hinge_4_LeafRight__8.binvox,6,2,3.564613306,14120.42228,80
824,Hinge_4_Pin__1.binvox,3,2,2.014936929,7481.330611,80
825,Hinge_4_Pin__10.binvox,3,2,2.022766587,7474.952416,80
826,Hinge_4_Pin__3.binvox,3,2,1.929640363,7659.660995,80
827,Hinge_4_Pin__4.binvox,3,2,1.993822816,7352.002187,80
828,Hinge_4_Pin__5.binvox,3,2,2.05787804,7680.69443,80
829,Hinge_4_Pin__7.binvox,3,2,2.036258918,7257.089348,80
830,Hinge_4_Pin__8.binvox,3,2,1.967674229,7644.873115,80
831,Hinge_5_LeafLeft__1.binvox,6,2,3.784940716,13437.23833,80
832,Hinge_5_LeafLeft__10.binvox,6,2,3.732956484,14440.49114,80
833,Hinge_5_LeafLeft__3.binvox,6,2,3.503003525,14036.44854,80
834,Hinge_5_LeafLeft__4.binvox,6,2,3.626387775,13687.27461,80
835,Hinge_5_LeafLeft__5.binvox,6,2,3.8100069,14487.96886,80
836,Hinge_5_LeafLeft__7.binvox,6,2,3.514629714,14501.66374,80
837,Hinge_5_LeafLeft__8.binvox,6,2,3.511435383,13255.32574,80
838,Hinge_5_LeafRight__1.binvox,6,2,3.648308749,13296.60587,80
839,Hinge_5_LeafRight__10.binvox,6,2,3.656542118,13961.69296,80
840,Hinge_5_LeafRight__3.binvox,6,2,3.543950344,13160.42013,80
841,Hinge_5_LeafRight__4.binvox,6,2,3.822666307,13234.84474,80
842,Hinge_5_LeafRight__5.binvox,6,2,3.80568243,13446.26761,80
843,Hinge_5_LeafRight__7.binvox,6,2,3.598254834,13440.65311,80
844,Hinge_5_LeafRight__8.binvox,6,2,3.519683207,13521.14978,80
845,Hinge_5_Pin__1.binvox,3,2,1.923631707,7446.889368,80
846,Hinge_5_Pin__10.binvox,3,2,1.913031124,7706.981161,80
847,Hinge_5_Pin__3.binvox,3,2,1.984040394,7586.141605,80
848,Hinge_5_Pin__4.binvox,3,2,2.034891072,7396.749357,80
849,Hinge_5_Pin__5.binvox,3,2,1.914688797,7644.607724,80
850,Hinge_5_Pin__7.binvox,3,2,2.098090421,7294.153862,80
851,Hinge_5_Pin__8.binvox,3,2,1.948194267,7417.311706,80
852,Hinge_6_LeafLeft__1.binvox,6,2,3.699590508,13855.79007,80
853,Hinge_6_LeafLeft__10.binvox,6,2,3.494702145,14460.98015,80
854,Hinge_6_LeafLeft__3.binvox,6,2,3.63845168,13898.25004,80
855,Hinge_6_LeafLeft__4.binvox,6,2,3.719665138,13338.71804,80
856,Hinge_6_LeafLeft__5.binvox,6,2,3.519783713,14235.30407,80
857,Hinge_6_LeafLeft__7.binvox,6,2,3.599771886,14083.38991,80
858,Hinge_6_LeafLeft__8.binvox,6,2,3.717176093,14282.34858,80
859,Hinge_6_LeafRight__1.binvox,6,2,3.514910855,14273.2745,80
860,Hinge_6_LeafRight__10.binvox,6,2,3.579996115,13483.54448,80
861,Hinge_6_LeafRight__3.binvox,6,2,3.746205169,13480.27952,80
862,Hinge_6_LeafRight__4.binvox,6,2,3.566144497,13738.78317,80
863,Hinge_6_LeafRight__5.binvox,6,2,3.639808193,13461.90459,80
864,Hinge_6_LeafRight__7.binvox,6,2,3.50405765,13999.87966,80
865,Hinge_6_LeafRight__8.binvox,6,2,3.8100145,13780.85846,80
866,Hinge_6_Pin__1.binvox,3,2,1.938443466,7693.23804,80
867,Hinge_6_Pin__10.binvox,3,2,1.996972117,7800.071093,80
868,Hinge_6_Pin__3.binvox,3,2,2.09221753,7415.790624,80
869,Hinge_6_Pin__4.binvox,3,2,2.046238101,7279.893013,80
870,Hinge_6_Pin__5.binvox,3,2,1.972329338,7584.559734,80
871,Hinge_6_Pin__7.binvox,3,2,2.052370556,7850.435731,80
872,Hinge_6_Pin__8.binvox,3,2,1.95449804,7189.391678,80
873,Hinge_7_LeafLeft__1.binvox,6,2,3.620266587,13659.34303,80
874,Hinge_7_LeafLeft__10.binvox,6,2,3.64864922,14455.26144,80
875,Hinge_7_LeafLeft__3.binvox,6,2,3.806475704,13629.13397,80
876,Hinge_7_LeafLeft__4.binvox,6,2,3.829764166,13263.20158,80
877,Hinge_7_LeafLeft__5.binvox,6,2,3.508877217,14396.75877,80
878,Hinge_7_LeafLeft__7.binvox,6,2,3.553973205,13363.71972,80
879,Hinge_7_LeafLeft__8.binvox,6,2,3.660359241,13965.91533,80
880,Hinge_7_LeafRight__1.binvox,6,2,3.609788427,13630.55451,80
881,Hinge_7_LeafRight__10.binvox,6,2,3.51087002,13716.4153,80
882,Hinge_7_LeafRight__3.binvox,6,2,3.557184686,14382.09888,80
883,Hinge_7_LeafRight__4.binvox,6,2,3.796663178,13620.99158,80
884,Hinge_7_LeafRight__5.binvox,6,2,3.702121078,14018.41313,80
885,Hinge_7_LeafRight__7.binvox,6,2,3.555395363,13703.48914,80
886,Hinge_7_LeafRight__8.binvox,6,2,3.481194103,14505.78906,80
887,Hinge_7_Pin__1.binvox,3,2,2.074798098,7427.943864,80
888,Hinge_7_Pin__10.binvox,3,2,1.903897296,7807.07412,80
889,Hinge_7_Pin__3.binvox,3,2,2.032967993,7341.846371,80
890,Hinge_7_Pin__4.binvox,3,2,2.032670746,7626.153543,80
891,Hinge_7_Pin__5.binvox,3,2,1.995862794,7241.811796,80
892,Hinge_7_Pin__7.binvox,3,2,1.940504835,7831.119222,80
893,Hinge_7_Pin__8.binvox,3,2,2.050808085,7217.634337,80
894,Hinge_8_LeafLeft__1.binvox,6,2,3.625416088,13926.76338,80
895,Hinge_8_LeafLeft__10.binvox,6,2,3.839154532,13241.31017,80
896,Hinge_8_LeafLeft__3.binvox,6,2,3.547146268,14062.40107,80
897,Hinge_8_LeafLeft__4.binvox,6,2,3.770544209,13629.25635,80
898,Hinge_8_LeafLeft__5.binvox,6,2,3.477325686,13874.00132,80
899,Hinge_8_LeafLeft__7.binvox,6,2,3.53537716,13176.64121,80
900,Hinge_8_LeafLeft__8.binvox,6,2,3.600724762,14121.9274,80
901,Hinge_8_LeafRight__1.binvox,6,2,3.74064559,13689.49897,80
902,Hinge_8_LeafRight__10.binvox,6,2,3.572214692,13831.2064,80
903,Hinge_8_LeafRight__3.binvox,6,2,3.593590375,14227.70959,80
904,Hinge_8_LeafRight__4.binvox,6,2,3.578211957,13337.07951,80
905,Hinge_8_LeafRight__5.binvox,6,2,3.694547829,13723.58248,80
906,Hinge_8_LeafRight__7.binvox,6,2,3.779071602,13927.73132,80
907,Hinge_8_LeafRight__8.binvox,6,2,3.660426908,14062.75445,80
908,Hinge_8_Pin__1.binvox,3,2,1.980062394,7752.118032,80
909,Hinge_8_Pin__10.binvox,3,2,2.043389166,7647.792509,80
910,Hinge_8_Pin__3.binvox,3,2,2.095755741,7235.996356,80
911,Hinge_8_Pin__4.binvox,3,2,1.934862929,7855.070526,80
912,Hinge_8_Pin__5.binvox,3,2,1.973886214,7838.550507,80
913,Hinge_8_Pin__7.binvox,3,2,1.939246007,7538.462319,80
914,Hinge_8_Pin__8.binvox,3,2,2.032379069,7266.296706,80
915,Hinge_9_LeafLeft__1.binvox,6,2,3.669161884,13868.82791,80
916,Hinge_9_LeafLeft__10.binvox,6,2,3.790021395,13473.43542,80
917,Hinge_9_LeafLeft__3.binvox,6,2,3.694706229,13612.73562,80
918,Hinge_9_LeafLeft__4.binvox,6,2,3.553482128,13626.95289,80
919,Hinge_9_LeafLeft__5.binvox,6,2,3.713726904,14102.42339,80
920,Hinge_9_LeafLeft__7.binvox,6,2,3.627376208,13407.70902,80
921,Hinge_9_LeafLeft__8.binvox,6,2,3.793964136,13776.15338,80
922,Hinge_9_LeafRight__1.binvox,6,2,3.776057374,13518.39161,80
923,Hinge_9_LeafRight__10.binvox,6,2,3.544226758,13951.91987,80
924,Hinge_9_LeafRight__3.binvox,6,2,3.744980126,13977.85995,80
925,Hinge_9_LeafRight__4.binvox,6,2,3.679450611,14450.9884,80
926,Hinge_9_LeafRight__5.binvox,6,2,3.829601827,13812.03162,80
927,Hinge_9_LeafRight__7.binvox,6,2,3.748676086,13213.07394,80
928,Hinge_9_LeafRight__8.binvox,6,2,3.680463304,13544.19693,80
929,Hinge_9_Pin__1.binvox,3,2,2.015237609,7928.233892,80
930,Hinge_9_Pin__10.binvox,3,2,1.99581177,7475.804748,80
931,Hinge_9_Pin__3.binvox,3,2,1.900430884,7719.734943,80
932,Hinge_9_Pin__4.binvox,3,2,1.905566879,7390.853307,80
933,Hinge_9_Pin__5.binvox,3,2,2.009103772,7861.163505,80
934,Hinge_9_Pin__7.binvox,3,2,1.941762079,7562.588732,80
935,Hinge_9_Pin__8.binvox,3,2,2.009413086,7241.837623,80
936,Latch_10_BottomPlate__1.binvox,6,2,3.680063143,13385.79973,80
937,Latch_10_BottomPlate__10.binvox,6,2,3.816798129,13399.06106,80
938,Latch_10_BottomPlate__3.binvox,6,2,3.811792739,14183.0614,80
939,Latch_10_BottomPlate__4.binvox,6,2,3.812016477,13182.3883,80
940,Latch_10_BottomPlate__5.binvox,6,2,3.712741128,13207.25321,80
941,Latch_10_BottomPlate__7.binvox,6,2,3.745562467,13790.25254,80
942,Latch_10_BottomPlate__8.binvox,6,2,3.826727132,14138.99936,80
943,Latch_10_BuckledRing__1.binvox,6,2,2.008195827,7377.033842,80
944,Latch_10_BuckledRing__10.binvox,6,2,1.996778028,7506.292831,80
945,Latch_10_BuckledRing__3.binvox,6,2,1.994896768,7798.465552,80
946,Latch_10_BuckledRing__4.binvox,6,2,2.066439383,7205.711996,80
947,Latch_10_BuckledRing__5.binvox,6,2,2.03937201,7251.891049,80
948,Latch_10_BuckledRing__7.binvox,6,2,2.085258896,7634.269576,80
949,Latch_10_BuckledRing__8.binvox,6,2,1.997302897,7713.00557,80
950,Latch_10_ControlPanel__1.binvox,6,2,3.597602604,13521.35624,80
951,Latch_10_ControlPanel__10.binvox,6,2,3.558564824,14518.51706,80
952,Latch_10_ControlPanel__3.binvox,6,2,3.64239186,14145.53343,80
953,Latch_10_ControlPanel__4.binvox,6,2,3.741550362,13893.61008,80
954,Latch_10_ControlPanel__5.binvox,6,2,3.554385721,14365.48903,80
955,Latch_10_ControlPanel__7.binvox,6,2,3.621038022,13518.16251,80
956,Latch_10_ControlPanel__8.binvox,6,2,3.547484313,14074.37699,80
957,Latch_10_Rivet__1.binvox,3,2,3.141035669,11577.29947,80
958,Latch_10_Rivet__10.binvox,3,2,3.094048325,11451.83983,80
959,Latch_10_Rivet__3.binvox,3,2,2.970027834,11850.25657,80
960,Latch_10_Rivet__4.binvox,3,2,3.115444261,11419.13425,80
961,Latch_10_Rivet__5.binvox,3,2,2.873216889,11751.74365,80
962,Latch_10_Rivet__7.binvox,3,2,2.870081889,10959.58801,80
963,Latch_10_Rivet__8.binvox,3,2,3.028196687,11445.78837,80
964,Latch_10_StrikePlate__1.binvox,6,2,3.510663252,14481.07463,80
965,Latch_10_StrikePlate__10.binvox,6,2,3.718778214,13931.5143,80
966,Latch_10_StrikePlate__3.binvox,6,2,3.735738268,13619.83762,80
967,Latch_10_StrikePlate__4.binvox,6,2,3.742597761,13310.64401,80
968,Latch_10_StrikePlate__5.binvox,6,2,3.560273166,14224.489,80
969,Latch_10_StrikePlate__7.binvox,6,2,3.643261665,13485.20109,80
970,Latch_10_StrikePlate__8.binvox,6,2,3.807419094,13517.84637,80
971,Latch_1_BottomPlate__1.binvox,6,2,3.510121288,13781.49908,80
972,Latch_1_BottomPlate__10.binvox,6,2,3.479374991,14171.92897,80
973,Latch_1_BottomPlate__3.binvox,6,2,3.502213526,13628.26028,80
974,Latch_1_BottomPlate__4.binvox,6,2,3.566157963,13920.00015,80
975,Latch_1_BottomPlate__5.binvox,6,2,3.519102799,14376.57673,80
976,Latch_1_BottomPlate__7.binvox,6,2,3.735013776,13421.87618,80
977,Latch_1_BottomPlate__8.binvox,6,2,3.522644897,14192.91246,80
978,Latch_1_BuckledRing__1.binvox,6,2,2.035743979,7659.723003,80
979,Latch_1_BuckledRing__10.binvox,6,2,2.091071603,7633.797304,80
980,Latch_1_BuckledRing__3.binvox,6,2,1.973757951,7819.330823,80
981,Latch_1_BuckledRing__4.binvox,6,2,1.951478845,7760.766692,80
982,Latch_1_BuckledRing__5.binvox,6,2,2.065441445,7491.383433,80
983,Latch_1_BuckledRing__7.binvox,6,2,2.005107867,7811.17259,80
984,Latch_1_BuckledRing__8.binvox,6,2,2.079021529,7371.781586,80
985,Latch_1_ControlPanel__1.binvox,6,2,3.606093684,14266.69669,80
986,Latch_1_ControlPanel__10.binvox,6,2,3.679234125,13500.89352,80
987,Latch_1_ControlPanel__3.binvox,6,2,3.770804679,14228.32454,80
988,Latch_1_ControlPanel__4.binvox,6,2,3.665664522,13571.78443,80
989,Latch_1_ControlPanel__5.binvox,6,2,3.664909549,13906.63958,80
990,Latch_1_ControlPanel__7.binvox,6,2,3.648993113,14369.20285,80
991,Latch_1_ControlPanel__8.binvox,6,2,3.687554472,13901.99224,80
992,Latch_1_Rivet__1.binvox,3,2,3.055092027,11804.90188,80
993,Latch_1_Rivet__10.binvox,3,2,3.026415944,11419.79043,80
994,Latch_1_Rivet__3.binvox,3,2,2.997588024,11168.57106,80
995,Latch_1_Rivet__4.binvox,3,2,2.876343283,11098.32353,80
996,Latch_1_Rivet__5.binvox,3,2,3.013239739,11763.69223,80
997,Latch_1_Rivet__7.binvox,3,2,3.091154111,11205.95707,80
998,Latch_1_Rivet__8.binvox,3,2,2.865077418,11151.80835,80
999,Latch_1_StrikePlate__1.binvox,6,2,3.784725804,13826.68895,80
1000,Latch_1_StrikePlate__10.binvox,6,2,3.738471749,14426.93528,80
1001,Latch_1_StrikePlate__3.binvox,6,2,3.565022124,14280.43064,80
1002,Latch_1_StrikePlate__4.binvox,6,2,3.832726877,13738.30476,80
1003,Latch_1_StrikePlate__5.binvox,6,2,3.803234928,13900.99789,80
1004,Latch_1_StrikePlate__7.binvox,6,2,3.729245178,13171.96338,80
1005,Latch_1_StrikePlate__8.binvox,6,2,3.757712461,13294.96308,80
1006,Latch_2_BottomPlate__1.binvox,6,2,3.729371109,14106.31687,80
1007,Latch_2_BottomPlate__10.binvox,6,2,3.500822725,13518.33673,80
1008,Latch_2_BottomPlate__3.binvox,6,2,3.747058555,13620.00537,80
1009,Latch_2_BottomPlate__4.binvox,6,2,3.486086383,13934.6853,80
1010,Latch_2_BottomPlate__5.binvox,6,2,3.553503657,14051.0986,80
1011,Latch_2_BottomPlate__7.binvox,6,2,3.710544839,13580.00282,80
1012,Latch_2_BottomPlate__8.binvox,6,2,3.483489156,14306.06005,80
1013,Latch_2_BuckledRing__1.binvox,6,2,2.0692715,7410.35614,80
1014,Latch_2_BuckledRing__10.binvox,6,2,1.921897379,7562.398505,80
1015,Latch_2_BuckledRing__3.binvox,6,2,2.001155868,7849.31123,80
1016,Latch_2_BuckledRing__4.binvox,6,2,2.02856798,7194.540445,80
1017,Latch_2_BuckledRing__5.binvox,6,2,1.901464686,7819.549015,80
1018,Latch_2_BuckledRing__7.binvox,6,2,1.936825032,7771.738268,80
1019,Latch_2_BuckledRing__8.binvox,6,2,2.066241758,7927.59739,80
1020,Latch_2_ControlPanel__1.binvox,6,2,3.712999507,13374.18807,80
1021,Latch_2_ControlPanel__10.binvox,6,2,3.586291048,14167.92787,80
1022,Latch_2_ControlPanel__3.binvox,6,2,3.776711897,13373.73611,80
1023,Latch_2_ControlPanel__4.binvox,6,2,3.676144899,13958.90971,80
1024,Latch_2_ControlPanel__5.binvox,6,2,3.489534514,14310.89744,80
1025,Latch_2_ControlPanel__7.binvox,6,2,3.53874129,14372.76674,80
1026,Latch_2_ControlPanel__8.binvox,6,2,3.707428113,13345.08353,80
1027,Latch_2_Rivet__1.binvox,3,2,2.944894952,11424.36818,80
1028,Latch_2_Rivet__10.binvox,3,2,2.874193386,11411.50328,80
1029,Latch_2_Rivet__3.binvox,3,2,2.877378376,11175.88196,80
1030,Latch_2_Rivet__4.binvox,3,2,3.06300561,10831.60752,80
1031,Latch_2_Rivet__5.binvox,3,2,2.890085026,11831.64312,80
1032,Latch_2_Rivet__7.binvox,3,2,2.908226588,11078.09453,80
1033,Latch_2_Rivet__8.binvox,3,2,3.135286386,11734.56189,80
1034,Latch_2_StrikePlate__1.binvox,6,2,3.688814234,14347.37633,80
1035,Latch_2_StrikePlate__10.binvox,6,2,3.61574566,14154.47785,80
1036,Latch_2_StrikePlate__3.binvox,6,2,3.579757088,13708.12879,80
1037,Latch_2_StrikePlate__4.binvox,6,2,3.839629265,13432.26001,80
1038,Latch_2_StrikePlate__5.binvox,6,2,3.821255531,13563.31549,80
1039,Latch_2_StrikePlate__7.binvox,6,2,3.784979645,14007.81983,80
1040,Latch_2_StrikePlate__8.binvox,6,2,3.686971096,14039.73214,80
1041,Latch_3_BottomPlate__1.binvox,6,2,3.802922442,13986.94118,80
1042,Latch_3_BottomPlate__10.binvox,6,2,3.819993002,13368.74664,80
1043,Latch_3_BottomPlate__3.binvox,6,2,3.632441388,13395.74743,80
1044,Latch_3_BottomPlate__4.binvox,6,2,3.723778898,13707.44747,80
1045,Latch_3_BottomPlate__5.binvox,6,2,3.760553585,13784.1095,80
1046,Latch_3_BottomPlate__7.binvox,6,2,3.539696451,14281.39714,80
1047,Latch_3_BottomPlate__8.binvox,6,2,3.836345288,13540.61697,80
1048,Latch_3_BuckledRing__1.binvox,6,2,1.946709864,7728.263143,80
1049,Latch_3_BuckledRing__10.binvox,6,2,2.051474575,7694.554737,80
1050,Latch_3_BuckledRing__3.binvox,6,2,1.939019052,7295.034155,80
1051,Latch_3_BuckledRing__4.binvox,6,2,1.90411968,7493.678012,80
1052,Latch_3_BuckledRing__5.binvox,6,2,2.090746873,7431.223669,80
1053,Latch_3_BuckledRing__7.binvox,6,2,1.956893108,7667.773231,80
1054,Latch_3_BuckledRing__8.binvox,6,2,1.96239273,7315.288526,80
1055,Latch_3_ControlPanel__1.binvox,6,2,3.787506661,14169.31513,80
1056,Latch_3_ControlPanel__10.binvox,6,2,3.770762869,13910.68305,80
1057,Latch_3_ControlPanel__3.binvox,6,2,3.566963966,13496.21329,80
1058,Latch_3_ControlPanel__4.binvox,6,2,3.671175352,14009.49435,80
1059,Latch_3_ControlPanel__5.binvox,6,2,3.739620975,14172.25869,80
1060,Latch_3_ControlPanel__7.binvox,6,2,3.631716762,14428.35407,80
1061,Latch_3_ControlPanel__8.binvox,6,2,3.692673943,14158.05196,80
1062,Latch_3_Rivet__1.binvox,3,2,3.118939648,10796.15386,80
1063,Latch_3_Rivet__10.binvox,3,2,2.917787107,11588.53598,80
1064,Latch_3_Rivet__3.binvox,3,2,2.97422277,11526.16068,80
1065,Latch_3_Rivet__4.binvox,3,2,3.024821998,11236.13812,80
1066,Latch_3_Rivet__5.binvox,3,2,3.122690571,10980.14153,80
1067,Latch_3_Rivet__7.binvox,3,2,3.068020151,11442.09125,80
1068,Latch_3_Rivet__8.binvox,3,2,3.01287524,11659.0281,80
1069,Latch_3_StrikePlate__1.binvox,6,2,3.787032707,13873.44954,80
1070,Latch_3_StrikePlate__10.binvox,6,2,3.823264621,13588.7512,80
1071,Latch_3_StrikePlate__3.binvox,6,2,3.808387964,13507.60131,80
1072,Latch_3_StrikePlate__4.binvox,6,2,3.537491189,13348.14447,80
1073,Latch_3_StrikePlate__5.binvox,6,2,3.716711636,13564.99121,80
1074,Latch_3_StrikePlate__7.binvox,6,2,3.524452793,14116.94753,80
1075,Latch_3_StrikePlate__8.binvox,6,2,3.551783708,13780.87314,80
1076,Latch_4_BottomPlate__1.binvox,6,2,3.614974561,13750.9628,80
1077,Latch_4_BottomPlate__10.binvox,6,2,3.677720879,14493.87497,80
1078,Latch_4_BottomPlate__3.binvox,6,2,3.716286414,14452.09325,80
1079,Latch_4_BottomPlate__4.binvox,6,2,3.750292931,13616.75591,80
1080,Latch_4_BottomPlate__5.binvox,6,2,3.663641763,14326.34155,80
1081,Latch_4_BottomPlate__7.binvox,6,2,3.54541437,14503.37782,80
1082,Latch_4_BottomPlate__8.binvox,6,2,3.669063238,13684.50422,80
1083,Latch_4_BuckledRing__1.binvox,6,2,1.981797058,7864.555098,80
1084,Latch_4_BuckledRing__10.binvox,6,2,2.097719624,7345.301104,80
1085,Latch_4_BuckledRing__3.binvox,6,2,2.083427553,7777.129263,80
1086,Latch_4_BuckledRing__4.binvox,6,2,1.989793196,7803.767305,80
1087,Latch_4_BuckledRing__5.binvox,6,2,2.092475026,7737.736281,80
1088,Latch_4_BuckledRing__7.binvox,6,2,1.944848571,7266.723276,80
1089,Latch_4_BuckledRing__8.binvox,6,2,1.943635352,7878.413658,80
1090,Latch_4_ControlPanel__1.binvox,6,2,3.707435382,13544.43329,80
1091,Latch_4_ControlPanel__10.binvox,6,2,3.650880772,14255.28405,80
1092,Latch_4_ControlPanel__3.binvox,6,2,3.508110024,13368.73109,80
1093,Latch_4_ControlPanel__4.binvox,6,2,3.824575553,13587.90374,80
1094,Latch_4_ControlPanel__5.binvox,6,2,3.589894077,14364.69362,80
1095,Latch_4_ControlPanel__7.binvox,6,2,3.667840679,13756.3127,80
1096,Latch_4_ControlPanel__8.binvox,6,2,3.744076554,14017.3274,80
1097,Latch_4_Rivet__1.binvox,3,2,2.953298512,11315.85621,80
1098,Latch_4_Rivet__10.binvox,3,2,2.870890841,11112.44111,80
1099,Latch_4_Rivet__3.binvox,3,2,3.14140902,11097.89546,80
1100,Latch_4_Rivet__4.binvox,3,2,2.897277683,10929.86518,80
1101,Latch_4_Rivet__5.binvox,3,2,2.875179898,11175.3307,80
1102,Latch_4_Rivet__7.binvox,3,2,3.131118325,11186.26528,80
1103,Latch_4_Rivet__8.binvox,3,2,2.981326226,11142.62516,80
1104,Latch_4_StrikePlate__1.binvox,6,2,3.814545035,14478.48381,80
1105,Latch_4_StrikePlate__10.binvox,6,2,3.508341307,13606.62073,80
1106,Latch_4_StrikePlate__3.binvox,6,2,3.697319327,13220.38312,80
1107,Latch_4_StrikePlate__4.binvox,6,2,3.710294709,14186.76199,80
1108,Latch_4_StrikePlate__5.binvox,6,2,3.798267707,13763.0962,80
1109,Latch_4_StrikePlate__7.binvox,6,2,3.690452738,13543.54149,80
1110,Latch_4_StrikePlate__8.binvox,6,2,3.811369579,13373.75595,80
1111,Latch_5_BottomPlate__1.binvox,6,2,3.784591934,14108.25778,80
1112,Latch_5_BottomPlate__10.binvox,6,2,3.671260575,13432.14064,80
1113,Latch_5_BottomPlate__3.binvox,6,2,3.807431768,14345.19344,80
1114,Latch_5_BottomPlate__4.binvox,6,2,3.505092894,13720.71385,80
1115,Latch_5_BottomPlate__5.binvox,6,2,3.74400009,14172.46442,80
1116,Latch_5_BottomPlate__7.binvox,6,2,3.819434214,14328.90747,80
1117,Latch_5_BottomPlate__8.binvox,6,2,3.606954014,13296.48642,80
1118,Latch_5_BuckledRing__1.binvox,6,2,2.012430819,7898.090354,80
1119,Latch_5_BuckledRing__10.binvox,6,2,2.051185021,7460.225814,80
1120,Latch_5_BuckledRing__3.binvox,6,2,1.999097667,7396.493219,80
1121,Latch_5_BuckledRing__4.binvox,6,2,2.092383255,7638.042038,80
1122,Latch_5_BuckledRing__5.binvox,6,2,1.97791648,7483.308956,80
1123,Latch_5_BuckledRing__7.binvox,6,2,1.952042444,7872.370532,80
1124,Latch_5_BuckledRing__8.binvox,6,2,2.0418334,7444.663164,80
1125,Latch_5_ControlPanel__1.binvox,6,2,3.559550783,14481.86513,80
1126,Latch_5_ControlPanel__10.binvox,6,2,3.558689617,14485.14704,80
1127,Latch_5_ControlPanel__3.binvox,6,2,3.485270362,13271.32429,80
1128,Latch_5_ControlPanel__4.binvox,6,2,3.524648597,14408.75595,80
1129,Latch_5_ControlPanel__5.binvox,6,2,3.724548135,14367.01319,80
1130,Latch_5_ControlPanel__7.binvox,6,2,3.694585748,13375.39209,80
1131,Latch_5_ControlPanel__8.binvox,6,2,3.695616792,14260.20162,80
1132,Latch_5_Rivet__1.binvox,3,2,2.996345596,11630.53962,80
1133,Latch_5_Rivet__10.binvox,3,2,2.956103252,11297.28848,80
1134,Latch_5_Rivet__3.binvox,3,2,3.068739691,11298.78626,80
1135,Latch_5_Rivet__4.binvox,3,2,2.866480065,11779.08819,80
1136,Latch_5_Rivet__5.binvox,3,2,2.869358142,11363.1941,80
1137,Latch_5_Rivet__7.binvox,3,2,2.912203978,11172.31237,80
1138,Latch_5_Rivet__8.binvox,3,2,2.996753386,11738.39515,80
1139,Latch_5_StrikePlate__1.binvox,6,2,3.773332804,14004.56496,80
1140,Latch_5_StrikePlate__10.binvox,6,2,3.588275568,13636.44938,80
1141,Latch_5_StrikePlate__3.binvox,6,2,3.749290972,13931.02208,80
1142,Latch_5_StrikePlate__4.binvox,6,2,3.645422176,14211.37156,80
1143,Latch_5_StrikePlate__5.binvox,6,2,3.480234162,13922.37534,80
1144,Latch_5_StrikePlate__7.binvox,6,2,3.659272762,14113.69829,80
1145,Latch_5_StrikePlate__8.binvox,6,2,3.759260709,13569.00356,80
1146,Latch_6_BottomPlate__1.binvox,6,2,3.805603517,14415.94659,80
1147,Latch_6_BottomPlate__10.binvox,6,2,3.532551776,14442.3123,80
1148,Latch_6_BottomPlate__3.binvox,6,2,3.797918991,13215.42282,80
1149,Latch_6_BottomPlate__4.binvox,6,2,3.742787622,14404.1728,80
1150,Latch_6_BottomPlate__5.binvox,6,2,3.513448753,14453.13956,80
1151,Latch_6_BottomPlate__7.binvox,6,2,3.59618183,14144.56495,80
1152,Latch_6_BottomPlate__8.binvox,6,2,3.827273036,14166.66712,80
1153,Latch_6_BuckledRing__1.binvox,6,2,2.000648808,7734.086301,80
1154,Latch_6_BuckledRing__10.binvox,6,2,2.042063205,7431.559057,80
1155,Latch_6_BuckledRing__3.binvox,6,2,1.976412463,7771.174617,80
1156,Latch_6_BuckledRing__4.binvox,6,2,1.953745506,7734.160001,80
1157,Latch_6_BuckledRing__5.binvox,6,2,1.938337313,7605.038713,80
1158,Latch_6_BuckledRing__7.binvox,6,2,2.023518094,7556.941138,80
1159,Latch_6_BuckledRing__8.binvox,6,2,1.948333649,7415.447753,80
1160,Latch_6_ControlPanel__1.binvox,6,2,3.551505071,14523.6903,80
1161,Latch_6_ControlPanel__10.binvox,6,2,3.524696764,13251.3406,80
1162,Latch_6_ControlPanel__3.binvox,6,2,3.604774905,13204.49307,80
1163,Latch_6_ControlPanel__4.binvox,6,2,3.81023435,13301.3362,80
1164,Latch_6_ControlPanel__5.binvox,6,2,3.762046988,14427.69656,80
1165,Latch_6_ControlPanel__7.binvox,6,2,3.562326229,14209.12656,80
1166,Latch_6_ControlPanel__8.binvox,6,2,3.650848975,14302.64792,80
1167,Latch_6_Rivet__1.binvox,3,2,3.023221315,11589.86257,80
1168,Latch_6_Rivet__10.binvox,3,2,3.047592244,11895.73678,80
1169,Latch_6_Rivet__3.binvox,3,2,3.134554872,11469.90936,80
1170,Latch_6_Rivet__4.binvox,3,2,3.097714238,11798.61473,80
1171,Latch_6_Rivet__5.binvox,3,2,2.854626602,11899.39416,80
1172,Latch_6_Rivet__7.binvox,3,2,2.891003747,11422.67482,80
1173,Latch_6_Rivet__8.binvox,3,2,2.854127059,11063.65521,80
1174,Latch_6_StrikePlate__1.binvox,6,2,3.77127644,14380.23338,80
1175,Latch_6_StrikePlate__10.binvox,6,2,3.821610747,13814.15921,80
1176,Latch_6_StrikePlate__3.binvox,6,2,3.682879617,13805.5122,80
1177,Latch_6_StrikePlate__4.binvox,6,2,3.483705249,13359.28554,80
1178,Latch_6_StrikePlate__5.binvox,6,2,3.836343575,13715.25735,80
1179,Latch_6_StrikePlate__7.binvox,6,2,3.602512455,13389.48892,80
1180,Latch_6_StrikePlate__8.binvox,6,2,3.614475021,13525.67054,80
1181,Latch_7_BottomPlate__1.binvox,6,2,3.69073344,13969.52762,80
1182,Latch_7_BottomPlate__10.binvox,6,2,3.580582143,14443.98886,80
1183,Latch_7_BottomPlate__3.binvox,6,2,3.544317231,13377.01108,80
1184,Latch_7_BottomPlate__4.binvox,6,2,3.58376591,14494.54134,80
1185,Latch_7_BottomPlate__5.binvox,6,2,3.788299766,13885.2242,80
1186,Latch_7_BottomPlate__7.binvox,6,2,3.667007277,13436.88641,80
1187,Latch_7_BottomPlate__8.binvox,6,2,3.692042824,13795.15217,80
1188,Latch_7_BuckledRing__1.binvox,6,2,2.040540768,7464.812417,80
1189,Latch_7_BuckledRing__10.binvox,6,2,2.085207919,7376.622096,80
1190,Latch_7_BuckledRing__3.binvox,6,2,2.000014189,7452.627238,80
1191,Latch_7_BuckledRing__4.binvox,6,2,1.972539796,7205.693424,80
1192,Latch_7_BuckledRing__5.binvox,6,2,1.992902522,7685.472087,80
1193,Latch_7_BuckledRing__7.binvox,6,2,2.058352988,7880.129974,80
1194,Latch_7_BuckledRing__8.binvox,6,2,1.987513536,7899.312713,80
1195,Latch_7_ControlPanel__1.binvox,6,2,3.598465786,14281.61346,80
1196,Latch_7_ControlPanel__10.binvox,6,2,3.810710729,14182.48458,80
1197,Latch_7_ControlPanel__3.binvox,6,2,3.710500862,14103.43485,80
1198,Latch_7_ControlPanel__4.binvox,6,2,3.682756029,13375.85168,80
1199,Latch_7_ControlPanel__5.binvox,6,2,3.749523622,13434.12849,80
1200,Latch_7_ControlPanel__7.binvox,6,2,3.493694781,13380.0667,80
1201,Latch_7_ControlPanel__8.binvox,6,2,3.828857601,14234.09139,80
1202,Latch_7_Rivet__1.binvox,3,2,2.94384449,10853.20601,80
1203,Latch_7_Rivet__10.binvox,3,2,2.960803637,10859.24085,80
1204,Latch_7_Rivet__3.binvox,3,2,2.904890524,11009.00067,80
1205,Latch_7_Rivet__4.binvox,3,2,3.135073986,11770.91925,80
1206,Latch_7_Rivet__5.binvox,3,2,3.004862231,11445.31133,80
1207,Latch_7_Rivet__7.binvox,3,2,3.137409449,11863.85116,80
1208,Latch_7_Rivet__8.binvox,3,2,3.047755888,11823.46737,80
1209,Latch_7_StrikePlate__1.binvox,6,2,3.630636391,13739.76994,80
1210,Latch_7_StrikePlate__10.binvox,6,2,3.745490404,13208.89707,80
1211,Latch_7_StrikePlate__3.binvox,6,2,3.513308998,14059.36129,80
1212,Latch_7_StrikePlate__4.binvox,6,2,3.691897638,13391.82884,80
1213,Latch_7_StrikePlate__5.binvox,6,2,3.751093396,13424.80025,80
1214,Latch_7_StrikePlate__7.binvox,6,2,3.559364257,14015.71373,80
1215,Latch_7_StrikePlate__8.binvox,6,2,3.704801677,14230.24717,80
1216,Latch_8_BottomPlate__1.binvox,6,2,3.598619181,14359.39091,80
1217,Latch_8_BottomPlate__10.binvox,6,2,3.729225852,13153.00005,80
1218,Latch_8_BottomPlate__3.binvox,6,2,3.48544336,13495.8728,80
1219,Latch_8_BottomPlate__4.binvox,6,2,3.828452912,13533.54841,80
1220,Latch_8_BottomPlate__5.binvox,6,2,3.730606695,13623.49959,80
1221,Latch_8_BottomPlate__7.binvox,6,2,3.509250727,13234.35387,80
1222,Latch_8_BottomPlate__8.binvox,6,2,3.504415171,13740.71835,80
1223,Latch_8_BuckledRing__1.binvox,6,2,2.065066952,7358.685041,80
1224,Latch_8_BuckledRing__10.binvox,6,2,1.917895121,7329.41818,80
1225,Latch_8_BuckledRing__3.binvox,6,2,2.045894167,7599.684879,80
1226,Latch_8_BuckledRing__4.binvox,6,2,2.089013969,7723.492169,80
1227,Latch_8_BuckledRing__5.binvox,6,2,1.99377756,7900.278477,80
1228,Latch_8_BuckledRing__7.binvox,6,2,1.949479528,7377.904822,80
1229,Latch_8_BuckledRing__8.binvox,6,2,2.042538508,7301.351277,80
1230,Latch_8_ControlPanel__1.binvox,6,2,3.776398581,13831.94809,80
1231,Latch_8_ControlPanel__10.binvox,6,2,3.842336153,13743.05247,80
1232,Latch_8_ControlPanel__3.binvox,6,2,3.628272113,14231.03211,80
1233,Latch_8_ControlPanel__4.binvox,6,2,3.516915263,13631.50781,80
1234,Latch_8_ControlPanel__5.binvox,6,2,3.66284716,13360.49738,80
1235,Latch_8_ControlPanel__7.binvox,6,2,3.482672604,14394.40594,80
1236,Latch_8_ControlPanel__8.binvox,6,2,3.544336489,14458.28985,80
1237,Latch_8_Rivet__1.binvox,3,2,2.999057263,11177.39457,80
1238,Latch_8_Rivet__10.binvox,3,2,3.073709524,10819.47251,80
1239,Latch_8_Rivet__3.binvox,3,2,2.89483127,11465.53866,80
1240,Latch_8_Rivet__4.binvox,3,2,3.048465918,11264.18136,80
1241,Latch_8_Rivet__5.binvox,3,2,2.869715978,10916.73135,80
1242,Latch_8_Rivet__7.binvox,3,2,2.936391374,11322.78606,80
1243,Latch_8_Rivet__8.binvox,3,2,2.935217739,11841.8326,80
1244,Latch_8_StrikePlate__1.binvox,6,2,3.767323686,13250.96244,80
1245,Latch_8_StrikePlate__10.binvox,6,2,3.579415581,14493.60786,80
1246,Latch_8_StrikePlate__3.binvox,6,2,3.506592161,13454.55767,80
1247,Latch_8_StrikePlate__4.binvox,6,2,3.760629417,13880.11228,80
1248,Latch_8_StrikePlate__5.binvox,6,2,3.481676732,13290.3459,80
1249,Latch_8_StrikePlate__7.binvox,6,2,3.553122397,14288.12498,80
1250,Latch_8_StrikePlate__8.binvox,6,2,3.842589309,13476.48588,80
1251,Latch_9_BottomPlate__1.binvox,6,2,3.804476182,14346.69065,80
1252,Latch_9_BottomPlate__10.binvox,6,2,3.515510097,13597.78433,80
1253,Latch_9_BottomPlate__3.binvox,6,2,3.674272885,14315.64878,80
1254,Latch_9_BottomPlate__4.binvox,6,2,3.775340673,14413.54168,80
1255,Latch_9_BottomPlate__5.binvox,6,2,3.776482485,13390.63971,80
1256,Latch_9_BottomPlate__7.binvox,6,2,3.506214752,13343.71674,80
1257,Latch_9_BottomPlate__8.binvox,6,2,3.648898767,13732.31919,80
1258,Latch_9_BuckledRing__1.binvox,6,2,1.958976126,7766.615458,80
1259,Latch_9_BuckledRing__10.binvox,6,2,2.004803231,7393.824455,80
1260,Latch_9_BuckledRing__3.binvox,6,2,2.078620812,7933.155121,80
1261,Latch_9_BuckledRing__4.binvox,6,2,1.9148604,7700.502861,80
1262,Latch_9_BuckledRing__5.binvox,6,2,1.919686166,7618.458275,80
1263,Latch_9_BuckledRing__7.binvox,6,2,2.007263513,7209.303962,80
1264,Latch_9_BuckledRing__8.binvox,6,2,2.082733951,7695.129011,80
1265,Latch_9_ControlPanel__1.binvox,6,2,3.593704598,14423.36034,80
1266,Latch_9_ControlPanel__10.binvox,6,2,3.835635671,14507.38518,80
1267,Latch_9_ControlPanel__3.binvox,6,2,3.686434876,14043.88567,80
1268,Latch_9_ControlPanel__4.binvox,6,2,3.573250651,13851.52076,80
1269,Latch_9_ControlPanel__5.binvox,6,2,3.706018449,13895.65699,80
1270,Latch_9_ControlPanel__7.binvox,6,2,3.689875892,14369.16311,80
1271,Latch_9_ControlPanel__8.binvox,6,2,3.564190133,13820.06557,80
1272,Latch_9_Rivet__1.binvox,3,2,2.967576337,11229.44684,80
1273,Latch_9_Rivet__10.binvox,3,2,3.128596932,11232.91525,80
1274,Latch_9_Rivet__3.binvox,3,2,3.070106188,11526.46656,80
1275,Latch_9_Rivet__4.binvox,3,2,2.874048514,11814.71961,80
1276,Latch_9_Rivet__5.binvox,3,2,3.107070351,11064.58971,80
1277,Latch_9_Rivet__7.binvox,3,2,2.882181624,11341.55457,80
1278,Latch_9_Rivet__8.binvox,3,2,3.099818377,11099.85213,80
1279,Latch_9_StrikePlate__1.binvox,6,2,3.599638853,13955.94803,80
1280,Latch_9_StrikePlate__10.binvox,6,2,3.629304217,14340.94443,80
1281,Latch_9_StrikePlate__3.binvox,6,2,3.761782956,14116.60243,80
1282,Latch_9_StrikePlate__4.binvox,6,2,3.578972098,13602.12021,80
1283,Latch_9_StrikePlate__5.binvox,6,2,3.657969321,14424.36546,80
1284,Latch_9_StrikePlate__7.binvox,6,2,3.715544723,13236.93144,80
1285,Latch_9_StrikePlate__8.binvox,6,2,3.694894361,13604.28387,80
1286,Piston_11_ConnectingRod__1.binvox,4,2,62.30535096,269900.3688,4
1287,Piston_11_PistonHead__1.binvox,4,2,33.26591271,187746.8901,20
1288,Piston_11_WristPin__1.binvox,3,2,50.13109979,225098.1714,4
1289,Piston_16_ConnectingRod__1.binvox,4,2,59.16627739,255197.5415,4
1290,Piston_16_PistonHead__1.binvox,4,2,33.57070574,199184.6179,20
1291,Piston_16_RodBolt__1.binvox,3,4,15.40278733,63361.23669,4
1292,Piston_16_RodCap__1.binvox,4,2,43.12504236,176525.7451,4
1293,Piston_16_RodNut__1.binvox,3,4,15.26280192,62149.43821,4
1294,Piston_16_WristPin__1.binvox,3,2,51.15280164,217876.8659,4
1295,Piston_17_ConnectingRod__1.binvox,4,2,64.33275653,267903.9871,4
1296,Piston_17_PistonHead__1.binvox,4,4,31.20074343,201791.9947,20
1297,Piston_17_RodBolt__1.binvox,3,2,14.3542909,66372.99675,4
1298,Piston_17_RodCap__1.binvox,4,2,42.54707903,185799.7484,4
1299,Piston_17_RodNut__1.binvox,3,4,15.00251067,64386.25406,4
1300,Piston_17_WristPin__1.binvox,3,2,49.17626036,219773.4701,4
1301,Piston_18_ConnectingRod__1.binvox,4,2,63.21863756,267217.4206,4
1302,Piston_18_PistonHead__1.binvox,4,2,32.02956062,185867.3965,20
1303,Piston_18_RodBolt__1.binvox,3,4,14.80103542,67651.70426,4
1304,Piston_18_RodCap__1.binvox,4,2,39.78247503,174893.0324,4
1305,Piston_18_RodNut__1.binvox,3,4,14.33137607,64020.97195,4
1306,Piston_18_WristPin__1.binvox,3,2,48.03225766,209708.7323,4
1307,Piston_1_ConnectingRod__2.binvox,4,2,60.1085722,274790.4763,4
1308,Piston_1_ConnectingRod__3.binvox,4,2,59.09633442,274047.1617,4
1309,Piston_1_ConnectingRod__4.binvox,4,2,59.19292045,268052.5691,4
1310,Piston_1_ConnectingRod__5.binvox,4,2,61.98421787,262873.9021,4
1311,Piston_1_ConnectingRod__7.binvox,4,2,62.01452912,277542.7329,4
1312,Piston_1_ConnectingRod__9.binvox,4,2,63.19768751,276505.9052,4
1313,Piston_1_PistonHead__2.binvox,4,2,31.92982958,186199.4131,20
1314,Piston_1_PistonHead__3.binvox,4,2,31.69734378,192498.9055,20
1315,Piston_1_PistonHead__4.binvox,4,2,33.15986209,192925.355,20
1316,Piston_1_PistonHead__5.binvox,4,2,32.5645707,196755.1252,20
1317,Piston_1_PistonHead__7.binvox,4,2,34.1010764,192382.5809,20
1318,Piston_1_PistonHead__9.binvox,4,2,33.84345042,193165.2395,20
1319,Piston_1_WristPin__2.binvox,3,2,49.09684032,211554.7467,4
1320,Piston_1_WristPin__3.binvox,3,2,49.30892309,220643.7403,4
1321,Piston_1_WristPin__4.binvox,3,2,52.397314,207860.262,4
1322,Piston_1_WristPin__5.binvox,3,2,51.48395318,211015.1716,4
1323,Piston_1_WristPin__7.binvox,3,2,49.79637042,219802.3758,4
1324,Piston_1_WristPin__9.binvox,3,2,51.98122808,207561.3295,4
1325,Piston_21_ConnectingRod__1.binvox,4,2,63.46862304,274264.5242,4
1326,Piston_21_PistonHead__1.binvox,4,2,31.65358526,199553.1845,20
1327,Piston_21_WristPin__1.binvox,3,2,50.10313164,225149.2907,4
1328,Piston_22_ConnectingRod__1.binvox,4,2,61.40311432,254543.6121,4
1329,Piston_22_PistonHead__1.binvox,4,2,32.78178545,197776.7118,20
1330,Piston_22_WristPin__1.binvox,3,2,51.34932432,222393.8972,4
1331,Piston_23_ConnectingRod__1.binvox,4,2,60.91314022,255066.3035,4
1332,Piston_23_PistonHead__1.binvox,4,2,31.39476868,188412.9034,20
1333,Piston_23_WristPin__1.binvox,3,2,51.64059127,210271.2996,4
1334,Piston_24_ConnectingRod__1.binvox,4,2,60.21394432,253120.6973,4
1335,Piston_24_PistonHead__1.binvox,4,2,33.18685114,198521.8401,20
1336,Piston_24_WristPin__1.binvox,3,2,51.37592966,208836.9404,4
1337,Piston_25_ConnectingRod__2.binvox,4,2,64.54003564,270324.358,4
1338,Piston_25_ConnectingRod__3.binvox,4,2,62.75431819,277734.6304,4
1339,Piston_25_ConnectingRod__4.binvox,4,2,59.20259948,258424.3383,4
1340,Piston_25_ConnectingRod__5.binvox,4,2,61.4403734,260161.7388,4
1341,Piston_25_ConnectingRod__7.binvox,4,2,60.25741266,270195.6677,4
1342,Piston_25_ConnectingRod__9.binvox,4,2,60.79861641,261164.6632,4
1343,Piston_25_PistonHead__2.binvox,4,2,32.99335439,199411.821,20
1344,Piston_25_PistonHead__3.binvox,4,2,33.81796737,187647.3621,20
1345,Piston_25_PistonHead__4.binvox,4,2,31.48737775,201378.6927,20
1346,Piston_25_PistonHead__5.binvox,4,2,34.15565277,202795.0629,20
1347,Piston_25_PistonHead__7.binvox,4,2,33.40071679,187515.5681,20
1348,Piston_25_PistonHead__9.binvox,4,2,32.88987961,196808.2121,20
1349,Piston_25_RodBolt__2.binvox,3,4,14.52940785,64723.34649,4
1350,Piston_25_RodBolt__3.binvox,3,4,15.42235089,65518.67363,4
1351,Piston_25_RodBolt__4.binvox,3,4,15.65326228,62374.51542,4
1352,Piston_25_RodBolt__5.binvox,3,4,14.72849841,65012.11177,4
1353,Piston_25_RodBolt__7.binvox,3,4,15.44175155,65552.413,4
1354,Piston_25_RodBolt__9.binvox,3,4,14.8035153,61776.42249,4
1355,Piston_25_RodCap__2.binvox,4,2,40.81442314,177147.3282,4
1356,Piston_25_RodCap__3.binvox,4,2,43.21454219,184985.2692,4
1357,Piston_25_RodCap__4.binvox,4,2,43.48164129,177868.0267,4
1358,Piston_25_RodCap__5.binvox,4,2,40.80810179,184861.9142,4
1359,Piston_25_RodCap__7.binvox,4,2,40.62482779,176929.5226,4
1360,Piston_25_RodCap__9.binvox,4,2,41.08574633,187196.9252,4
1361,Piston_25_WristPin__2.binvox,3,2,49.38632258,208336.0313,4
1362,Piston_25_WristPin__3.binvox,3,2,50.32689974,223683.6463,4
1363,Piston_25_WristPin__4.binvox,3,2,49.82157949,216208.9821,4
1364,Piston_25_WristPin__5.binvox,3,2,48.18579733,219000.8354,4
1365,Piston_25_WristPin__7.binvox,3,2,48.31611257,215406.7688,4
1366,Piston_25_WristPin__9.binvox,3,2,51.76896271,207447.0101,4
1367,Piston_27_ConnectingRod__1.binvox,4,2,64.21101488,268235.2083,4
1368,Piston_27_PistonHead__1.binvox,4,2,33.2350874,195195.8226,20
1369,Piston_27_WristPin__1.binvox,3,2,49.07641839,209401.4522,4
1370,Piston_28_ConnectingRod__1.binvox,4,2,59.74264547,276537.3333,4
1371,Piston_28_PistonHead__1.binvox,4,2,33.49890293,188287.5395,20
1372,Piston_28_WristPin__1.binvox,3,2,50.78650497,222361.1986,4
1373,Piston_29_ConnectingRod__1.binvox,4,2,58.53337046,264809.9367,4
1374,Piston_29_PistonHead__1.binvox,4,2,31.74753856,190789.897,20
1375,Piston_29_WristPin__1.binvox,3,2,47.56567986,214471.2237,4
1376,Piston_2_ConnectingRod__2.binvox,4,2,62.1438412,279415.1864,4
1377,Piston_2_ConnectingRod__3.binvox,4,2,58.98114009,269875.6111,4
1378,Piston_2_ConnectingRod__4.binvox,4,2,59.12883837,259170.6026,4
1379,Piston_2_ConnectingRod__5.binvox,4,2,58.82697811,258130.0263,4
1380,Piston_2_ConnectingRod__7.binvox,4,2,63.26699509,278564.2152,4
1381,Piston_2_ConnectingRod__9.binvox,4,2,62.6752351,253968.08,4
1382,Piston_2_PistonHead__2.binvox,4,2,34.17701317,191201.2154,20
1383,Piston_2_PistonHead__3.binvox,4,2,32.63226324,191580.2549,20
1384,Piston_2_PistonHead__4.binvox,4,2,31.68322374,195555.4941,20
1385,Piston_2_PistonHead__5.binvox,4,2,31.93870811,199526.0079,20
1386,Piston_2_PistonHead__7.binvox,4,2,34.24890148,198907.9364,20
1387,Piston_2_PistonHead__9.binvox,4,2,31.10139121,199458.204,20
1388,Piston_2_WristPin__2.binvox,3,2,50.21023017,218307.2417,4
1389,Piston_2_WristPin__3.binvox,3,2,49.359238,217851.9387,4
1390,Piston_2_WristPin__4.binvox,3,2,49.38203796,212920.5063,4
1391,Piston_2_WristPin__5.binvox,3,2,51.30319852,205641.4834,4
1392,Piston_2_WristPin__7.binvox,3,2,49.56652171,210115.6637,4
1393,Piston_2_WristPin__9.binvox,3,2,48.58416231,215607.1288,4
1394,Piston_30_ConnectingRod__1.binvox,4,2,60.27246859,256473.244,4
1395,Piston_30_PistonHead__1.binvox,4,2,31.73041548,196193.4672,20
1396,Piston_30_WristPin__1.binvox,3,2,47.52457518,226141.9528,4
1397,Piston_32_ConnectingRod__2.binvox,4,2,59.48481847,254986.9791,4
1398,Piston_32_ConnectingRod__3.binvox,4,2,59.14161539,279029.9755,4
1399,Piston_32_ConnectingRod__4.binvox,4,2,58.58981373,252914.5115,4
1400,Piston_32_ConnectingRod__5.binvox,4,2,60.84457351,277221.3584,4
1401,Piston_32_PistonHead__2.binvox,4,2,33.09648106,202834.4545,20
1402,Piston_32_PistonHead__3.binvox,4,2,32.17233996,193393.8008,20
1403,Piston_32_PistonHead__4.binvox,4,2,34.13303442,189045.4615,20
1404,Piston_32_PistonHead__5.binvox,4,2,32.32897149,189495.4131,20
1405,Piston_32_RodBolt__2.binvox,3,4,14.69782283,61573.81301,4
1406,Piston_32_RodBolt__3.binvox,3,4,14.44339041,62589.81347,4
1407,Piston_32_RodBolt__4.binvox,3,4,14.99459377,64544.34111,4
1408,Piston_32_RodBolt__5.binvox,3,4,15.26212334,66542.59657,4
1409,Piston_32_RodCap__2.binvox,4,2,43.37786015,176434.3011,4
1410,Piston_32_RodCap__3.binvox,4,2,43.54719238,184754.7915,4
1411,Piston_32_RodCap__4.binvox,4,2,39.80343463,188443.0186,4
1412,Piston_32_RodCap__5.binvox,4,2,42.39319179,188101.5248,4
1413,Piston_32_RodNut__2.binvox,3,4,14.92986051,67573.73988,4
1414,Piston_32_RodNut__3.binvox,3,4,15.26759645,63999.89801,4
1415,Piston_32_RodNut__4.binvox,3,4,15.26843476,62502.89688,4
1416,Piston_32_RodNut__5.binvox,3,4,15.01572374,67788.61667,4
1417,Piston_32_WristPin__2.binvox,3,2,52.39595427,220363.9804,4
1418,Piston_32_WristPin__3.binvox,3,2,48.62318073,212639.9142,4
1419,Piston_32_WristPin__4.binvox,3,2,49.35270423,212011.9279,4
1420,Piston_32_WristPin__5.binvox,3,2,51.42944302,223857.7075,4
1421,Piston_3_ConnectingRod__2.binvox,4,2,62.76049635,260739.3408,4
1422,Piston_3_ConnectingRod__3.binvox,4,2,62.44171607,259051.1351,4
1423,Piston_3_ConnectingRod__4.binvox,4,2,64.46072997,272214.5405,4
1424,Piston_3_ConnectingRod__5.binvox,4,2,62.07728769,256050.0878,4
1425,Piston_3_ConnectingRod__7.binvox,4,2,59.89844429,264422.8235,4
1426,Piston_3_ConnectingRod__9.binvox,4,2,62.54949238,277689.606,4
1427,Piston_3_PistonHead__2.binvox,4,2,33.66457301,200272.2396,20
1428,Piston_3_PistonHead__3.binvox,4,2,31.17908098,202034.1174,20
1429,Piston_3_PistonHead__4.binvox,4,2,31.11071256,202150.9936,20
1430,Piston_3_PistonHead__5.binvox,4,2,32.09328542,202465.377,20
1431,Piston_3_PistonHead__7.binvox,4,2,33.37527084,202458.1378,20
1432,Piston_3_PistonHead__9.binvox,4,2,33.60198081,195946.0046,20
1433,Piston_3_WristPin__2.binvox,3,2,50.91769932,222342.6577,4
1434,Piston_3_WristPin__3.binvox,3,2,51.26652241,219066.5066,4
1435,Piston_3_WristPin__4.binvox,3,2,49.57988391,222353.7222,4
1436,Piston_3_WristPin__5.binvox,3,2,50.01323753,211644.3436,4
1437,Piston_3_WristPin__7.binvox,3,2,49.39330047,212091.1316,4
1438,Piston_3_WristPin__9.binvox,3,2,52.24681823,209112.087,4
1439,Piston_5_ConnectingRod__2.binvox,4,2,60.22067215,269978.5906,4
1440,Piston_5_ConnectingRod__3.binvox,4,2,62.77678567,258504.295,4
1441,Piston_5_ConnectingRod__4.binvox,4,2,64.41441652,261073.3618,4
1442,Piston_5_ConnectingRod__5.binvox,4,2,59.14235138,266723.3521,4
1443,Piston_5_ConnectingRod__7.binvox,4,2,63.64243253,263264.5496,4
1444,Piston_5_ConnectingRod__9.binvox,4,2,64.63270674,270404.3344,4
1445,Piston_5_PistonHead__2.binvox,4,2,31.43248887,202410.674,20
1446,Piston_5_PistonHead__3.binvox,4,2,33.07792808,198506.9361,20
1447,Piston_5_PistonHead__4.binvox,4,2,31.34588612,197721.0885,20
1448,Piston_5_PistonHead__5.binvox,4,2,32.54252398,185767.3654,20
1449,Piston_5_PistonHead__7.binvox,4,2,34.18111776,192805.1013,20
1450,Piston_5_PistonHead__9.binvox,4,2,33.79127365,184924.6152,20
1451,Piston_5_WristPin__2.binvox,3,2,51.5014845,216965.0653,4
1452,Piston_5_WristPin__3.binvox,3,2,48.58336814,206690.4139,4
1453,Piston_5_WristPin__4.binvox,3,2,49.65063761,210674.8999,4
1454,Piston_5_WristPin__5.binvox,3,2,48.92208762,207096.0745,4
1455,Piston_5_WristPin__7.binvox,3,2,52.30675842,208612.4814,4
1456,Piston_5_WristPin__9.binvox,3,2,49.67648555,213492.0536,4
1457,Piston_6_ConnectingRod__1.binvox,4,2,63.40312011,263235.6107,4
1458,Piston_6_PistonHead__1.binvox,4,2,31.51868173,189616.7746,20
1459,Piston_6_WristPin__1.binvox,3,2,52.39451087,212515.5046,4
1460,Piston_7_ConnectingRod__2.binvox,4,2,59.71051224,273992.5894,4
1461,Piston_7_ConnectingRod__3.binvox,4,2,61.30517654,260607.7175,4
1462,Piston_7_ConnectingRod__4.binvox,4,2,64.65819555,257729.1502,4
1463,Piston_7_ConnectingRod__5.binvox,4,2,60.84264535,260743.6173,4
1464,Piston_7_ConnectingRod__7.binvox,4,2,63.6577055,264469.9917,4
1465,Piston_7_PistonHead__2.binvox,4,2,33.88000248,201413.0389,20
1466,Piston_7_PistonHead__3.binvox,4,2,33.11796985,199351.5345,20
1467,Piston_7_PistonHead__4.binvox,4,2,33.84123707,197967.6521,20
1468,Piston_7_PistonHead__5.binvox,4,2,33.57081108,199465.8288,20
1469,Piston_7_PistonHead__7.binvox,4,2,32.44424174,196471.1439,20
1470,Piston_7_RodBolt__2.binvox,3,4,15.66644932,64500.52834,4
1471,Piston_7_RodBolt__3.binvox,3,4,15.25125595,62936.28568,4
1472,Piston_7_RodBolt__4.binvox,3,4,14.79800573,64854.18526,4
1473,Piston_7_RodBolt__5.binvox,3,4,14.68030329,65909.19562,4
1474,Piston_7_RodBolt__7.binvox,3,4,15.6654244,61960.06421,4
1475,Piston_7_RodCap__2.binvox,4,2,41.60527941,180044.0796,4
1476,Piston_7_RodCap__3.binvox,4,2,42.78645908,179418.6995,4
1477,Piston_7_RodCap__4.binvox,4,2,40.89643884,177877.2252,4
1478,Piston_7_RodCap__5.binvox,4,2,42.07249183,187954.8985,4
1479,Piston_7_RodCap__7.binvox,4,2,42.2615882,177360.4496,4
1480,Piston_7_RodNut__2.binvox,3,4,15.57782888,62993.98236,4
1481,Piston_7_RodNut__3.binvox,3,4,14.71156221,66584.07961,4
1482,Piston_7_RodNut__4.binvox,3,4,15.14642929,64663.75705,4
1483,Piston_7_RodNut__5.binvox,3,4,15.37409381,64507.24651,4
1484,Piston_7_RodNut__7.binvox,3,4,14.63160801,63691.29113,4
1485,Piston_7_WristPin__2.binvox,3,2,48.92501952,216250.2178,4
1486,Piston_7_WristPin__3.binvox,3,2,48.3236145,205310.5402,4
1487,Piston_7_WristPin__4.binvox,3,2,49.62213108,205629.8841,4
1488,Piston_7_WristPin__5.binvox,3,2,52.47794597,214628.8292,4
1489,Piston_7_WristPin__7.binvox,3,2,49.04612712,218497.296,4
1490,Piston_8_ConnectingRod__1.binvox,4,2,62.07891909,268131.0189,4
1491,Piston_8_PistonHead__1.binvox,4,2,33.04313004,192314.3105,20
1492,Piston_8_WristPin__1.binvox,3,2,48.18952012,220655.828,4
1493,Piston_9_ConnectingRod__1.binvox,4,2,61.27508383,272201.2877,4
1494,Piston_9_PistonHead__1.binvox,4,2,33.17470396,199204.0168,20
1495,Piston_9_WristPin__1.binvox,3,2,50.39880189,221612.94,4
1496,Bearing_10_Ball__1.binvox,7,8,87.84016688,4455633.975,2
1497,Bearing_10_Ball__10.binvox,7,8,87.05691622,4583729.354,2
1498,Bearing_10_Ball__3.binvox,7,8,87.80099316,4521459.033,2
1499,Bearing_10_Ball__4.binvox,7,8,88.09588965,4168583.05,2
1500,Bearing_10_Ball__5.binvox,7,8,91.00554259,4578024.254,2
1501,Bearing_10_Ball__7.binvox,7,8,93.52774607,4289459.077,2
1502,Bearing_10_Ball__8.binvox,7,8,87.43684899,4418484.999,2
1503,Bearing_10_InnerRing__1.binvox,7,1,108.181004,5161335.511,2
1504,Bearing_10_InnerRing__10.binvox,7,1,105.9968611,5323423.181,2
1505,Bearing_10_InnerRing__3.binvox,7,1,114.6566794,5348098.727,2
1506,Bearing_10_InnerRing__4.binvox,7,1,110.7316851,5535591.489,2
1507,Bearing_10_InnerRing__5.binvox,7,1,106.9384825,5426647.391,2
1508,Bearing_10_InnerRing__7.binvox,7,1,113.9812597,5518613.151,2
1509,Bearing_10_InnerRing__8.binvox,7,1,115.2902925,5390161.017,2
1510,Bearing_10_OuterRing__1.binvox,7,1,104.6693342,5219002.068,2
1511,Bearing_10_OuterRing__10.binvox,7,1,114.6756742,5258291.393,2
1512,Bearing_10_OuterRing__3.binvox,7,1,110.3560386,5602124.424,2
1513,Bearing_10_OuterRing__4.binvox,7,1,114.0563279,5339032.539,2
1514,Bearing_10_OuterRing__5.binvox,7,1,110.5482342,5100233.787,2
1515,Bearing_10_OuterRing__7.binvox,7,1,104.7974647,5449432.299,2
1516,Bearing_10_OuterRing__8.binvox,7,1,106.5012958,5607654.541,2
1517,Bearing_10_Seal__1.binvox,8,2,0.389054969,1917.6506,50
1518,Bearing_10_Seal__10.binvox,8,2,0.384166695,2068.780458,50
1519,Bearing_10_Seal__3.binvox,8,2,0.407872741,1968.464837,50
1520,Bearing_10_Seal__4.binvox,8,2,0.399567448,2023.926369,50
1521,Bearing_10_Seal__5.binvox,8,2,0.410590871,1968.092527,50
1522,Bearing_10_Seal__7.binvox,8,2,0.399945214,1935.51387,50
1523,Bearing_10_Seal__8.binvox,8,2,0.404996202,1920.266696,50
1524,Bearing_1_Ball__1.binvox,7,8,87.38126708,4521381.25,2
1525,Bearing_1_Ball__10.binvox,7,8,94.26344411,4542494.298,2
1526,Bearing_1_Ball__3.binvox,7,8,86.98057326,4508696.552,2
1527,Bearing_1_Ball__4.binvox,7,8,91.37903102,4388056.163,2
1528,Bearing_1_Ball__5.binvox,7,8,88.44993694,4359952.712,2
1529,Bearing_1_Ball__7.binvox,7,8,93.73683922,4485605.686,2
1530,Bearing_1_Ball__8.binvox,7,8,92.15332135,4298460.433,2
1531,Bearing_1_Cage__1.binvox,7,2,3.887560116,262157.7321,25
1532,Bearing_1_Cage__10.binvox,7,2,3.903999867,273315.7595,25
1533,Bearing_1_Cage__3.binvox,7,2,4.131856674,269355.0638,25
1534,Bearing_1_Cage__4.binvox,7,2,4.019586555,266344.4972,25
1535,Bearing_1_Cage__5.binvox,7,2,4.192447052,268206.4423,25
1536,Bearing_1_Cage__7.binvox,7,2,3.869523558,267927.2345,25
1537,Bearing_1_Cage__8.binvox,7,2,4.151492216,253169.5294,25
1538,Bearing_1_InnerRing__1.binvox,7,1,108.1894392,5605029.208,2
1539,Bearing_1_InnerRing__10.binvox,7,1,107.1468092,5327483.654,2
1540,Bearing_1_InnerRing__3.binvox,7,1,105.1036191,5376801.224,2
1541,Bearing_1_InnerRing__4.binvox,7,1,109.4655694,5596666.608,2
1542,Bearing_1_InnerRing__5.binvox,7,1,114.7138048,5250754.948,2
1543,Bearing_1_InnerRing__7.binvox,7,1,112.1211041,5517958.559,2
1544,Bearing_1_InnerRing__8.binvox,7,1,106.6785881,5620521.585,2
1545,Bearing_1_OuterRing__1.binvox,7,1,108.1331462,5194016.142,2
1546,Bearing_1_OuterRing__10.binvox,7,1,115.0687569,5427353.747,2
1547,Bearing_1_OuterRing__3.binvox,7,1,111.034256,5425844.529,2
1548,Bearing_1_OuterRing__4.binvox,7,1,105.6228122,5287565.699,2
1549,Bearing_1_OuterRing__5.binvox,7,1,107.5097484,5488877.339,2
1550,Bearing_1_OuterRing__7.binvox,7,1,108.2895387,5529508.863,2
1551,Bearing_1_OuterRing__8.binvox,7,1,109.9611106,5452792.628,2
1552,Bearing_2_Ball__1.binvox,7,8,90.70100651,4442507.191,2
1553,Bearing_2_Ball__10.binvox,7,8,87.70017015,4225759.583,2
1554,Bearing_2_Ball__3.binvox,7,8,88.58397924,4253323.253,2
1555,Bearing_2_Ball__4.binvox,7,8,89.67755434,4254165.196,2
1556,Bearing_2_Ball__5.binvox,7,8,94.32489807,4451584.963,2
1557,Bearing_2_Ball__7.binvox,7,8,89.52067677,4598704.109,2
1558,Bearing_2_Ball__8.binvox,7,8,93.70206421,4393271,2
1559,Bearing_2_InnerRing__1.binvox,7,1,108.0670324,5517958.489,2
1560,Bearing_2_InnerRing__10.binvox,7,1,110.8881309,5092173.968,2
1561,Bearing_2_InnerRing__3.binvox,7,1,112.795715,5474616.439,2
1562,Bearing_2_InnerRing__4.binvox,7,1,112.8954069,5613883.448,2
1563,Bearing_2_InnerRing__5.binvox,7,1,112.9075734,5098129.755,2
1564,Bearing_2_InnerRing__7.binvox,7,1,109.8253397,5581067.158,2
1565,Bearing_2_InnerRing__8.binvox,7,1,113.8158627,5223792.66,2
1566,Bearing_2_OuterRing__1.binvox,7,1,111.8347832,5374248.55,2
1567,Bearing_2_OuterRing__10.binvox,7,1,106.8338411,5087275.92,2
1568,Bearing_2_OuterRing__3.binvox,7,1,113.8556913,5496237.926,2
1569,Bearing_2_OuterRing__4.binvox,7,1,114.5173215,5287607.432,2
1570,Bearing_2_OuterRing__5.binvox,7,1,107.5274452,5421351.129,2
1571,Bearing_2_OuterRing__7.binvox,7,1,107.0974607,5453328.08,2
1572,Bearing_2_OuterRing__8.binvox,7,1,110.8321856,5194706.685,2
1573,Bearing_3_Ball__1.binvox,7,8,91.10875232,4434979.616,2
1574,Bearing_3_Ball__10.binvox,7,8,94.22021215,4296799.748,2
1575,Bearing_3_Ball__3.binvox,7,8,88.47373013,4317081.293,2
1576,Bearing_3_Ball__4.binvox,7,8,87.68907341,4206656.002,2
1577,Bearing_3_Ball__5.binvox,7,8,90.0497419,4320852.337,2
1578,Bearing_3_Ball__7.binvox,7,8,93.43765501,4165048.117,2
1579,Bearing_3_Ball__8.binvox,7,8,89.31783806,4235166.644,2
1580,Bearing_3_InnerRing__1.binvox,7,1,113.7744449,5482996.342,2
1581,Bearing_3_InnerRing__10.binvox,7,1,111.5472898,5430379.471,2
1582,Bearing_3_InnerRing__3.binvox,7,1,111.3171648,5381364.561,2
1583,Bearing_3_InnerRing__4.binvox,7,1,112.1983329,5606425.479,2
1584,Bearing_3_InnerRing__5.binvox,7,1,115.0832726,5213688.949,2
1585,Bearing_3_InnerRing__7.binvox,7,1,112.0124415,5455916.836,2
1586,Bearing_3_InnerRing__8.binvox,7,1,105.518477,5600554.722,2
1587,Bearing_3_OuterRing__1.binvox,7,1,110.9175386,5246427.95,2
1588,Bearing_3_OuterRing__10.binvox,7,1,108.0191502,5279703.055,2
1589,Bearing_3_OuterRing__3.binvox,7,1,111.0069475,5598512.175,2
1590,Bearing_3_OuterRing__4.binvox,7,1,108.2125759,5343967.904,2
1591,Bearing_3_OuterRing__5.binvox,7,1,114.1250389,5251925.313,2
1592,Bearing_3_OuterRing__7.binvox,7,1,114.1271845,5440293.624,2
1593,Bearing_3_OuterRing__8.binvox,7,1,106.0058851,5590980.644,2
1594,Bearing_4_Ball__1.binvox,7,8,91.08003739,4568899.097,2
1595,Bearing_4_Ball__10.binvox,7,8,87.29128944,4525780.778,2
1596,Bearing_4_Ball__3.binvox,7,8,86.2907995,4436237.128,2
1597,Bearing_4_Ball__4.binvox,7,8,93.02490838,4264016.261,2
1598,Bearing_4_Ball__5.binvox,7,8,88.71460537,4180777.191,2
1599,Bearing_4_Ball__7.binvox,7,8,87.64589883,4164261.966,2
1600,Bearing_4_Ball__8.binvox,7,8,88.91537692,4418388.897,2
1601,Bearing_4_InnerRing__1.binvox,7,1,105.1712018,5527264.383,2
1602,Bearing_4_InnerRing__10.binvox,7,1,106.8299542,5210639.682,2
1603,Bearing_4_InnerRing__3.binvox,7,1,111.7226563,5559804.869,2
1604,Bearing_4_InnerRing__4.binvox,7,1,104.93263,5183902.035,2
1605,Bearing_4_InnerRing__5.binvox,7,1,106.5844871,5112200.17,2
1606,Bearing_4_InnerRing__7.binvox,7,1,106.3796556,5584999.192,2
1607,Bearing_4_InnerRing__8.binvox,7,1,107.6340562,5309206.194,2
1608,Bearing_4_OuterRing__1.binvox,7,1,113.908281,5435675.317,2
1609,Bearing_4_OuterRing__10.binvox,7,1,104.9533909,5135100.192,2
1610,Bearing_4_OuterRing__3.binvox,7,1,112.324997,5447454.746,2
1611,Bearing_4_OuterRing__4.binvox,7,1,108.321697,5608634.295,2
1612,Bearing_4_OuterRing__5.binvox,7,1,105.5438662,5293741.092,2
1613,Bearing_4_OuterRing__7.binvox,7,1,105.7746592,5175911.47,2
1614,Bearing_4_OuterRing__8.binvox,7,1,106.0028406,5278686.015,2
1615,Bearing_5_Ball__1.binvox,7,8,88.88488832,4485217.784,2
1616,Bearing_5_Ball__10.binvox,7,8,94.36744924,4476362.96,2
1617,Bearing_5_Ball__3.binvox,7,8,89.778749,4461577.391,2
1618,Bearing_5_Ball__4.binvox,7,8,92.37975857,4209078.46,2
1619,Bearing_5_Ball__5.binvox,7,8,94.38849131,4329436.046,2
1620,Bearing_5_Ball__7.binvox,7,8,94.30953809,4232057.879,2
1621,Bearing_5_Ball__8.binvox,7,8,91.63927617,4504062.931,2
1622,Bearing_5_Cage__1.binvox,7,2,3.929113402,263395.9473,25
1623,Bearing_5_Cage__10.binvox,7,2,3.820328738,263057.6702,25
1624,Bearing_5_Cage__3.binvox,7,2,4.17468901,259077.4414,25
1625,Bearing_5_Cage__4.binvox,7,2,3.858145656,260349.9307,25
1626,Bearing_5_Cage__5.binvox,7,2,4.109298615,271703.2522,25
1627,Bearing_5_Cage__7.binvox,7,2,3.861473889,254390.0776,25
1628,Bearing_5_Cage__8.binvox,7,2,3.939332689,276432.0918,25
1629,Bearing_5_InnerRing__1.binvox,7,1,108.1933931,5283019.89,2
1630,Bearing_5_InnerRing__10.binvox,7,1,107.2597741,5133431.203,2
1631,Bearing_5_InnerRing__3.binvox,7,1,113.5293891,5365778.67,2
1632,Bearing_5_InnerRing__4.binvox,7,1,108.0261034,5319417.747,2
1633,Bearing_5_InnerRing__5.binvox,7,1,113.7656826,5166314.758,2
1634,Bearing_5_InnerRing__7.binvox,7,1,112.8218001,5471457.214,2
1635,Bearing_5_InnerRing__8.binvox,7,1,113.3687613,5248344.85,2
1636,Bearing_5_OuterRing__1.binvox,7,1,110.1000428,5238745.057,2
1637,Bearing_5_OuterRing__10.binvox,7,1,104.5639377,5115564.54,2
1638,Bearing_5_OuterRing__3.binvox,7,1,105.7483253,5507983.809,2
1639,Bearing_5_OuterRing__4.binvox,7,1,113.5751439,5568931.626,2
1640,Bearing_5_OuterRing__5.binvox,7,1,113.3373861,5314981.448,2
1641,Bearing_5_OuterRing__7.binvox,7,1,110.5990896,5535235.068,2
1642,Bearing_5_OuterRing__8.binvox,7,1,106.1045713,5506938.431,2
1643,Bearing_5_Seal__1.binvox,8,2,0.382585994,2089.626337,50
1644,Bearing_5_Seal__10.binvox,8,2,0.389296465,2064.559217,50
1645,Bearing_5_Seal__3.binvox,8,2,0.418280118,2075.745063,50
1646,Bearing_5_Seal__4.binvox,8,2,0.381247569,1953.869142,50
1647,Bearing_5_Seal__5.binvox,8,2,0.387665322,2090.646302,50
1648,Bearing_5_Seal__7.binvox,8,2,0.392840821,2054.580928,50
1649,Bearing_5_Seal__8.binvox,8,2,0.388679687,2026.779429,50
1650,Bearing_6_Ball__1.binvox,7,8,94.46686929,4550704.074,2
1651,Bearing_6_Ball__10.binvox,7,8,88.55530908,4375734.298,2
1652,Bearing_6_Ball__3.binvox,7,8,93.0478893,4527943.872,2
1653,Bearing_6_Ball__4.binvox,7,8,92.98774733,4198718.638,2
1654,Bearing_6_Ball__5.binvox,7,8,90.38295598,4347565.713,2
1655,Bearing_6_Ball__7.binvox,7,8,88.68960031,4272096.31,2
1656,Bearing_6_Ball__8.binvox,7,8,93.92679615,4232522.692,2
1657,Bearing_6_InnerRing__1.binvox,7,1,109.3043285,5427307.435,2
1658,Bearing_6_InnerRing__10.binvox,7,1,107.9976425,5182338.067,2
1659,Bearing_6_InnerRing__3.binvox,7,1,113.6383535,5262487.523,2
1660,Bearing_6_InnerRing__4.binvox,7,1,111.3877287,5359652.23,2
1661,Bearing_6_InnerRing__5.binvox,7,1,107.664071,5594144.043,2
1662,Bearing_6_InnerRing__7.binvox,7,1,107.4531227,5543812.357,2
1663,Bearing_6_InnerRing__8.binvox,7,1,107.0624849,5505202.941,2
1664,Bearing_6_OuterRing__1.binvox,7,1,113.046747,5120044.532,2
1665,Bearing_6_OuterRing__10.binvox,7,1,113.9130714,5120262.156,2
1666,Bearing_6_OuterRing__3.binvox,7,1,108.2980443,5337512.73,2
1667,Bearing_6_OuterRing__4.binvox,7,1,107.1725663,5391887.426,2
1668,Bearing_6_OuterRing__5.binvox,7,1,115.0159551,5306109.232,2
1669,Bearing_6_OuterRing__7.binvox,7,1,112.3269894,5388995.543,2
1670,Bearing_6_OuterRing__8.binvox,7,1,109.4431622,5578117.588,2
1671,Bearing_7_Ball__1.binvox,7,8,88.61502373,4204136.618,2
1672,Bearing_7_Ball__10.binvox,7,8,86.15508088,4556243.835,2
1673,Bearing_7_Ball__3.binvox,7,8,86.54886495,4219830.416,2
1674,Bearing_7_Ball__4.binvox,7,8,87.65959855,4560742.388,2
1675,Bearing_7_Ball__5.binvox,7,8,90.26569171,4597389.182,2
1676,Bearing_7_Ball__7.binvox,7,8,91.40096657,4233951.265,2
1677,Bearing_7_Ball__8.binvox,7,8,92.6547197,4256150.985,2
1678,Bearing_7_InnerRing__1.binvox,7,1,106.0254205,5097300.38,2
1679,Bearing_7_InnerRing__10.binvox,7,1,112.562154,5179676.613,2
1680,Bearing_7_InnerRing__3.binvox,7,1,108.0755755,5371973.733,2
1681,Bearing_7_InnerRing__4.binvox,7,1,109.0130652,5476654.853,2
1682,Bearing_7_InnerRing__5.binvox,7,1,111.3924588,5540897.198,2
1683,Bearing_7_InnerRing__7.binvox,7,1,110.7647758,5528648.024,2
1684,Bearing_7_InnerRing__8.binvox,7,1,106.5526199,5190480.207,2
1685,Bearing_7_OuterRing__1.binvox,7,1,112.9283703,5086794.528,2
1686,Bearing_7_OuterRing__10.binvox,7,1,107.0792129,5287132.396,2
1687,Bearing_7_OuterRing__3.binvox,7,1,107.0735507,5405329.553,2
1688,Bearing_7_OuterRing__4.binvox,7,1,112.4654426,5403827.645,2
1689,Bearing_7_OuterRing__5.binvox,7,1,105.627274,5252557.21,2
1690,Bearing_7_OuterRing__7.binvox,7,1,104.9880722,5481769.633,2
1691,Bearing_7_OuterRing__8.binvox,7,1,108.1817427,5569698.975,2
1692,Bearing_8_Ball__1.binvox,7,8,89.38716182,4374994.063,2
1693,Bearing_8_Ball__10.binvox,7,8,94.20014796,4367241.911,2
1694,Bearing_8_Ball__3.binvox,7,8,88.20043217,4465761.959,2
1695,Bearing_8_Ball__4.binvox,7,8,91.75272286,4300664.047,2
1696,Bearing_8_Ball__5.binvox,7,8,92.34625819,4372533.136,2
1697,Bearing_8_Ball__7.binvox,7,8,86.9410725,4525345.919,2
1698,Bearing_8_Ball__8.binvox,7,8,86.11795373,4579760.257,2
1699,Bearing_8_InnerRing__1.binvox,7,1,113.8350159,5307343.111,2
1700,Bearing_8_InnerRing__10.binvox,7,1,114.1632243,5243111.976,2
1701,Bearing_8_InnerRing__3.binvox,7,1,111.0440912,5370076.026,2
1702,Bearing_8_InnerRing__4.binvox,7,1,107.2694335,5555320.771,2
1703,Bearing_8_InnerRing__5.binvox,7,1,111.8733126,5589459.411,2
1704,Bearing_8_InnerRing__7.binvox,7,1,107.7718585,5491314.242,2
1705,Bearing_8_InnerRing__8.binvox,7,1,108.5296926,5358898.751,2
1706,Bearing_8_OuterRing__1.binvox,7,1,105.1163606,5514395.01,2
1707,Bearing_8_OuterRing__10.binvox,7,1,114.7358704,5458825.459,2
1708,Bearing_8_OuterRing__3.binvox,7,1,108.6094737,5105854.861,2
1709,Bearing_8_OuterRing__4.binvox,7,1,107.6764851,5496141.562,2
1710,Bearing_8_OuterRing__5.binvox,7,1,108.6043469,5505123.848,2
1711,Bearing_8_OuterRing__7.binvox,7,1,109.5906377,5210613.421,2
1712,Bearing_8_OuterRing__8.binvox,7,1,114.7607445,5512712.724,2
1713,Bearing_9_Ball__1.binvox,7,8,88.92122784,4165406.185,2
1714,Bearing_9_Ball__10.binvox,7,8,91.32891933,4521761.055,2
1715,Bearing_9_Ball__3.binvox,7,8,88.13564333,4340913.898,2
1716,Bearing_9_Ball__4.binvox,7,8,86.09006957,4436072.365,2
1717,Bearing_9_Ball__5.binvox,7,8,87.10914945,4218836.482,2
1718,Bearing_9_Ball__7.binvox,7,8,93.90419912,4516823.466,2
1719,Bearing_9_Ball__8.binvox,7,8,87.80857256,4355010.62,2
1720,Bearing_9_InnerRing__1.binvox,7,1,113.6143195,5159025.751,2
1721,Bearing_9_InnerRing__10.binvox,7,1,110.6492665,5307364.701,2
1722,Bearing_9_InnerRing__3.binvox,7,1,109.4025913,5437067.708,2
1723,Bearing_9_InnerRing__4.binvox,7,1,107.9471373,5136741.021,2
1724,Bearing_9_InnerRing__5.binvox,7,1,112.507695,5438197.042,2
1725,Bearing_9_InnerRing__7.binvox,7,1,108.8071235,5368472.811,2
1726,Bearing_9_InnerRing__8.binvox,7,1,107.3321645,5334205.94,2
1727,Bearing_9_OuterRing__1.binvox,7,1,109.6519142,5308932.631,2
1728,Bearing_9_OuterRing__10.binvox,7,1,111.4029299,5468790.266,2
1729,Bearing_9_OuterRing__3.binvox,7,1,111.1795303,5474835.209,2
1730,Bearing_9_OuterRing__4.binvox,7,1,105.6310079,5343400.683,2
1731,Bearing_9_OuterRing__5.binvox,7,1,106.7892345,5559584.228,2
1732,Bearing_9_OuterRing__7.binvox,7,1,115.1897946,5248293.222,2
1733,Bearing_9_OuterRing__8.binvox,7,1,109.143578,5196899.931,2
1734,Bearing_9_Seal__1.binvox,8,2,0.400056431,1997.295899,50
1735,Bearing_9_Seal__10.binvox,8,2,0.401115424,2073.805286,50
1736,Bearing_9_Seal__3.binvox,8,2,0.397165523,2038.025534,50
1737,Bearing_9_Seal__4.binvox,8,2,0.386509544,2041.138907,50
1738,Bearing_9_Seal__5.binvox,8,2,0.399614447,1960.579209,50
1739,Bearing_9_Seal__7.binvox,8,2,0.385794483,2027.831816,50
1740,Bearing_9_Seal__8.binvox,8,2,0.394020202,2073.057713,50
1741,Caster_10_Bolt__1.binvox,9,2,29.98266345,1477529.017,2
1742,Caster_10_Bolt__10.binvox,9,2,30.44263526,1442334.672,2
1743,Caster_10_Bolt__3.binvox,9,2,30.5409508,1527444.203,2
1744,Caster_10_Bolt__4.binvox,9,2,31.28513874,1461919.032,2
1745,Caster_10_Bolt__5.binvox,9,2,29.70232394,1420157.651,2
1746,Caster_10_Bolt__7.binvox,9,2,31.45186709,1471445.508,2
1747,Caster_10_Bolt__8.binvox,9,2,29.29227469,1417793.144,2
1748,Caster_10_Fork__1.binvox,12,1,20.46249651,1015623.339,2
1749,Caster_10_Fork__10.binvox,12,1,20.71759948,1003518.115,2
1750,Caster_10_Fork__3.binvox,12,1,20.17241151,973344.6683,2
1751,Caster_10_Fork__4.binvox,12,1,20.16755959,976805.4956,2
1752,Caster_10_Fork__5.binvox,12,1,20.17292583,985553.8983,2
1753,Caster_10_Fork__7.binvox,12,1,20.67838338,942411.2633,2
1754,Caster_10_Fork__8.binvox,12,1,20.82317875,1007965.732,2
1755,Caster_10_Nut__1.binvox,9,2,30.33422764,1474407.713,2
1756,Caster_10_Nut__10.binvox,9,2,31.40253341,1392920.328,2
1757,Caster_10_Nut__3.binvox,9,2,28.50930412,1420887.784,2
1758,Caster_10_Nut__4.binvox,9,2,30.49552155,1476516.615,2
1759,Caster_10_Nut__5.binvox,9,2,31.10953393,1521739.869,2
1760,Caster_10_Nut__7.binvox,9,2,28.81920419,1419749.859,2
1761,Caster_10_Nut__8.binvox,9,2,30.32859641,1427012.706,2
1762,Caster_10_TopPlate__1.binvox,11,1,73.43861814,3630363.407,2
1763,Caster_10_TopPlate__10.binvox,11,1,71.3542762,3485155.187,2
1764,Caster_10_TopPlate__3.binvox,11,1,74.00428493,3510417.219,2
1765,Caster_10_TopPlate__4.binvox,11,1,75.57915886,3562790.777,2
1766,Caster_10_TopPlate__5.binvox,11,1,76.43437387,3494411.663,2
1767,Caster_10_TopPlate__7.binvox,11,1,74.83374086,3731446.662,2
1768,Caster_10_TopPlate__8.binvox,11,1,70.50688231,3573089.184,2
1769,Caster_10_WheelRubber__1.binvox,8,1,0.418710566,1927.27355,50
1770,Caster_10_WheelRubber__10.binvox,8,1,0.38222561,2004.283722,50
1771,Caster_10_WheelRubber__3.binvox,8,1,0.398143688,1991.619248,50
1772,Caster_10_WheelRubber__4.binvox,8,1,0.385056945,2059.024389,50
1773,Caster_10_WheelRubber__5.binvox,8,1,0.413345349,2086.172959,50
1774,Caster_10_WheelRubber__7.binvox,8,1,0.416665467,1971.687305,50
1775,Caster_10_WheelRubber__8.binvox,8,1,0.387133877,1990.566487,50
1776,Caster_10_Wheel__1.binvox,11,1,5.366012078,19350.30728,80
1777,Caster_10_Wheel__10.binvox,11,1,5.220832561,20581.28113,80
1778,Caster_10_Wheel__3.binvox,11,1,5.124295064,20822.35036,80
1779,Caster_10_Wheel__4.binvox,11,1,5.358328788,19373.11462,80
1780,Caster_10_Wheel__5.binvox,11,1,5.383384067,20909.72082,80
1781,Caster_10_Wheel__7.binvox,11,1,5.454453348,20967.53668,80
1782,Caster_10_Wheel__8.binvox,11,1,5.240266385,19132.69628,80
1783,Caster_1_Bolt__1.binvox,9,2,31.30758197,1417016.019,2
1784,Caster_1_Bolt__10.binvox,9,2,31.4965571,1403694.147,2
1785,Caster_1_Bolt__3.binvox,9,2,31.38821805,1479159.032,2
1786,Caster_1_Bolt__4.binvox,9,2,30.14151263,1470516.969,2
1787,Caster_1_Bolt__5.binvox,9,2,30.28247419,1461405.476,2
1788,Caster_1_Bolt__7.binvox,9,2,28.51986611,1525176.862,2
1789,Caster_1_Bolt__8.binvox,9,2,29.57091424,1480367.52,2
1790,Caster_1_Fork__1.binvox,12,1,19.56751378,938193.0603,2
1791,Caster_1_Fork__10.binvox,12,1,19.48877506,983784.3426,2
1792,Caster_1_Fork__3.binvox,12,1,19.04334483,971715.9916,2
1793,Caster_1_Fork__4.binvox,12,1,20.02402329,951800.8925,2
1794,Caster_1_Fork__5.binvox,12,1,19.37539458,989392.5057,2
1795,Caster_1_Fork__7.binvox,12,1,19.01680521,969787.5029,2
1796,Caster_1_Fork__8.binvox,12,1,20.20941618,964008.8806,2
1797,Caster_1_Nut__1.binvox,9,2,31.08862505,1490106.147,2
1798,Caster_1_Nut__10.binvox,9,2,30.7656998,1507012.295,2
1799,Caster_1_Nut__3.binvox,9,2,28.67271225,1457996.566,2
1800,Caster_1_Nut__4.binvox,9,2,30.08077944,1499395.801,2
1801,Caster_1_Nut__5.binvox,9,2,29.41750742,1515887.158,2
1802,Caster_1_Nut__7.binvox,9,2,28.80464747,1516928.211,2
1803,Caster_1_Nut__8.binvox,9,2,30.78825718,1427692.202,2
1804,Caster_1_Wheel__1.binvox,11,1,5.505753781,19833.19456,80
1805,Caster_1_Wheel__10.binvox,11,1,5.069198525,20154.6682,80
1806,Caster_1_Wheel__3.binvox,11,1,5.158174069,20795.79616,80
1807,Caster_1_Wheel__4.binvox,11,1,5.448689827,19230.86797,80
1808,Caster_1_Wheel__5.binvox,11,1,5.057525997,20211.95662,80
1809,Caster_1_Wheel__7.binvox,11,1,5.276781598,21011.89847,80
1810,Caster_1_Wheel__8.binvox,11,1,5.383455225,20181.48801,80
1811,Caster_2_Bolt__1.binvox,9,2,29.46209655,1471916.942,2
1812,Caster_2_Bolt__10.binvox,9,2,31.42788262,1478006.156,2
1813,Caster_2_Bolt__3.binvox,9,2,29.35164104,1438339.44,2
1814,Caster_2_Bolt__4.binvox,9,2,30.7577421,1510406.075,2
1815,Caster_2_Bolt__5.binvox,9,2,30.65393355,1428283.511,2
1816,Caster_2_Bolt__7.binvox,9,2,30.82850999,1500634.979,2
1817,Caster_2_Bolt__8.binvox,9,2,29.5114275,1447302.111,2
1818,Caster_2_Fork__1.binvox,12,1,19.85323999,928007.6165,2
1819,Caster_2_Fork__10.binvox,12,1,20.21829948,926653.2348,2
1820,Caster_2_Fork__3.binvox,12,1,19.60978261,996556.7797,2
1821,Caster_2_Fork__4.binvox,12,1,20.96438228,976421.9127,2
1822,Caster_2_Fork__5.binvox,12,1,19.81419868,995475.4339,2
1823,Caster_2_Fork__7.binvox,12,1,19.51681728,1009509.936,2
1824,Caster_2_Fork__8.binvox,12,1,19.71596639,987664.5925,2
1825,Caster_2_Nut__1.binvox,9,2,28.71919086,1511820.004,2
1826,Caster_2_Nut__10.binvox,9,2,29.53596891,1520699.932,2
1827,Caster_2_Nut__3.binvox,9,2,31.30995477,1473009.718,2
1828,Caster_2_Nut__4.binvox,9,2,28.50332142,1438628.29,2
1829,Caster_2_Nut__5.binvox,9,2,30.71130465,1513601.954,2
1830,Caster_2_Nut__7.binvox,9,2,31.12351978,1409194.505,2
1831,Caster_2_Nut__8.binvox,9,2,31.28686323,1463701.141,2
1832,Caster_2_Wheel__1.binvox,11,1,5.189149237,20215.75356,80
1833,Caster_2_Wheel__10.binvox,11,1,5.055721252,20119.4523,80
1834,Caster_2_Wheel__3.binvox,11,1,5.314866811,19672.99928,80
1835,Caster_2_Wheel__4.binvox,11,1,5.453083425,20951.5214,80
1836,Caster_2_Wheel__5.binvox,11,1,5.544893051,19433.92848,80
1837,Caster_2_Wheel__7.binvox,11,1,5.461408267,20036.32296,80
1838,Caster_2_Wheel__8.binvox,11,1,5.537363393,21044.17533,80
1839,Caster_3_Bolt__1.binvox,9,2,31.06608421,1388265.178,2
1840,Caster_3_Bolt__10.binvox,9,2,29.03848889,1512231.785,2
1841,Caster_3_Bolt__3.binvox,9,2,31.18252648,1438142.558,2
1842,Caster_3_Bolt__4.binvox,9,2,30.97337071,1419557.905,2
1843,Caster_3_Bolt__5.binvox,9,2,29.78372908,1513831.022,2
1844,Caster_3_Bolt__7.binvox,9,2,30.50699966,1434672.35,2
1845,Caster_3_Bolt__8.binvox,9,2,30.31631475,1532001.891,2
1846,Caster_3_Fork__1.binvox,12,1,19.76256517,991488.3147,2
1847,Caster_3_Fork__10.binvox,12,1,20.75301998,1007829.869,2
1848,Caster_3_Fork__3.binvox,12,1,19.95318925,952383.3879,2
1849,Caster_3_Fork__4.binvox,12,1,20.3780601,1007597.158,2
1850,Caster_3_Fork__5.binvox,12,1,20.37313839,989027.887,2
1851,Caster_3_Fork__7.binvox,12,1,20.74453798,933581.4983,2
1852,Caster_3_Fork__8.binvox,12,1,19.26455876,940172.7855,2
1853,Caster_3_Nut__1.binvox,9,2,28.50021538,1508271.683,2
1854,Caster_3_Nut__10.binvox,9,2,28.62662536,1494992.199,2
1855,Caster_3_Nut__3.binvox,9,2,29.91610963,1430596.036,2
1856,Caster_3_Nut__4.binvox,9,2,29.89417606,1498180.908,2
1857,Caster_3_Nut__5.binvox,9,2,29.75742118,1388512.529,2
1858,Caster_3_Nut__7.binvox,9,2,28.50530622,1481250.735,2
1859,Caster_3_Nut__8.binvox,9,2,30.75607417,1413488.563,2
1860,Caster_3_Wheel__1.binvox,11,1,5.420665715,21009.22023,80
1861,Caster_3_Wheel__10.binvox,11,1,5.359689635,21014.86337,80
1862,Caster_3_Wheel__3.binvox,11,1,5.136483414,19556.89356,80
1863,Caster_3_Wheel__4.binvox,11,1,5.372577113,20816.56063,80
1864,Caster_3_Wheel__5.binvox,11,1,5.248272299,19639.24754,80
1865,Caster_3_Wheel__7.binvox,11,1,5.106538824,20758.36837,80
1866,Caster_3_Wheel__8.binvox,11,1,5.287706908,19153.69883,80
1867,Caster_4_Bolt__1.binvox,9,2,31.44607135,1399873.594,2
1868,Caster_4_Bolt__10.binvox,9,2,29.20906375,1476817.717,2
1869,Caster_4_Bolt__3.binvox,9,2,30.9976755,1507094.155,2
1870,Caster_4_Bolt__4.binvox,9,2,29.98250576,1532519.219,2
1871,Caster_4_Bolt__5.binvox,9,2,30.14871088,1387433.352,2
1872,Caster_4_Bolt__7.binvox,9,2,30.69144744,1520654.736,2
1873,Caster_4_Bolt__8.binvox,9,2,31.10948439,1410327.567,2
1874,Caster_4_Fork__1.binvox,12,1,20.14589506,988315.5186,2
1875,Caster_4_Fork__10.binvox,12,1,19.12556223,926619.4611,2
1876,Caster_4_Fork__3.binvox,12,1,20.24170736,984879.7114,2
1877,Caster_4_Fork__4.binvox,12,1,19.44244345,1005210.556,2
1878,Caster_4_Fork__5.binvox,12,1,19.96032686,976048.2345,2
1879,Caster_4_Fork__7.binvox,12,1,20.07962451,964766.7924,2
1880,Caster_4_Fork__8.binvox,12,1,19.66709745,956405.2851,2
1881,Caster_4_Nut__1.binvox,9,2,29.40548282,1488128.041,2
1882,Caster_4_Nut__10.binvox,9,2,30.02926124,1409756.139,2
1883,Caster_4_Nut__3.binvox,9,2,30.9233273,1531813.433,2
1884,Caster_4_Nut__4.binvox,9,2,28.97996553,1475493.002,2
1885,Caster_4_Nut__5.binvox,9,2,28.72874058,1491928.404,2
1886,Caster_4_Nut__7.binvox,9,2,31.03409151,1495662.455,2
1887,Caster_4_Nut__8.binvox,9,2,31.41555472,1502454.311,2
1888,Caster_4_WheelRubber__1.binvox,8,1,0.409883493,1964.358137,50
1889,Caster_4_WheelRubber__10.binvox,8,1,0.418726595,2029.40409,50
1890,Caster_4_WheelRubber__3.binvox,8,1,0.396638616,2044.886303,50
1891,Caster_4_WheelRubber__4.binvox,8,1,0.404789367,1993.599541,50
1892,Caster_4_WheelRubber__5.binvox,8,1,0.417445078,1933.727638,50
1893,Caster_4_WheelRubber__7.binvox,8,1,0.402402834,1943.275442,50
1894,Caster_4_WheelRubber__8.binvox,8,1,0.40666975,1964.744207,50
1895,Caster_4_Wheel__1.binvox,11,1,5.062663256,19817.69632,80
1896,Caster_4_Wheel__10.binvox,11,1,5.534785377,20318.90436,80
1897,Caster_4_Wheel__3.binvox,11,1,5.105803514,19470.09199,80
1898,Caster_4_Wheel__4.binvox,11,1,5.225735819,19249.54146,80
1899,Caster_4_Wheel__5.binvox,11,1,5.436418623,20695.60849,80
1900,Caster_4_Wheel__7.binvox,11,1,5.436900004,20011.98198,80
1901,Caster_4_Wheel__8.binvox,11,1,5.288067337,19800.79836,80
1902,Caster_5_Bolt__1.binvox,9,2,31.20549981,1493296.372,2
1903,Caster_5_Bolt__10.binvox,9,2,30.93504488,1408803.084,2
1904,Caster_5_Bolt__3.binvox,9,2,28.79485012,1476390.013,2
1905,Caster_5_Bolt__4.binvox,9,2,28.98229785,1490425.744,2
1906,Caster_5_Bolt__5.binvox,9,2,30.28207026,1414052.217,2
1907,Caster_5_Bolt__7.binvox,9,2,31.09592413,1435562.16,2
1908,Caster_5_Bolt__8.binvox,9,2,30.18835359,1413067.434,2
1909,Caster_5_Fork__1.binvox,12,1,20.86136285,969479.5299,2
1910,Caster_5_Fork__10.binvox,12,1,20.69800886,982247.5056,2
1911,Caster_5_Fork__3.binvox,12,1,20.67543771,979682.4017,2
1912,Caster_5_Fork__4.binvox,12,1,20.04686649,938192.2271,2
1913,Caster_5_Fork__5.binvox,12,1,20.98522939,964723.7916,2
1914,Caster_5_Fork__7.binvox,12,1,19.62985686,984837.1454,2
1915,Caster_5_Fork__8.binvox,12,1,20.1551838,994633.8208,2
1916,Caster_5_Nut__1.binvox,9,2,29.29661887,1463813.574,2
1917,Caster_5_Nut__10.binvox,9,2,29.8576477,1476155.064,2
1918,Caster_5_Nut__3.binvox,9,2,29.85796482,1452418.837,2
1919,Caster_5_Nut__4.binvox,9,2,31.46539096,1472747.874,2
1920,Caster_5_Nut__5.binvox,9,2,30.06360594,1497272.21,2
1921,Caster_5_Nut__7.binvox,9,2,29.11626958,1390084.115,2
1922,Caster_5_Nut__8.binvox,9,2,29.17007119,1475694.784,2
1923,Caster_5_Wheel__1.binvox,11,1,5.370207344,19128.17255,80
1924,Caster_5_Wheel__10.binvox,11,1,5.476604745,20001.30068,80
1925,Caster_5_Wheel__3.binvox,11,1,5.142500861,19567.51661,80
1926,Caster_5_Wheel__4.binvox,11,1,5.459499626,19142.64178,80
1927,Caster_5_Wheel__5.binvox,11,1,5.206243235,21015.79537,80
1928,Caster_5_Wheel__7.binvox,11,1,5.067724598,20670.77318,80
1929,Caster_5_Wheel__8.binvox,11,1,5.441304173,19575.33059,80
1930,Caster_6_Bolt__1.binvox,9,2,30.70164398,1396067.862,2
1931,Caster_6_Bolt__10.binvox,9,2,30.5582713,1399270.059,2
1932,Caster_6_Bolt__3.binvox,9,2,31.0777238,1459556.569,2
1933,Caster_6_Bolt__4.binvox,9,2,30.55223225,1482554.376,2
1934,Caster_6_Bolt__5.binvox,9,2,28.70554528,1400417.425,2
1935,Caster_6_Bolt__7.binvox,9,2,29.74527496,1473430.122,2
1936,Caster_6_Bolt__8.binvox,9,2,31.45258682,1414994.535,2
1937,Caster_6_Fork__1.binvox,12,1,20.75507599,957424.7788,2
1938,Caster_6_Fork__10.binvox,12,1,20.26513718,950409.7257,2
1939,Caster_6_Fork__3.binvox,12,1,20.01879682,928851.2861,2
1940,Caster_6_Fork__4.binvox,12,1,20.52771993,997724.5795,2
1941,Caster_6_Fork__5.binvox,12,1,20.10671425,982334.4101,2
1942,Caster_6_Fork__7.binvox,12,1,19.08328198,960293.2415,2
1943,Caster_6_Fork__8.binvox,12,1,19.91347023,990137.7944,2
1944,Caster_6_Nut__1.binvox,9,2,29.16853523,1530789.327,2
1945,Caster_6_Nut__10.binvox,9,2,29.1524418,1500357.758,2
1946,Caster_6_Nut__3.binvox,9,2,30.63598785,1398547.622,2
1947,Caster_6_Nut__4.binvox,9,2,28.66585242,1421550.006,2
1948,Caster_6_Nut__5.binvox,9,2,31.01668259,1435023.39,2
1949,Caster_6_Nut__7.binvox,9,2,30.29376216,1425631.339,2
1950,Caster_6_Nut__8.binvox,9,2,29.18979928,1506098.852,2
1951,Caster_6_TopPlate__1.binvox,11,1,73.15158473,3505853.598,2
1952,Caster_6_TopPlate__10.binvox,11,1,73.23154349,3391168.255,2
1953,Caster_6_TopPlate__3.binvox,11,1,76.55095629,3734219.158,2
1954,Caster_6_TopPlate__4.binvox,11,1,69.56777398,3657023.886,2
1955,Caster_6_TopPlate__5.binvox,11,1,75.99351755,3424342.243,2
1956,Caster_6_TopPlate__7.binvox,11,1,74.9642283,3547756.272,2
1957,Caster_6_TopPlate__8.binvox,11,1,75.20069188,3530887.068,2
1958,Caster_6_Wheel__1.binvox,11,1,5.305315272,19918.24103,80
1959,Caster_6_Wheel__10.binvox,11,1,5.304914235,19358.55277,80
1960,Caster_6_Wheel__3.binvox,11,1,5.398714515,19375.73963,80
1961,Caster_6_Wheel__4.binvox,11,1,5.237775451,19422.74802,80
1962,Caster_6_Wheel__5.binvox,11,1,5.499865797,19630.44647,80
1963,Caster_6_Wheel__7.binvox,11,1,5.180569655,21048.76031,80
1964,Caster_6_Wheel__8.binvox,11,1,5.461165045,21084.20767,80
1965,Caster_7_Bolt__1.binvox,9,2,31.14463965,1406143.711,2
1966,Caster_7_Bolt__10.binvox,9,2,28.58099713,1507063.91,2
1967,Caster_7_Bolt__3.binvox,9,2,29.42099048,1436036.201,2
1968,Caster_7_Bolt__4.binvox,9,2,31.31623551,1500319.824,2
1969,Caster_7_Bolt__5.binvox,9,2,29.82542076,1508272.813,2
1970,Caster_7_Bolt__7.binvox,9,2,28.58775799,1485864.239,2
1971,Caster_7_Bolt__8.binvox,9,2,30.45732765,1438994.473,2
1972,Caster_7_Fork__1.binvox,12,1,19.8425633,933901.4313,2
1973,Caster_7_Fork__10.binvox,12,1,19.32537807,950786.5827,2
1974,Caster_7_Fork__3.binvox,12,1,20.52926864,993780.9251,2
1975,Caster_7_Fork__4.binvox,12,1,19.45109874,1019050.896,2
1976,Caster_7_Fork__5.binvox,12,1,20.54347686,976149.8403,2
1977,Caster_7_Fork__7.binvox,12,1,20.64352006,951574.9385,2
1978,Caster_7_Fork__8.binvox,12,1,20.54090252,992244.789,2
1979,Caster_7_Nut__1.binvox,9,2,30.20512291,1487908.145,2
1980,Caster_7_Nut__10.binvox,9,2,29.15900947,1452584.752,2
1981,Caster_7_Nut__3.binvox,9,2,30.92882604,1435196.202,2
1982,Caster_7_Nut__4.binvox,9,2,31.06551739,1464033.308,2
1983,Caster_7_Nut__5.binvox,9,2,30.9521286,1470326.845,2
1984,Caster_7_Nut__7.binvox,9,2,30.89274162,1450122.055,2
1985,Caster_7_Nut__8.binvox,9,2,30.19122522,1434222.462,2
1986,Caster_7_TopPlate__1.binvox,11,1,74.56984868,3613156.967,2
1987,Caster_7_TopPlate__10.binvox,11,1,71.5778685,3414225.95,2
1988,Caster_7_TopPlate__3.binvox,11,1,72.48668605,3389927.236,2
1989,Caster_7_TopPlate__4.binvox,11,1,70.51945962,3688861.218,2
1990,Caster_7_TopPlate__5.binvox,11,1,75.24187225,3525720.259,2
1991,Caster_7_TopPlate__7.binvox,11,1,73.48026564,3591326.874,2
1992,Caster_7_TopPlate__8.binvox,11,1,74.71123149,3636001.872,2
1993,Caster_7_Wheel__1.binvox,11,1,5.487753956,19999.16115,80
1994,Caster_7_Wheel__10.binvox,11,1,5.124386764,21103.30289,80
1995,Caster_7_Wheel__3.binvox,11,1,5.071567455,19719.40565,80
1996,Caster_7_Wheel__4.binvox,11,1,5.089920833,19777.34757,80
1997,Caster_7_Wheel__5.binvox,11,1,5.253019533,21036.27307,80
1998,Caster_7_Wheel__7.binvox,11,1,5.418692657,20435.09376,80
1999,Caster_7_Wheel__8.binvox,11,1,5.435910284,19786.51183,80
2000,Caster_8_Bolt__1.binvox,9,2,31.45753371,1469223.202,2
2001,Caster_8_Bolt__10.binvox,9,2,29.47334739,1498769.542,2
2002,Caster_8_Bolt__3.binvox,9,2,29.91489303,1426521.15,2
2003,Caster_8_Bolt__4.binvox,9,2,29.18884602,1434189.512,2
2004,Caster_8_Bolt__5.binvox,9,2,29.72387089,1424919.038,2
2005,Caster_8_Bolt__7.binvox,9,2,30.32034955,1421772.871,2
2006,Caster_8_Bolt__8.binvox,9,2,31.04826006,1480816.17,2
2007,Caster_8_Fork__1.binvox,12,1,19.70025497,974785.8544,2
2008,Caster_8_Fork__10.binvox,12,1,20.38920492,959544.2456,2
2009,Caster_8_Fork__3.binvox,12,1,19.96258801,1015073.796,2
2010,Caster_8_Fork__4.binvox,12,1,20.70657683,925557.7742,2
2011,Caster_8_Fork__5.binvox,12,1,20.15745465,1002925.339,2
2012,Caster_8_Fork__7.binvox,12,1,20.81420038,1006292.804,2
2013,Caster_8_Fork__8.binvox,12,1,19.1790111,945457.5121,2
2014,Caster_8_Nut__1.binvox,9,2,30.64078735,1417633.649,2
2015,Caster_8_Nut__10.binvox,9,2,30.24957484,1495467.237,2
2016,Caster_8_Nut__3.binvox,9,2,30.1438377,1525307.203,2
2017,Caster_8_Nut__4.binvox,9,2,29.56646645,1440807.504,2
2018,Caster_8_Nut__5.binvox,9,2,30.23572752,1497622.296,2
2019,Caster_8_Nut__7.binvox,9,2,30.77850022,1501926.874,2
2020,Caster_8_Nut__8.binvox,9,2,31.1509102,1458417.713,2
2021,Caster_8_TopPlate__1.binvox,11,1,72.72464402,3607308.138,2
2022,Caster_8_TopPlate__10.binvox,11,1,70.95241638,3432813.898,2
2023,Caster_8_TopPlate__3.binvox,11,1,76.01090993,3679720.156,2
2024,Caster_8_TopPlate__4.binvox,11,1,71.99195627,3560697.242,2
2025,Caster_8_TopPlate__5.binvox,11,1,76.37988565,3658753.722,2
2026,Caster_8_TopPlate__7.binvox,11,1,74.05025398,3601729.7,2
2027,Caster_8_TopPlate__8.binvox,11,1,72.57384281,3394061.802,2
2028,Caster_8_Wheel__1.binvox,11,1,5.152637601,21061.89082,80
2029,Caster_8_Wheel__10.binvox,11,1,5.47263965,19415.45184,80
2030,Caster_8_Wheel__3.binvox,11,1,5.245920162,20753.66607,80
2031,Caster_8_Wheel__4.binvox,11,1,5.081997424,20614.84842,80
2032,Caster_8_Wheel__5.binvox,11,1,5.321998986,19383.54775,80
2033,Caster_8_Wheel__7.binvox,11,1,5.219383227,20726.22935,80
2034,Caster_8_Wheel__8.binvox,11,1,5.212832277,21037.61621,80
2035,Caster_9_Bolt__1.binvox,9,2,29.56059062,1440322.273,2
2036,Caster_9_Bolt__10.binvox,9,2,29.50918719,1428987.259,2
2037,Caster_9_Bolt__3.binvox,9,2,31.15986118,1447568.45,2
2038,Caster_9_Bolt__4.binvox,9,2,31.24513502,1498139.982,2
2039,Caster_9_Bolt__5.binvox,9,2,30.78060268,1504939.474,2
2040,Caster_9_Bolt__7.binvox,9,2,30.62881259,1520101.353,2
2041,Caster_9_Bolt__8.binvox,9,2,30.01154164,1471633.454,2
2042,Caster_9_Fork__1.binvox,12,1,20.31142399,982578.3371,2
2043,Caster_9_Fork__10.binvox,12,1,19.76745293,938770.9771,2
2044,Caster_9_Fork__3.binvox,12,1,19.31462844,988726.212,2
2045,Caster_9_Fork__4.binvox,12,1,20.62050116,933036.906,2
2046,Caster_9_Fork__5.binvox,12,1,20.25629371,983745.7457,2
2047,Caster_9_Fork__7.binvox,12,1,19.14413139,933512.2254,2
2048,Caster_9_Fork__8.binvox,12,1,20.91765426,992400.1739,2
2049,Caster_9_Nut__1.binvox,9,2,28.99499891,1438430.075,2
2050,Caster_9_Nut__10.binvox,9,2,29.60554472,1507734.299,2
2051,Caster_9_Nut__3.binvox,9,2,29.98704274,1433025.879,2
2052,Caster_9_Nut__4.binvox,9,2,29.37199891,1489304.651,2
2053,Caster_9_Nut__5.binvox,9,2,31.14152741,1450479.063,2
2054,Caster_9_Nut__7.binvox,9,2,29.63724514,1497958.807,2
2055,Caster_9_Nut__8.binvox,9,2,30.17564583,1391904.77,2
2056,Caster_9_TopPlate__1.binvox,11,1,76.59613267,3385906.947,2
2057,Caster_9_TopPlate__10.binvox,11,1,76.05574469,3458112.792,2
2058,Caster_9_TopPlate__3.binvox,11,1,69.69732492,3713775.038,2
2059,Caster_9_TopPlate__4.binvox,11,1,69.81428633,3393730.224,2
2060,Caster_9_TopPlate__5.binvox,11,1,75.42849652,3688165.202,2
2061,Caster_9_TopPlate__7.binvox,11,1,76.05268418,3568239.914,2
2062,Caster_9_TopPlate__8.binvox,11,1,75.9759409,3431651.341,2
2063,Caster_9_Wheel__1.binvox,11,1,5.103866668,20456.94816,80
2064,Caster_9_Wheel__10.binvox,11,1,5.374116685,19721.7055,80
2065,Caster_9_Wheel__3.binvox,11,1,5.138796816,20609.35065,80
2066,Caster_9_Wheel__4.binvox,11,1,5.366010001,20975.3122,80
2067,Caster_9_Wheel__5.binvox,11,1,5.309517916,19767.35856,80
2068,Caster_9_Wheel__7.binvox,11,1,5.339297798,20018.87413,80
2069,Caster_9_Wheel__8.binvox,11,1,5.241405412,20899.25564,80
2070,Clamp_10_Frame__1.binvox,11,1,76.17108354,3600204.708,2
2071,Clamp_10_Pad__1.binvox,9,1,3.696995042,18495.1529,50
2072,Clamp_10_PinScrew__1.binvox,9,1,29.22323555,1479475.291,2
2073,Clamp_11_Frame__1.binvox,11,1,71.53371376,3683139.065,2
2074,Clamp_11_Handle__1.binvox,9,1,35.92469521,1761791.419,2
2075,Clamp_11_Pad__1.binvox,9,1,3.657683967,18617.9647,50
2076,Clamp_11_PinScrew__1.binvox,9,1,30.16589314,1495048.893,2
2077,Clamp_12_Frame__1.binvox,11,1,75.75194721,3419265.435,2
2078,Clamp_12_Handle__1.binvox,9,1,35.54265391,1821750.008,2
2079,Clamp_12_Pad__1.binvox,9,1,3.584553909,18708.49149,50
2080,Clamp_12_PinScrew__1.binvox,9,1,31.07592965,1411792.154,2
2081,Clamp_13_Frame__1.binvox,11,1,74.46638371,3483293.031,2
2082,Clamp_13_Handle__1.binvox,9,1,36.60059361,1734309.148,2
2083,Clamp_13_Pad__1.binvox,9,1,3.487385409,19031.51228,50
2084,Clamp_13_PinScrew__1.binvox,9,1,29.14217007,1517396.646,2
2085,Clamp_15_Frame__1.binvox,11,1,72.38658551,3669420.782,2
2086,Clamp_15_Handle__1.binvox,9,1,37.05819366,1790157.644,2
2087,Clamp_15_Pad__1.binvox,9,1,3.681863594,17929.63473,50
2088,Clamp_15_PinScrew__1.binvox,9,1,31.35086331,1531984.928,2
2089,Clamp_16_Frame__1.binvox,11,1,71.52351986,3599806.581,2
2090,Clamp_16_Handle__1.binvox,9,1,37.62517059,1813715.403,2
2091,Clamp_16_Pad__1.binvox,9,1,3.803868561,17805.02082,50
2092,Clamp_16_PinScrew__1.binvox,9,1,30.23244094,1434810.469,2
2093,Clamp_17_Frame__1.binvox,11,1,75.28619511,3455879.945,2
2094,Clamp_17_Handle__1.binvox,9,1,37.0878218,1782174.091,2
2095,Clamp_17_Pad__1.binvox,9,1,3.680597154,17500.10735,50
2096,Clamp_17_PinScrew__1.binvox,9,1,31.43158677,1408334.805,2
2097,Clamp_18_Frame__1.binvox,11,1,72.87527428,3706053.294,2
2098,Clamp_18_Handle__1.binvox,9,1,36.48035314,1789772.424,2
2099,Clamp_18_Pad__1.binvox,9,1,3.576676098,18028.73412,50
2100,Clamp_18_PinScrew__1.binvox,9,1,28.53782001,1420362.441,2
2101,Clamp_1_Frame__2.binvox,11,1,73.04884296,3673495.878,2
2102,Clamp_1_Frame__3.binvox,11,1,74.26840649,3453464.768,2
2103,Clamp_1_Frame__4.binvox,11,1,71.00190191,3385779.452,2
2104,Clamp_1_Frame__5.binvox,11,1,75.4333828,3648256.447,2
2105,Clamp_1_Frame__7.binvox,11,1,75.56611515,3391790.413,2
2106,Clamp_1_Frame__9.binvox,11,1,70.67408454,3616751.614,2
2107,Clamp_1_Handle__2.binvox,9,1,35.47004937,1852627.814,2
2108,Clamp_1_Handle__3.binvox,9,1,35.90916355,1810920.544,2
2109,Clamp_1_Handle__4.binvox,9,1,37.13447278,1706803.359,2
2110,Clamp_1_Handle__5.binvox,9,1,36.48569203,1815408.547,2
2111,Clamp_1_Handle__7.binvox,9,1,38.33571726,1715268.633,2
2112,Clamp_1_Handle__9.binvox,9,1,35.1245366,1762130.326,2
2113,Clamp_1_Pad__2.binvox,9,1,3.69974964,17635.94708,50
2114,Clamp_1_Pad__3.binvox,9,1,3.822432229,19158.87369,50
2115,Clamp_1_Pad__4.binvox,9,1,3.508135592,17834.48978,50
2116,Clamp_1_Pad__5.binvox,9,1,3.625665733,17858.48098,50
2117,Clamp_1_Pad__7.binvox,9,1,3.515860871,17755.02369,50
2118,Clamp_1_Pad__9.binvox,9,1,3.793381563,19159.47752,50
2119,Clamp_1_PinScrew__2.binvox,9,1,28.70900783,1464139.944,2
2120,Clamp_1_PinScrew__3.binvox,9,1,28.88693593,1441036.242,2
2121,Clamp_1_PinScrew__4.binvox,9,1,29.00777047,1424179.597,2
2122,Clamp_1_PinScrew__5.binvox,9,1,30.12398895,1388565.441,2
2123,Clamp_1_PinScrew__7.binvox,9,1,30.63472299,1492887.006,2
2124,Clamp_1_PinScrew__9.binvox,9,1,31.29299516,1471453.784,2
2125,Clamp_20_Frame__1.binvox,11,1,70.36184271,3578224.489,2
2126,Clamp_20_Handle__1.binvox,9,1,36.18481028,1814357.295,2
2127,Clamp_20_Pad__1.binvox,9,1,3.586431593,18605.46267,50
2128,Clamp_20_PinScrew__1.binvox,9,1,29.67591874,1413824.071,2
2129,Clamp_2_Frame__2.binvox,11,1,75.99753516,3495048.819,2
2130,Clamp_2_Frame__3.binvox,11,1,76.11547416,3462936.533,2
2131,Clamp_2_Frame__4.binvox,11,1,72.87452299,3478817.93,2
2132,Clamp_2_Frame__5.binvox,11,1,74.97923487,3500898.822,2
2133,Clamp_2_Frame__7.binvox,11,1,73.68089933,3520975.383,2
2134,Clamp_2_Frame__9.binvox,11,1,72.34068155,3633386.603,2
2135,Clamp_2_Handle__2.binvox,9,1,35.39946258,1761531.346,2
2136,Clamp_2_Handle__3.binvox,9,1,37.48719889,1838801.51,2
2137,Clamp_2_Handle__4.binvox,9,1,38.42146883,1704174.39,2
2138,Clamp_2_Handle__5.binvox,9,1,36.24490751,1862605.697,2
2139,Clamp_2_Handle__7.binvox,9,1,36.87598468,1773893.162,2
2140,Clamp_2_Handle__9.binvox,9,1,35.71739751,1742624.932,2
2141,Clamp_2_Pad__2.binvox,9,1,3.55017827,18670.97088,50
2142,Clamp_2_Pad__3.binvox,9,1,3.500908975,18189.90271,50
2143,Clamp_2_Pad__4.binvox,9,1,3.700756776,17582.4891,50
2144,Clamp_2_Pad__5.binvox,9,1,3.784266426,18864.87771,50
2145,Clamp_2_Pad__7.binvox,9,1,3.670537102,18814.86475,50
2146,Clamp_2_Pad__9.binvox,9,1,3.584941068,17421.03042,50
2147,Clamp_2_PinScrew__2.binvox,9,1,29.91455891,1390285.17,2
2148,Clamp_2_PinScrew__3.binvox,9,1,29.47134965,1407988.226,2
2149,Clamp_2_PinScrew__4.binvox,9,1,30.18070926,1440632.534,2
2150,Clamp_2_PinScrew__5.binvox,9,1,31.25565835,1499737.19,2
2151,Clamp_2_PinScrew__7.binvox,9,1,29.03111509,1446880.794,2
2152,Clamp_2_PinScrew__9.binvox,9,1,28.53724698,1489732.348,2
2153,Clamp_3_Frame__2.binvox,11,1,74.1815131,3736310.302,2
2154,Clamp_3_Frame__3.binvox,11,1,73.46419209,3598225.114,2
2155,Clamp_3_Frame__4.binvox,11,1,70.00281544,3563282.493,2
2156,Clamp_3_Frame__5.binvox,11,1,72.00041645,3582016.57,2
2157,Clamp_3_Frame__7.binvox,11,1,76.48544736,3584122.966,2
2158,Clamp_3_Frame__9.binvox,11,1,75.26868944,3533826.987,2
2159,Clamp_3_Handle__2.binvox,9,1,36.37540373,1765848.161,2
2160,Clamp_3_Handle__3.binvox,9,1,37.08560817,1766285.966,2
2161,Clamp_3_Handle__4.binvox,9,1,35.55605191,1732402.456,2
2162,Clamp_3_Handle__5.binvox,9,1,36.42701529,1829548.009,2
2163,Clamp_3_Handle__7.binvox,9,1,37.67297363,1863305.278,2
2164,Clamp_3_Handle__9.binvox,9,1,38.09097409,1801360.26,2
2165,Clamp_3_Pad__2.binvox,9,1,3.582942153,17644.16357,50
2166,Clamp_3_Pad__3.binvox,9,1,3.690200398,18385.50776,50
2167,Clamp_3_Pad__4.binvox,9,1,3.599836025,17774.58935,50
2168,Clamp_3_Pad__5.binvox,9,1,3.782703202,18777.49718,50
2169,Clamp_3_Pad__7.binvox,9,1,3.651231526,17925.4635,50
2170,Clamp_3_Pad__9.binvox,9,1,3.689450341,19210.70921,50
2171,Clamp_3_PinScrew__2.binvox,9,1,30.83328421,1430712.172,2
2172,Clamp_3_PinScrew__3.binvox,9,1,28.77637124,1398296.008,2
2173,Clamp_3_PinScrew__4.binvox,9,1,30.40691296,1394846.05,2
2174,Clamp_3_PinScrew__5.binvox,9,1,30.75679428,1520698.294,2
2175,Clamp_3_PinScrew__7.binvox,9,1,31.0928979,1479934.194,2
2176,Clamp_3_PinScrew__9.binvox,9,1,28.71982162,1424532.634,2
2177,Clamp_4_Frame__2.binvox,11,1,73.05637788,3484880.674,2
2178,Clamp_4_Frame__3.binvox,11,1,74.62928811,3732940.559,2
2179,Clamp_4_Frame__4.binvox,11,1,72.20737708,3730500.683,2
2180,Clamp_4_Frame__5.binvox,11,1,72.41004521,3558372.449,2
2181,Clamp_4_Frame__7.binvox,11,1,74.14359893,3600451.628,2
2182,Clamp_4_Frame__9.binvox,11,1,76.29806108,3536431.766,2
2183,Clamp_4_PinScrew__2.binvox,9,1,30.39475525,1407157.799,2
2184,Clamp_4_PinScrew__3.binvox,9,1,29.91947321,1513297,2
2185,Clamp_4_PinScrew__4.binvox,9,1,30.71588493,1514338.546,2
2186,Clamp_4_PinScrew__5.binvox,9,1,29.3625245,1508589.833,2
2187,Clamp_4_PinScrew__7.binvox,9,1,28.63733907,1393458.334,2
2188,Clamp_4_PinScrew__9.binvox,9,1,30.20989883,1498772.859,2
2189,Clamp_5_Frame__2.binvox,11,1,72.17121037,3470193.645,2
2190,Clamp_5_Frame__3.binvox,11,1,76.70362042,3563775.805,2
2191,Clamp_5_Frame__4.binvox,11,1,71.62809598,3700002.856,2
2192,Clamp_5_Frame__5.binvox,11,1,73.14181695,3446880.743,2
2193,Clamp_5_Frame__7.binvox,11,1,74.33359305,3616057.285,2
2194,Clamp_5_Frame__9.binvox,11,1,76.47119914,3606122.527,2
2195,Clamp_5_Handle__2.binvox,9,1,35.90060265,1772039.319,2
2196,Clamp_5_Handle__3.binvox,9,1,35.4282078,1854920.7,2
2197,Clamp_5_Handle__4.binvox,9,1,36.46008166,1740243.238,2
2198,Clamp_5_Handle__5.binvox,9,1,35.17543253,1827010.459,2
2199,Clamp_5_Handle__7.binvox,9,1,37.31503534,1741727.734,2
2200,Clamp_5_Handle__9.binvox,9,1,36.57816811,1847418.332,2
2201,Clamp_5_Pad__2.binvox,9,1,3.659949588,19049.97219,50
2202,Clamp_5_Pad__3.binvox,9,1,3.683184385,17605.05204,50
2203,Clamp_5_Pad__4.binvox,9,1,3.597478067,18125.98303,50
2204,Clamp_5_Pad__5.binvox,9,1,3.50817864,18861.36471,50
2205,Clamp_5_Pad__7.binvox,9,1,3.734852513,17978.68004,50
2206,Clamp_5_Pad__9.binvox,9,1,3.705052583,17876.70485,50
2207,Clamp_5_PinScrew__2.binvox,9,1,28.68622145,1400160.221,2
2208,Clamp_5_PinScrew__3.binvox,9,1,29.71949723,1466742.258,2
2209,Clamp_5_PinScrew__4.binvox,9,1,30.75843679,1439151.967,2
2210,Clamp_5_PinScrew__5.binvox,9,1,29.46720462,1458382.52,2
2211,Clamp_5_PinScrew__7.binvox,9,1,30.46782171,1521899.469,2
2212,Clamp_5_PinScrew__9.binvox,9,1,28.51299528,1524978.29,2
2213,Clamp_6_Frame__1.binvox,11,1,71.42243221,3438822.33,2
2214,Clamp_6_Pad__1.binvox,9,1,3.664437387,17918.5565,50
2215,Clamp_6_PinScrew__1.binvox,9,1,30.00233639,1524119.425,2
2216,Clamp_7_Frame__1.binvox,11,1,75.7792698,3721575.062,2
2217,Clamp_7_PinScrew__1.binvox,9,1,31.00468227,1400959.071,2
2218,Clamp_8_Frame__1.binvox,11,1,75.52853218,3483173.266,2
2219,Clamp_8_Handle__1.binvox,9,1,37.00006843,1821142.212,2
2220,Clamp_8_Pad__1.binvox,9,1,3.592730056,17888.25353,50
2221,Clamp_8_PinScrew__1.binvox,9,1,31.21197589,1398145.901,2
2222,Hinge_10_LeafLeft__1.binvox,12,1,37.82926723,1762875.846,2
2223,Hinge_10_LeafLeft__10.binvox,12,1,37.81431351,1711301.265,2
2224,Hinge_10_LeafLeft__3.binvox,12,1,38.09312798,1727975.302,2
2225,Hinge_10_LeafLeft__4.binvox,12,1,35.99327226,1805816.326,2
2226,Hinge_10_LeafLeft__5.binvox,12,1,35.41910294,1724679.243,2
2227,Hinge_10_LeafLeft__7.binvox,12,1,35.2494375,1788290.955,2
2228,Hinge_10_LeafLeft__8.binvox,12,1,37.04248644,1760951.564,2
2229,Hinge_10_LeafRight__1.binvox,12,1,36.5253931,1722978.322,2
2230,Hinge_10_LeafRight__10.binvox,12,1,37.9608339,1856979.099,2
2231,Hinge_10_LeafRight__3.binvox,12,1,37.16253833,1826958.494,2
2232,Hinge_10_LeafRight__4.binvox,12,1,37.64908226,1805269.771,2
2233,Hinge_10_LeafRight__5.binvox,12,1,38.31160821,1710373.092,2
2234,Hinge_10_LeafRight__7.binvox,12,1,35.17018421,1787131.263,2
2235,Hinge_10_LeafRight__8.binvox,12,1,35.61075282,1783677.111,2
2236,Hinge_10_Pin__1.binvox,9,1,20.04101695,932104.1543,2
2237,Hinge_10_Pin__10.binvox,9,1,19.10464064,960974.5561,2
2238,Hinge_10_Pin__3.binvox,9,1,19.95295353,936325.8241,2
2239,Hinge_10_Pin__4.binvox,9,1,19.58035084,938399.9608,2
2240,Hinge_10_Pin__5.binvox,9,1,19.59585668,997902.7087,2
2241,Hinge_10_Pin__7.binvox,9,1,19.89485896,974803.9946,2
2242,Hinge_10_Pin__8.binvox,9,1,19.36225891,968502.7186,2
2243,Hinge_1_LeafLeft__1.binvox,12,1,37.78926536,1715238.739,2
2244,Hinge_1_LeafLeft__10.binvox,12,1,36.03740008,1724154.692,2
2245,Hinge_1_LeafLeft__3.binvox,12,1,35.81798742,1863451.98,2
2246,Hinge_1_LeafLeft__4.binvox,12,1,36.64792389,1772569.81,2
2247,Hinge_1_LeafLeft__5.binvox,12,1,35.11215333,1796651.942,2
2248,Hinge_1_LeafLeft__7.binvox,12,1,36.68417929,1711663.805,2
2249,Hinge_1_LeafLeft__8.binvox,12,1,34.96498498,1768243.294,2
2250,Hinge_1_LeafRight__1.binvox,12,1,37.37673288,1768809.779,2
2251,Hinge_1_LeafRight__10.binvox,12,1,35.30589404,1868077.259,2
2252,Hinge_1_LeafRight__3.binvox,12,1,34.92742325,1696022.896,2
2253,Hinge_1_LeafRight__4.binvox,12,1,36.43563932,1849610.113,2
2254,Hinge_1_LeafRight__5.binvox,12,1,37.21693223,1718996.806,2
2255,Hinge_1_LeafRight__7.binvox,12,1,35.90055686,1720968.192,2
2256,Hinge_1_LeafRight__8.binvox,12,1,36.00729037,1819866.985,2
2257,Hinge_1_Pin__1.binvox,9,1,19.04231045,950807.1286,2
2258,Hinge_1_Pin__10.binvox,9,1,19.93977164,936986.8311,2
2259,Hinge_1_Pin__3.binvox,9,1,20.8895904,943499.7005,2
2260,Hinge_1_Pin__4.binvox,9,1,20.45469812,960034.787,2
2261,Hinge_1_Pin__5.binvox,9,1,19.65076513,1013914.534,2
2262,Hinge_1_Pin__7.binvox,9,1,19.61680819,980683.1642,2
2263,Hinge_1_Pin__8.binvox,9,1,20.54798763,940265.5827,2
2264,Hinge_2_LeafLeft__1.binvox,12,1,37.65142586,1851758.295,2
2265,Hinge_2_LeafLeft__10.binvox,12,1,35.29910034,1862533.763,2
2266,Hinge_2_LeafLeft__3.binvox,12,1,35.19181451,1768076.364,2
2267,Hinge_2_LeafLeft__4.binvox,12,1,37.61387411,1798610.205,2
2268,Hinge_2_LeafLeft__5.binvox,12,1,35.67048645,1854953.465,2
2269,Hinge_2_LeafLeft__7.binvox,12,1,36.66901853,1737648.338,2
2270,Hinge_2_LeafLeft__8.binvox,12,1,36.01069663,1702479.964,2
2271,Hinge_2_LeafRight__1.binvox,12,1,36.98464066,1857016.158,2
2272,Hinge_2_LeafRight__10.binvox,12,1,35.48457255,1729056.861,2
2273,Hinge_2_LeafRight__3.binvox,12,1,36.06868115,1765720.755,2
2274,Hinge_2_LeafRight__4.binvox,12,1,35.95084129,1771517.387,2
2275,Hinge_2_LeafRight__5.binvox,12,1,35.93505336,1860798.416,2
2276,Hinge_2_LeafRight__7.binvox,12,1,35.87782271,1744066.386,2
2277,Hinge_2_LeafRight__8.binvox,12,1,35.6483474,1823199.245,2
2278,Hinge_2_Pin__1.binvox,9,1,19.58777871,1017614.91,2
2279,Hinge_2_Pin__10.binvox,9,1,19.22891894,1005996.777,2
2280,Hinge_2_Pin__3.binvox,9,1,20.20150619,949272.6722,2
2281,Hinge_2_Pin__4.binvox,9,1,19.82713141,982378.0939,2
2282,Hinge_2_Pin__5.binvox,9,1,20.82590851,1015326.259,2
2283,Hinge_2_Pin__7.binvox,9,1,20.61210354,925357.9331,2
2284,Hinge_2_Pin__8.binvox,9,1,20.76296012,987444.7224,2
2285,Hinge_3_LeafLeft__1.binvox,12,1,37.47954137,1702733.357,2
2286,Hinge_3_LeafLeft__10.binvox,12,1,36.06220319,1735737.109,2
2287,Hinge_3_LeafLeft__3.binvox,12,1,35.35032659,1790255.524,2
2288,Hinge_3_LeafLeft__4.binvox,12,1,38.23381474,1726189.888,2
2289,Hinge_3_LeafLeft__5.binvox,12,1,37.96614377,1834995.324,2
2290,Hinge_3_LeafLeft__7.binvox,12,1,35.70222324,1706547.863,2
2291,Hinge_3_LeafLeft__8.binvox,12,1,38.09207812,1757590.03,2
2292,Hinge_3_LeafRight__1.binvox,12,1,35.25543911,1738732.349,2
2293,Hinge_3_LeafRight__10.binvox,12,1,35.59370112,1766248.77,2
2294,Hinge_3_LeafRight__3.binvox,12,1,37.11547516,1769220.542,2
2295,Hinge_3_LeafRight__4.binvox,12,1,36.49202889,1817452.15,2
2296,Hinge_3_LeafRight__5.binvox,12,1,37.85894465,1791638.23,2
2297,Hinge_3_LeafRight__7.binvox,12,1,38.22075946,1833838.366,2
2298,Hinge_3_LeafRight__8.binvox,12,1,37.5106239,1702758.424,2
2299,Hinge_3_Pin__1.binvox,9,1,19.16356569,974396.384,2
2300,Hinge_3_Pin__10.binvox,9,1,19.40102695,1010218.224,2
2301,Hinge_3_Pin__3.binvox,9,1,19.89267888,1002372.535,2
2302,Hinge_3_Pin__4.binvox,9,1,19.27245079,1013052.709,2
2303,Hinge_3_Pin__5.binvox,9,1,19.36452293,995117.1326,2
2304,Hinge_3_Pin__7.binvox,9,1,20.29796322,950208.6509,2
2305,Hinge_3_Pin__8.binvox,9,1,20.54816969,1013548.847,2
2306,Hinge_4_LeafLeft__1.binvox,12,1,36.81299504,1865965.46,2
2307,Hinge_4_LeafLeft__10.binvox,12,1,37.14970705,1803220.657,2
2308,Hinge_4_LeafLeft__3.binvox,12,1,34.92124736,1861261.129,2
2309,Hinge_4_LeafLeft__4.binvox,12,1,35.16737149,1697819.61,2
2310,Hinge_4_LeafLeft__5.binvox,12,1,37.17868318,1832654.077,2
2311,Hinge_4_LeafLeft__7.binvox,12,1,35.68318764,1757216.243,2
2312,Hinge_4_LeafLeft__8.binvox,12,1,35.03605242,1863408.523,2
2313,Hinge_4_LeafRight__1.binvox,12,1,36.32824574,1813675.257,2
2314,Hinge_4_LeafRight__10.binvox,12,1,37.94047924,1860558.838,2
2315,Hinge_4_LeafRight__3.binvox,12,1,37.78094644,1702996.762,2
2316,Hinge_4_LeafRight__4.binvox,12,1,38.0295782,1715076.685,2
2317,Hinge_4_LeafRight__5.binvox,12,1,36.44570123,1813186.087,2
2318,Hinge_4_LeafRight__7.binvox,12,1,35.91491397,1742303.468,2
2319,Hinge_4_LeafRight__8.binvox,12,1,37.90681739,1711811.492,2
2320,Hinge_4_Pin__1.binvox,9,1,20.59096984,941991.2199,2
2321,Hinge_4_Pin__10.binvox,9,1,20.7552538,983339.3254,2
2322,Hinge_4_Pin__3.binvox,9,1,20.07762359,970502.8132,2
2323,Hinge_4_Pin__4.binvox,9,1,19.90714748,971219.8217,2
2324,Hinge_4_Pin__5.binvox,9,1,20.15033031,949288.7474,2
2325,Hinge_4_Pin__7.binvox,9,1,20.12527055,998390.0572,2
2326,Hinge_4_Pin__8.binvox,9,1,19.06303773,985188.7182,2
2327,Hinge_5_LeafLeft__1.binvox,12,1,37.71391756,1697827.066,2
2328,Hinge_5_LeafLeft__10.binvox,12,1,37.42654835,1767352.392,2
2329,Hinge_5_LeafLeft__3.binvox,12,1,37.80904771,1755838.636,2
2330,Hinge_5_LeafLeft__4.binvox,12,1,35.24130862,1826416.891,2
2331,Hinge_5_LeafLeft__5.binvox,12,1,38.0652606,1817811.403,2
2332,Hinge_5_LeafLeft__7.binvox,12,1,38.23230127,1714511.621,2
2333,Hinge_5_LeafLeft__8.binvox,12,1,36.9242851,1716831.039,2
2334,Hinge_5_LeafRight__1.binvox,12,1,37.98339587,1797580.495,2
2335,Hinge_5_LeafRight__10.binvox,12,1,35.02870508,1754453.421,2
2336,Hinge_5_LeafRight__3.binvox,12,1,37.66523013,1705006.304,2
2337,Hinge_5_LeafRight__4.binvox,12,1,36.58644702,1827411.007,2
2338,Hinge_5_LeafRight__5.binvox,12,1,35.53265586,1852909.842,2
2339,Hinge_5_LeafRight__7.binvox,12,1,36.88694455,1821978.003,2
2340,Hinge_5_LeafRight__8.binvox,12,1,35.42894154,1843681.031,2
2341,Hinge_5_Pin__1.binvox,9,1,20.38461937,969480.0965,2
2342,Hinge_5_Pin__10.binvox,9,1,19.98138037,1003616.41,2
2343,Hinge_5_Pin__3.binvox,9,1,20.85410286,956456.0383,2
2344,Hinge_5_Pin__4.binvox,9,1,20.76874888,977159.3054,2
2345,Hinge_5_Pin__5.binvox,9,1,20.78099414,975899.5974,2
2346,Hinge_5_Pin__7.binvox,9,1,20.82605891,927874.9745,2
2347,Hinge_5_Pin__8.binvox,9,1,19.92336528,1005416.779,2
2348,Hinge_6_LeafLeft__1.binvox,12,1,38.04284141,1703412.879,2
2349,Hinge_6_LeafLeft__10.binvox,12,1,37.08420297,1695633.401,2
2350,Hinge_6_LeafLeft__3.binvox,12,1,36.51004461,1778313.98,2
2351,Hinge_6_LeafLeft__4.binvox,12,1,36.13565812,1809047.184,2
2352,Hinge_6_LeafLeft__5.binvox,12,1,36.45395435,1737133.247,2
2353,Hinge_6_LeafLeft__7.binvox,12,1,36.09003397,1725149.569,2
2354,Hinge_6_LeafLeft__8.binvox,12,1,35.72119489,1788672.607,2
2355,Hinge_6_LeafRight__1.binvox,12,1,37.45509645,1759282.019,2
2356,Hinge_6_LeafRight__10.binvox,12,1,37.06569533,1692990.186,2
2357,Hinge_6_LeafRight__3.binvox,12,1,36.10958695,1805287.75,2
2358,Hinge_6_LeafRight__4.binvox,12,1,38.03049525,1763377.866,2
2359,Hinge_6_LeafRight__5.binvox,12,1,37.63320306,1731139.336,2
2360,Hinge_6_LeafRight__7.binvox,12,1,36.47194273,1856519.062,2
2361,Hinge_6_LeafRight__8.binvox,12,1,36.03544752,1799586.759,2
2362,Hinge_6_Pin__1.binvox,9,1,20.64726685,984876.5173,2
2363,Hinge_6_Pin__10.binvox,9,1,20.06395369,935183.9188,2
2364,Hinge_6_Pin__3.binvox,9,1,20.74647639,934319.645,2
2365,Hinge_6_Pin__4.binvox,9,1,20.24215724,959563.0346,2
2366,Hinge_6_Pin__5.binvox,9,1,19.43434042,936791.1215,2
2367,Hinge_6_Pin__7.binvox,9,1,20.51396778,968621.8781,2
2368,Hinge_6_Pin__8.binvox,9,1,20.12839513,950285.9205,2
2369,Hinge_7_LeafLeft__1.binvox,12,1,37.69708435,1764723.251,2
2370,Hinge_7_LeafLeft__10.binvox,12,1,35.11962772,1781030.466,2
2371,Hinge_7_LeafLeft__3.binvox,12,1,37.04186857,1760566.723,2
2372,Hinge_7_LeafLeft__4.binvox,12,1,38.08889288,1813600.298,2
2373,Hinge_7_LeafLeft__5.binvox,12,1,37.42808704,1847137.25,2
2374,Hinge_7_LeafLeft__7.binvox,12,1,37.67348033,1785548.674,2
2375,Hinge_7_LeafLeft__8.binvox,12,1,37.51332529,1698359.394,2
2376,Hinge_7_LeafRight__1.binvox,12,1,35.48364765,1800761.386,2
2377,Hinge_7_LeafRight__10.binvox,12,1,35.87269847,1726205.579,2
2378,Hinge_7_LeafRight__3.binvox,12,1,34.84106511,1742918.547,2
2379,Hinge_7_LeafRight__4.binvox,12,1,36.30342206,1840072.61,2
2380,Hinge_7_LeafRight__5.binvox,12,1,37.33176037,1731180.63,2
2381,Hinge_7_LeafRight__7.binvox,12,1,37.69878909,1725332.711,2
2382,Hinge_7_LeafRight__8.binvox,12,1,37.78508219,1717745.752,2
2383,Hinge_7_Pin__1.binvox,9,1,19.42901558,997842.3713,2
2384,Hinge_7_Pin__10.binvox,9,1,19.77078283,940619.2668,2
2385,Hinge_7_Pin__3.binvox,9,1,20.61629406,972080.376,2
2386,Hinge_7_Pin__4.binvox,9,1,20.58769675,974384.4825,2
2387,Hinge_7_Pin__5.binvox,9,1,19.27050071,957114.616,2
2388,Hinge_7_Pin__7.binvox,9,1,20.49529861,972172.5883,2
2389,Hinge_7_Pin__8.binvox,9,1,19.44438348,958956.6486,2
2390,Hinge_8_LeafLeft__1.binvox,12,1,37.97297826,1784094.677,2
2391,Hinge_8_LeafLeft__10.binvox,12,1,36.41247562,1806408.332,2
2392,Hinge_8_LeafLeft__3.binvox,12,1,37.0350287,1838838.205,2
2393,Hinge_8_LeafLeft__4.binvox,12,1,36.20786421,1806692.239,2
2394,Hinge_8_LeafLeft__5.binvox,12,1,35.01150539,1757377.222,2
2395,Hinge_8_LeafLeft__7.binvox,12,1,36.3454654,1734480.398,2
2396,Hinge_8_LeafLeft__8.binvox,12,1,36.95650576,1785735.818,2
2397,Hinge_8_LeafRight__1.binvox,12,1,34.82097148,1822584.291,2
2398,Hinge_8_LeafRight__10.binvox,12,1,37.26244558,1743353.311,2
2399,Hinge_8_LeafRight__3.binvox,12,1,35.2582589,1739156.035,2
2400,Hinge_8_LeafRight__4.binvox,12,1,38.27734242,1829843.845,2
2401,Hinge_8_LeafRight__5.binvox,12,1,35.48830407,1708790.114,2
2402,Hinge_8_LeafRight__7.binvox,12,1,35.68220221,1828784.805,2
2403,Hinge_8_LeafRight__8.binvox,12,1,36.99030274,1704579.609,2
2404,Hinge_8_Pin__1.binvox,9,1,19.21279005,1004065.108,2
2405,Hinge_8_Pin__10.binvox,9,1,20.5774451,986113.1379,2
2406,Hinge_8_Pin__3.binvox,9,1,19.09309719,979252.0662,2
2407,Hinge_8_Pin__4.binvox,9,1,19.0432642,952004.4388,2
2408,Hinge_8_Pin__5.binvox,9,1,20.38681003,1021021.621,2
2409,Hinge_8_Pin__7.binvox,9,1,20.74723168,1017476.53,2
2410,Hinge_8_Pin__8.binvox,9,1,19.37922848,999926.0361,2
2411,Hinge_9_LeafLeft__1.binvox,12,1,38.23040772,1737679.626,2
2412,Hinge_9_LeafLeft__10.binvox,12,1,34.8869416,1868990.789,2
2413,Hinge_9_LeafLeft__3.binvox,12,1,36.9094551,1734161.65,2
2414,Hinge_9_LeafLeft__4.binvox,12,1,36.27148537,1718594.504,2
2415,Hinge_9_LeafLeft__5.binvox,12,1,36.39552205,1784092.415,2
2416,Hinge_9_LeafLeft__7.binvox,12,1,36.77079019,1796818.258,2
2417,Hinge_9_LeafLeft__8.binvox,12,1,37.01600884,1810599.021,2
2418,Hinge_9_LeafRight__1.binvox,12,1,37.07161015,1829651.67,2
2419,Hinge_9_LeafRight__10.binvox,12,1,36.49390428,1846847.991,2
2420,Hinge_9_LeafRight__3.binvox,12,1,37.39807769,1785971.382,2
2421,Hinge_9_LeafRight__4.binvox,12,1,35.55411643,1700085.317,2
2422,Hinge_9_LeafRight__5.binvox,12,1,34.85464049,1812697.696,2
2423,Hinge_9_LeafRight__7.binvox,12,1,35.18074305,1713665.996,2
2424,Hinge_9_LeafRight__8.binvox,12,1,35.87018982,1771202.251,2
2425,Hinge_9_Pin__1.binvox,9,1,19.9406232,961467.8799,2
2426,Hinge_9_Pin__10.binvox,9,1,19.34568016,947895.5679,2
2427,Hinge_9_Pin__3.binvox,9,1,19.83329752,1015296.154,2
2428,Hinge_9_Pin__4.binvox,9,1,20.11061811,934861.4578,2
2429,Hinge_9_Pin__5.binvox,9,1,19.39382687,1008525.535,2
2430,Hinge_9_Pin__7.binvox,9,1,19.6769845,938124.8224,2
2431,Hinge_9_Pin__8.binvox,9,1,20.27303212,959590.7553,2
2432,Latch_10_BottomPlate__1.binvox,12,1,37.37536833,1715772.417,2
2433,Latch_10_BottomPlate__10.binvox,12,1,37.93917763,1848309.059,2
2434,Latch_10_BottomPlate__3.binvox,12,1,35.75670455,1708831.902,2
2435,Latch_10_BottomPlate__4.binvox,12,1,35.91351858,1865793.625,2
2436,Latch_10_BottomPlate__5.binvox,12,1,35.38196689,1744305.991,2
2437,Latch_10_BottomPlate__7.binvox,12,1,35.82936158,1755947.099,2
2438,Latch_10_BottomPlate__8.binvox,12,1,38.41577542,1782092.648,2
2439,Latch_10_BuckledRing__1.binvox,12,1,20.29834818,932114.627,2
2440,Latch_10_BuckledRing__10.binvox,12,1,20.89383222,954635.381,2
2441,Latch_10_BuckledRing__3.binvox,12,1,19.20854748,958922.396,2
2442,Latch_10_BuckledRing__4.binvox,12,1,20.66781948,939827.9674,2
2443,Latch_10_BuckledRing__5.binvox,12,1,20.18351942,965350.4976,2
2444,Latch_10_BuckledRing__7.binvox,12,1,20.32844413,942428.1864,2
2445,Latch_10_BuckledRing__8.binvox,12,1,20.38557391,963005.174,2
2446,Latch_10_ControlPanel__1.binvox,12,1,7.490253019,43371.72397,20
2447,Latch_10_ControlPanel__10.binvox,12,1,7.441736612,43048.75665,20
2448,Latch_10_ControlPanel__3.binvox,12,1,7.496236759,43269.31007,20
2449,Latch_10_ControlPanel__4.binvox,12,1,7.609161089,42580.45513,20
2450,Latch_10_ControlPanel__5.binvox,12,1,7.389529038,41824.18023,20
2451,Latch_10_ControlPanel__7.binvox,12,1,7.028673647,44793.63998,20
2452,Latch_10_ControlPanel__8.binvox,12,1,7.114179182,42430.2635,20
2453,Latch_10_Rivet__1.binvox,9,1,6.017453994,34392.80963,20
2454,Latch_10_Rivet__10.binvox,9,1,5.781652016,36780.15357,20
2455,Latch_10_Rivet__3.binvox,9,1,5.716454878,37163.04869,20
2456,Latch_10_Rivet__4.binvox,9,1,6.116495011,34593.59432,20
2457,Latch_10_Rivet__5.binvox,9,1,6.004222099,37044.15285,20
2458,Latch_10_Rivet__7.binvox,9,1,6.14030593,34111.35614,20
2459,Latch_10_Rivet__8.binvox,9,1,6.08203302,33905.62033,20
2460,Latch_10_StrikePlate__1.binvox,12,1,35.98807371,1829672.638,2
2461,Latch_10_StrikePlate__10.binvox,12,1,35.14835638,1712966.757,2
2462,Latch_10_StrikePlate__3.binvox,12,1,36.04218985,1832068.875,2
2463,Latch_10_StrikePlate__4.binvox,12,1,38.29866107,1811997.69,2
2464,Latch_10_StrikePlate__5.binvox,12,1,37.04172023,1763427.705,2
2465,Latch_10_StrikePlate__7.binvox,12,1,35.19374488,1698933.311,2
2466,Latch_10_StrikePlate__8.binvox,12,1,35.51530304,1793878.144,2
2467,Latch_1_BottomPlate__1.binvox,12,1,35.65364048,1835407.337,2
2468,Latch_1_BottomPlate__10.binvox,12,1,37.37269093,1739720.399,2
2469,Latch_1_BottomPlate__3.binvox,12,1,36.81545258,1775318.844,2
2470,Latch_1_BottomPlate__4.binvox,12,1,36.18104751,1711239.091,2
2471,Latch_1_BottomPlate__5.binvox,12,1,36.76236155,1774987.351,2
2472,Latch_1_BottomPlate__7.binvox,12,1,37.21466633,1776928.605,2
2473,Latch_1_BottomPlate__8.binvox,12,1,36.10838414,1792411.118,2
2474,Latch_1_BuckledRing__1.binvox,12,1,19.07440645,927013.445,2
2475,Latch_1_BuckledRing__10.binvox,12,1,20.85190009,991908.3438,2
2476,Latch_1_BuckledRing__3.binvox,12,1,20.16334885,1020873.151,2
2477,Latch_1_BuckledRing__4.binvox,12,1,20.38909462,1003258.267,2
2478,Latch_1_BuckledRing__5.binvox,12,1,19.97473551,953162.1935,2
2479,Latch_1_BuckledRing__7.binvox,12,1,20.91262927,965276.9613,2
2480,Latch_1_BuckledRing__8.binvox,12,1,20.8326844,996531.3075,2
2481,Latch_1_ControlPanel__1.binvox,12,1,7.572476702,45465.12324,20
2482,Latch_1_ControlPanel__10.binvox,12,1,7.351874977,43601.85403,20
2483,Latch_1_ControlPanel__3.binvox,12,1,7.103818243,41395.6054,20
2484,Latch_1_ControlPanel__4.binvox,12,1,7.516979656,42309.40258,20
2485,Latch_1_ControlPanel__5.binvox,12,1,7.003027829,45360.40501,20
2486,Latch_1_ControlPanel__7.binvox,12,1,7.348390918,45245.39371,20
2487,Latch_1_ControlPanel__8.binvox,12,1,7.574643989,45148.10039,20
2488,Latch_1_Rivet__1.binvox,9,1,6.200284327,35469.27855,20
2489,Latch_1_Rivet__10.binvox,9,1,5.908092637,36648.02367,20
2490,Latch_1_Rivet__3.binvox,9,1,5.97015002,35407.17488,20
2491,Latch_1_Rivet__4.binvox,9,1,5.97371023,35544.36543,20
2492,Latch_1_Rivet__5.binvox,9,1,6.009794836,35262.88791,20
2493,Latch_1_Rivet__7.binvox,9,1,6.014568576,35429.88848,20
2494,Latch_1_Rivet__8.binvox,9,1,6.267862127,37117.79713,20
2495,Latch_1_StrikePlate__1.binvox,12,1,37.11777429,1792774.301,2
2496,Latch_1_StrikePlate__10.binvox,12,1,38.28046753,1858521.525,2
2497,Latch_1_StrikePlate__3.binvox,12,1,37.64445205,1770952.079,2
2498,Latch_1_StrikePlate__4.binvox,12,1,38.2161576,1810105.363,2
2499,Latch_1_StrikePlate__5.binvox,12,1,35.30163768,1817784.766,2
2500,Latch_1_StrikePlate__7.binvox,12,1,38.29008193,1744723.352,2
2501,Latch_1_StrikePlate__8.binvox,12,1,37.84709775,1751771.577,2
2502,Latch_2_BottomPlate__1.binvox,12,1,38.39933976,1843352.194,2
2503,Latch_2_BottomPlate__10.binvox,12,1,37.58188467,1736686.754,2
2504,Latch_2_BottomPlate__3.binvox,12,1,37.40369774,1834595.37,2
2505,Latch_2_BottomPlate__4.binvox,12,1,35.57963694,1846576.176,2
2506,Latch_2_BottomPlate__5.binvox,12,1,35.9307284,1694355.5,2
2507,Latch_2_BottomPlate__7.binvox,12,1,37.88027099,1849804.454,2
2508,Latch_2_BottomPlate__8.binvox,12,1,38.23730458,1718822.485,2
2509,Latch_2_BuckledRing__1.binvox,12,1,20.42186897,931884.4088,2
2510,Latch_2_BuckledRing__10.binvox,12,1,20.40577393,1004108.614,2
2511,Latch_2_BuckledRing__3.binvox,12,1,20.25433416,937250.9198,2
2512,Latch_2_BuckledRing__4.binvox,12,1,20.74068579,1018976.3,2
2513,Latch_2_BuckledRing__5.binvox,12,1,19.72573572,1017036.954,2
2514,Latch_2_BuckledRing__7.binvox,12,1,19.42347716,950666.496,2
2515,Latch_2_BuckledRing__8.binvox,12,1,19.42485015,980315.3917,2
2516,Latch_2_ControlPanel__1.binvox,12,1,7.600935115,41837.0695,20
2517,Latch_2_ControlPanel__10.binvox,12,1,7.685343167,44540.07192,20
2518,Latch_2_ControlPanel__3.binvox,12,1,7.044249236,43046.58517,20
2519,Latch_2_ControlPanel__4.binvox,12,1,7.352027337,42493.50195,20
2520,Latch_2_ControlPanel__5.binvox,12,1,7.35877833,44976.73245,20
2521,Latch_2_ControlPanel__7.binvox,12,1,7.342667316,42583.06559,20
2522,Latch_2_ControlPanel__8.binvox,12,1,7.120333738,41612.0761,20
2523,Latch_2_Rivet__1.binvox,9,1,6.108801723,37189.05731,20
2524,Latch_2_Rivet__10.binvox,9,1,6.062018844,37180.54336,20
2525,Latch_2_Rivet__3.binvox,9,1,6.224309568,35855.34905,20
2526,Latch_2_Rivet__4.binvox,9,1,6.111744308,34460.79128,20
2527,Latch_2_Rivet__5.binvox,9,1,6.235915323,36765.01379,20
2528,Latch_2_Rivet__7.binvox,9,1,6.052773109,35629.93256,20
2529,Latch_2_Rivet__8.binvox,9,1,5.839131739,34416.17448,20
2530,Latch_2_StrikePlate__1.binvox,12,1,36.7728221,1725808.166,2
2531,Latch_2_StrikePlate__10.binvox,12,1,35.80465088,1808990.76,2
2532,Latch_2_StrikePlate__3.binvox,12,1,37.79914705,1722252.813,2
2533,Latch_2_StrikePlate__4.binvox,12,1,35.90598392,1842819.846,2
2534,Latch_2_StrikePlate__5.binvox,12,1,35.78085633,1699025.471,2
2535,Latch_2_StrikePlate__7.binvox,12,1,35.36480047,1714044.734,2
2536,Latch_2_StrikePlate__8.binvox,12,1,38.32903835,1797812.396,2
2537,Latch_3_BottomPlate__1.binvox,12,1,36.53274017,1857623.969,2
2538,Latch_3_BottomPlate__10.binvox,12,1,38.30947037,1763997.149,2
2539,Latch_3_BottomPlate__3.binvox,12,1,36.71681547,1771591.471,2
2540,Latch_3_BottomPlate__4.binvox,12,1,35.26541614,1718717.359,2
2541,Latch_3_BottomPlate__5.binvox,12,1,35.1889606,1771969.964,2
2542,Latch_3_BottomPlate__7.binvox,12,1,35.10766996,1782742.877,2
2543,Latch_3_BottomPlate__8.binvox,12,1,37.04240628,1804545.392,2
2544,Latch_3_BuckledRing__1.binvox,12,1,19.99142357,972957.9552,2
2545,Latch_3_BuckledRing__10.binvox,12,1,19.79242132,969696.4196,2
2546,Latch_3_BuckledRing__3.binvox,12,1,20.08427365,1012010.483,2
2547,Latch_3_BuckledRing__4.binvox,12,1,20.58740871,981129.8507,2
2548,Latch_3_BuckledRing__5.binvox,12,1,19.3577397,973868.5157,2
2549,Latch_3_BuckledRing__7.binvox,12,1,19.83531647,957846.5669,2
2550,Latch_3_BuckledRing__8.binvox,12,1,19.73115576,953178.4063,2
2551,Latch_3_ControlPanel__1.binvox,12,1,7.637578726,43791.3078,20
2552,Latch_3_ControlPanel__10.binvox,12,1,7.101546656,43080.89401,20
2553,Latch_3_ControlPanel__3.binvox,12,1,7.127898652,44184.16951,20
2554,Latch_3_ControlPanel__4.binvox,12,1,7.674587186,45401.39067,20
2555,Latch_3_ControlPanel__5.binvox,12,1,7.325446201,45602.52454,20
2556,Latch_3_ControlPanel__7.binvox,12,1,7.590985737,41729.36386,20
2557,Latch_3_ControlPanel__8.binvox,12,1,7.2915176,41427.0861,20
2558,Latch_3_Rivet__1.binvox,9,1,6.042463511,36041.3157,20
2559,Latch_3_Rivet__10.binvox,9,1,6.23901345,34633.83366,20
2560,Latch_3_Rivet__3.binvox,9,1,5.755252068,33916.03596,20
2561,Latch_3_Rivet__4.binvox,9,1,6.001061052,36838.23853,20
2562,Latch_3_Rivet__5.binvox,9,1,6.010187869,34500.44301,20
2563,Latch_3_Rivet__7.binvox,9,1,5.924726064,36837.26147,20
2564,Latch_3_Rivet__8.binvox,9,1,5.938410047,37184.71367,20
2565,Latch_3_StrikePlate__1.binvox,12,1,36.60313162,1746716.968,2
2566,Latch_3_StrikePlate__10.binvox,12,1,35.00533492,1705538.395,2
2567,Latch_3_StrikePlate__3.binvox,12,1,35.92664628,1701597.554,2
2568,Latch_3_StrikePlate__4.binvox,12,1,35.1247141,1798086.311,2
2569,Latch_3_StrikePlate__5.binvox,12,1,35.98680442,1825043.575,2
2570,Latch_3_StrikePlate__7.binvox,12,1,38.08058627,1869875.71,2
2571,Latch_3_StrikePlate__8.binvox,12,1,37.33371393,1865875.435,2
2572,Latch_4_BottomPlate__1.binvox,12,1,36.98846531,1850042.794,2
2573,Latch_4_BottomPlate__10.binvox,12,1,38.30069576,1769695.578,2
2574,Latch_4_BottomPlate__3.binvox,12,1,35.36165262,1740293.462,2
2575,Latch_4_BottomPlate__4.binvox,12,1,35.04722078,1829187.017,2
2576,Latch_4_BottomPlate__5.binvox,12,1,36.66501541,1864964.22,2
2577,Latch_4_BottomPlate__7.binvox,12,1,37.91702086,1839858.239,2
2578,Latch_4_BottomPlate__8.binvox,12,1,35.96475973,1841509.788,2
2579,Latch_4_BuckledRing__1.binvox,12,1,20.16515325,943298.9097,2
2580,Latch_4_BuckledRing__10.binvox,12,1,20.23205339,955191.4076,2
2581,Latch_4_BuckledRing__3.binvox,12,1,19.08691767,975011.9344,2
2582,Latch_4_BuckledRing__4.binvox,12,1,20.36413783,978839.921,2
2583,Latch_4_BuckledRing__5.binvox,12,1,20.7052185,1009725.94,2
2584,Latch_4_BuckledRing__7.binvox,12,1,19.27157814,936379.8783,2
2585,Latch_4_BuckledRing__8.binvox,12,1,20.05471204,932577.9685,2
2586,Latch_4_ControlPanel__1.binvox,12,1,7.151026904,43282.45564,20
2587,Latch_4_ControlPanel__10.binvox,12,1,7.367357528,44141.15112,20
2588,Latch_4_ControlPanel__3.binvox,12,1,7.418282374,44920.50744,20
2589,Latch_4_ControlPanel__4.binvox,12,1,7.60792791,43540.4021,20
2590,Latch_4_ControlPanel__5.binvox,12,1,7.340279208,42128.63279,20
2591,Latch_4_ControlPanel__7.binvox,12,1,7.306371233,41956.36407,20
2592,Latch_4_ControlPanel__8.binvox,12,1,7.017043811,45118.10178,20
2593,Latch_4_Rivet__1.binvox,9,1,6.2932718,35905.16207,20
2594,Latch_4_Rivet__10.binvox,9,1,6.269834014,36913.6259,20
2595,Latch_4_Rivet__3.binvox,9,1,6.020720893,34412.30279,20
2596,Latch_4_Rivet__4.binvox,9,1,5.812173412,35538.52508,20
2597,Latch_4_Rivet__5.binvox,9,1,6.175870866,34363.63123,20
2598,Latch_4_Rivet__7.binvox,9,1,5.703955049,34565.74288,20
2599,Latch_4_Rivet__8.binvox,9,1,5.802093851,34325.28205,20
2600,Latch_4_StrikePlate__1.binvox,12,1,35.21129982,1792657.556,2
2601,Latch_4_StrikePlate__10.binvox,12,1,36.32571568,1832448.692,2
2602,Latch_4_StrikePlate__3.binvox,12,1,35.22780583,1694043.726,2
2603,Latch_4_StrikePlate__4.binvox,12,1,35.16691824,1738546.995,2
2604,Latch_4_StrikePlate__5.binvox,12,1,37.63639784,1788593.812,2
2605,Latch_4_StrikePlate__7.binvox,12,1,35.13000098,1755438.78,2
2606,Latch_4_StrikePlate__8.binvox,12,1,37.35091236,1743268.223,2
2607,Latch_5_BottomPlate__1.binvox,12,1,35.65775498,1769460.727,2
2608,Latch_5_BottomPlate__10.binvox,12,1,35.53691191,1717317.481,2
2609,Latch_5_BottomPlate__3.binvox,12,1,36.36048415,1735951.681,2
2610,Latch_5_BottomPlate__4.binvox,12,1,36.64532238,1786117.594,2
2611,Latch_5_BottomPlate__5.binvox,12,1,36.9918906,1839939.561,2
2612,Latch_5_BottomPlate__7.binvox,12,1,36.22560418,1757968.93,2
2613,Latch_5_BottomPlate__8.binvox,12,1,36.61085751,1847856.121,2
2614,Latch_5_BuckledRing__1.binvox,12,1,20.88598524,952744.2439,2
2615,Latch_5_BuckledRing__10.binvox,12,1,19.85475583,944184.5623,2
2616,Latch_5_BuckledRing__3.binvox,12,1,20.96232651,939900.1801,2
2617,Latch_5_BuckledRing__4.binvox,12,1,20.41051799,969443.1511,2
2618,Latch_5_BuckledRing__5.binvox,12,1,19.20320104,978852.7852,2
2619,Latch_5_BuckledRing__7.binvox,12,1,20.57704595,949287.0299,2
2620,Latch_5_BuckledRing__8.binvox,12,1,19.6811561,1003394.317,2
2621,Latch_5_ControlPanel__1.binvox,12,1,7.58136777,41853.66324,20
2622,Latch_5_ControlPanel__10.binvox,12,1,7.344852072,41908.22845,20
2623,Latch_5_ControlPanel__3.binvox,12,1,7.38182237,43568.29851,20
2624,Latch_5_ControlPanel__4.binvox,12,1,7.267490501,43875.77669,20
2625,Latch_5_ControlPanel__5.binvox,12,1,7.453344959,42795.53406,20
2626,Latch_5_ControlPanel__7.binvox,12,1,7.242572112,43658.72215,20
2627,Latch_5_ControlPanel__8.binvox,12,1,7.200571105,44534.76079,20
2628,Latch_5_Rivet__1.binvox,9,1,5.988454684,36695.62467,20
2629,Latch_5_Rivet__10.binvox,9,1,6.119929127,36618.51977,20
2630,Latch_5_Rivet__3.binvox,9,1,5.952995057,37215.83974,20
2631,Latch_5_Rivet__4.binvox,9,1,5.703589165,34896.97545,20
2632,Latch_5_Rivet__5.binvox,9,1,5.745389997,34123.37997,20
2633,Latch_5_Rivet__7.binvox,9,1,6.098973989,35661.28977,20
2634,Latch_5_Rivet__8.binvox,9,1,5.804111841,34003.60403,20
2635,Latch_5_StrikePlate__1.binvox,12,1,36.2410997,1750538.528,2
2636,Latch_5_StrikePlate__10.binvox,12,1,37.00715048,1755462.247,2
2637,Latch_5_StrikePlate__3.binvox,12,1,36.54241584,1868964.905,2
2638,Latch_5_StrikePlate__4.binvox,12,1,36.59215714,1725775.633,2
2639,Latch_5_StrikePlate__5.binvox,12,1,36.39278953,1817829.412,2
2640,Latch_5_StrikePlate__7.binvox,12,1,36.5275635,1768078.09,2
2641,Latch_5_StrikePlate__8.binvox,12,1,36.03430982,1727195.11,2
2642,Latch_6_BottomPlate__1.binvox,12,1,36.00646184,1742125.898,2
2643,Latch_6_BottomPlate__10.binvox,12,1,37.83289172,1805401.446,2
2644,Latch_6_BottomPlate__3.binvox,12,1,37.82240846,1777868.362,2
2645,Latch_6_BottomPlate__4.binvox,12,1,35.22525013,1795603.169,2
2646,Latch_6_BottomPlate__5.binvox,12,1,35.74248351,1845498.098,2
2647,Latch_6_BottomPlate__7.binvox,12,1,36.28699102,1717031.664,2
2648,Latch_6_BottomPlate__8.binvox,12,1,34.78117389,1729934.438,2
2649,Latch_6_BuckledRing__1.binvox,12,1,19.22994495,991022.6467,2
2650,Latch_6_BuckledRing__10.binvox,12,1,19.14896668,968804.2823,2
2651,Latch_6_BuckledRing__3.binvox,12,1,20.24264661,948222.5589,2
2652,Latch_6_BuckledRing__4.binvox,12,1,20.2296259,927714.8572,2
2653,Latch_6_BuckledRing__5.binvox,12,1,20.00050593,939185.8667,2
2654,Latch_6_BuckledRing__7.binvox,12,1,20.69989971,948313.2293,2
2655,Latch_6_BuckledRing__8.binvox,12,1,19.87299883,934104.1703,2
2656,Latch_6_ControlPanel__1.binvox,12,1,7.006293446,41820.62523,20
2657,Latch_6_ControlPanel__10.binvox,12,1,7.661491277,42264.92943,20
2658,Latch_6_ControlPanel__3.binvox,12,1,7.054060616,43820.43621,20
2659,Latch_6_ControlPanel__4.binvox,12,1,7.280260534,41983.01178,20
2660,Latch_6_ControlPanel__5.binvox,12,1,7.056383424,42711.66726,20
2661,Latch_6_ControlPanel__7.binvox,12,1,7.178876984,41699.86477,20
2662,Latch_6_ControlPanel__8.binvox,12,1,6.993159515,45617.03652,20
2663,Latch_6_Rivet__1.binvox,9,1,5.843039488,35878.02294,20
2664,Latch_6_Rivet__10.binvox,9,1,5.800919319,35185.63041,20
2665,Latch_6_Rivet__3.binvox,9,1,6.093385362,34421.53213,20
2666,Latch_6_Rivet__4.binvox,9,1,5.954924791,36273.55846,20
2667,Latch_6_Rivet__5.binvox,9,1,5.742482964,36431.38477,20
2668,Latch_6_Rivet__7.binvox,9,1,6.168699806,35857.58025,20
2669,Latch_6_Rivet__8.binvox,9,1,5.712586546,36153.67906,20
2670,Latch_6_StrikePlate__1.binvox,12,1,38.3727754,1767933.351,2
2671,Latch_6_StrikePlate__10.binvox,12,1,37.03223519,1770653.269,2
2672,Latch_6_StrikePlate__3.binvox,12,1,36.09809199,1848409.439,2
2673,Latch_6_StrikePlate__4.binvox,12,1,37.83959018,1725320.276,2
2674,Latch_6_StrikePlate__5.binvox,12,1,37.56733018,1856979.785,2
2675,Latch_6_StrikePlate__7.binvox,12,1,36.30352839,1842303.858,2
2676,Latch_6_StrikePlate__8.binvox,12,1,34.8145495,1708577.6,2
2677,Latch_7_BottomPlate__1.binvox,12,1,37.04024112,1797660.898,2
2678,Latch_7_BottomPlate__10.binvox,12,1,35.36056841,1835133.985,2
2679,Latch_7_BottomPlate__3.binvox,12,1,36.50833405,1830048.463,2
2680,Latch_7_BottomPlate__4.binvox,12,1,36.69979438,1753467.242,2
2681,Latch_7_BottomPlate__5.binvox,12,1,38.24188665,1845492.241,2
2682,Latch_7_BottomPlate__7.binvox,12,1,36.42419683,1700719.269,2
2683,Latch_7_BottomPlate__8.binvox,12,1,36.68592776,1816619.626,2
2684,Latch_7_BuckledRing__1.binvox,12,1,20.5547205,944619.7995,2
2685,Latch_7_BuckledRing__10.binvox,12,1,19.69756341,961597.4771,2
2686,Latch_7_BuckledRing__3.binvox,12,1,20.93153369,944555.9354,2
2687,Latch_7_BuckledRing__4.binvox,12,1,20.89243549,974541.1699,2
2688,Latch_7_BuckledRing__5.binvox,12,1,19.98151941,995032.8575,2
2689,Latch_7_BuckledRing__7.binvox,12,1,19.12534111,945626.8591,2
2690,Latch_7_BuckledRing__8.binvox,12,1,20.89587657,1020364.844,2
2691,Latch_7_ControlPanel__1.binvox,12,1,7.536113749,44151.61483,20
2692,Latch_7_ControlPanel__10.binvox,12,1,7.197396758,41462.91522,20
2693,Latch_7_ControlPanel__3.binvox,12,1,7.178325566,42094.20946,20
2694,Latch_7_ControlPanel__4.binvox,12,1,7.588800669,43206.6735,20
2695,Latch_7_ControlPanel__5.binvox,12,1,7.417847504,45648.15798,20
2696,Latch_7_ControlPanel__7.binvox,12,1,7.100369527,41656.27288,20
2697,Latch_7_ControlPanel__8.binvox,12,1,7.080851326,42950.86151,20
2698,Latch_7_Rivet__1.binvox,9,1,5.955945544,37259.22287,20
2699,Latch_7_Rivet__10.binvox,9,1,6.040182273,36406.92483,20
2700,Latch_7_Rivet__3.binvox,9,1,5.797240608,34739.90187,20
2701,Latch_7_Rivet__4.binvox,9,1,5.874219092,35551.41328,20
2702,Latch_7_Rivet__5.binvox,9,1,6.161824773,36849.31429,20
2703,Latch_7_Rivet__7.binvox,9,1,5.910164046,37193.51392,20
2704,Latch_7_Rivet__8.binvox,9,1,6.279244288,35085.06647,20
2705,Latch_7_StrikePlate__1.binvox,12,1,36.34900868,1791988.71,2
2706,Latch_7_StrikePlate__10.binvox,12,1,35.34107726,1729285.892,2
2707,Latch_7_StrikePlate__3.binvox,12,1,37.11838308,1772211.291,2
2708,Latch_7_StrikePlate__4.binvox,12,1,35.43762859,1846832.489,2
2709,Latch_7_StrikePlate__5.binvox,12,1,37.54050812,1858881.593,2
2710,Latch_7_StrikePlate__7.binvox,12,1,35.25650198,1737825.468,2
2711,Latch_7_StrikePlate__8.binvox,12,1,38.00187771,1763590.037,2
2712,Latch_8_BottomPlate__1.binvox,12,1,37.97782608,1802459.059,2
2713,Latch_8_BottomPlate__10.binvox,12,1,35.87902033,1824290.801,2
2714,Latch_8_BottomPlate__3.binvox,12,1,37.49433393,1719445.687,2
2715,Latch_8_BottomPlate__4.binvox,12,1,35.88283198,1831584.463,2
2716,Latch_8_BottomPlate__5.binvox,12,1,37.15568631,1784005.102,2
2717,Latch_8_BottomPlate__7.binvox,12,1,38.24848807,1814033.954,2
2718,Latch_8_BottomPlate__8.binvox,12,1,36.02985861,1740063.996,2
2719,Latch_8_BuckledRing__1.binvox,12,1,19.40135623,973120.7538,2
2720,Latch_8_BuckledRing__10.binvox,12,1,19.16135935,976576.7031,2
2721,Latch_8_BuckledRing__3.binvox,12,1,20.92900713,1018849.36,2
2722,Latch_8_BuckledRing__4.binvox,12,1,19.4833113,964816.9045,2
2723,Latch_8_BuckledRing__5.binvox,12,1,20.35056929,999374.2836,2
2724,Latch_8_BuckledRing__7.binvox,12,1,19.1225603,1010626.828,2
2725,Latch_8_BuckledRing__8.binvox,12,1,20.08769615,989016.2357,2
2726,Latch_8_ControlPanel__1.binvox,12,1,7.501529861,45039.97947,20
2727,Latch_8_ControlPanel__10.binvox,12,1,7.589278394,44656.8962,20
2728,Latch_8_ControlPanel__3.binvox,12,1,7.532448386,42226.67567,20
2729,Latch_8_ControlPanel__4.binvox,12,1,7.651528802,41950.73966,20
2730,Latch_8_ControlPanel__5.binvox,12,1,7.473439482,45064.75162,20
2731,Latch_8_ControlPanel__7.binvox,12,1,7.669180195,42125.85056,20
2732,Latch_8_ControlPanel__8.binvox,12,1,7.21526736,44535.6824,20
2733,Latch_8_Rivet__1.binvox,9,1,6.01697771,36440.16786,20
2734,Latch_8_Rivet__10.binvox,9,1,6.003948359,35798.13713,20
2735,Latch_8_Rivet__3.binvox,9,1,6.231805749,36367.13593,20
2736,Latch_8_Rivet__4.binvox,9,1,6.099172215,36923.97719,20
2737,Latch_8_Rivet__5.binvox,9,1,6.102294266,34998.39791,20
2738,Latch_8_Rivet__7.binvox,9,1,5.830372907,36019.54298,20
2739,Latch_8_Rivet__8.binvox,9,1,5.738085628,37331.76788,20
2740,Latch_8_StrikePlate__1.binvox,12,1,36.0474736,1842074.273,2
2741,Latch_8_StrikePlate__10.binvox,12,1,37.61851252,1694297.474,2
2742,Latch_8_StrikePlate__3.binvox,12,1,38.19513786,1730884.299,2
2743,Latch_8_StrikePlate__4.binvox,12,1,36.26439149,1695332.931,2
2744,Latch_8_StrikePlate__5.binvox,12,1,37.54806464,1709083.447,2
2745,Latch_8_StrikePlate__7.binvox,12,1,37.33746682,1765850.705,2
2746,Latch_8_StrikePlate__8.binvox,12,1,37.92505591,1699958.85,2
2747,Latch_9_BottomPlate__1.binvox,12,1,37.58754848,1811271.164,2
2748,Latch_9_BottomPlate__10.binvox,12,1,37.60189481,1805462.493,2
2749,Latch_9_BottomPlate__3.binvox,12,1,36.21106716,1793747.884,2
2750,Latch_9_BottomPlate__4.binvox,12,1,38.26780897,1726815.427,2
2751,Latch_9_BottomPlate__5.binvox,12,1,36.68830203,1791180.812,2
2752,Latch_9_BottomPlate__7.binvox,12,1,35.14637357,1775658.716,2
2753,Latch_9_BottomPlate__8.binvox,12,1,35.15675922,1826865.616,2
2754,Latch_9_BuckledRing__1.binvox,12,1,19.68556789,935709.8791,2
2755,Latch_9_BuckledRing__10.binvox,12,1,19.24405289,953442.3838,2
2756,Latch_9_BuckledRing__3.binvox,12,1,20.10525635,973877.9126,2
2757,Latch_9_BuckledRing__4.binvox,12,1,19.50423646,1017847.52,2
2758,Latch_9_BuckledRing__5.binvox,12,1,20.21530498,1017949.674,2
2759,Latch_9_BuckledRing__7.binvox,12,1,20.87304763,951271.5621,2
2760,Latch_9_BuckledRing__8.binvox,12,1,19.7548219,937157.4379,2
2761,Latch_9_ControlPanel__1.binvox,12,1,7.514723899,42723.30897,20
2762,Latch_9_ControlPanel__10.binvox,12,1,7.019501024,43252.66586,20
2763,Latch_9_ControlPanel__3.binvox,12,1,7.425360437,41855.86815,20
2764,Latch_9_ControlPanel__4.binvox,12,1,7.115647956,45419.51654,20
2765,Latch_9_ControlPanel__5.binvox,12,1,7.481947918,42931.71909,20
2766,Latch_9_ControlPanel__7.binvox,12,1,7.58909588,44152.69717,20
2767,Latch_9_ControlPanel__8.binvox,12,1,7.323703844,45180.29248,20
2768,Latch_9_Rivet__1.binvox,9,1,5.931980259,34817.18262,20
2769,Latch_9_Rivet__10.binvox,9,1,6.057771895,37280.92006,20
2770,Latch_9_Rivet__3.binvox,9,1,5.987576506,36390.63426,20
2771,Latch_9_Rivet__4.binvox,9,1,5.987131844,36423.03603,20
2772,Latch_9_Rivet__5.binvox,9,1,6.211415165,35137.57463,20
2773,Latch_9_Rivet__7.binvox,9,1,6.08836351,35421.01637,20
2774,Latch_9_Rivet__8.binvox,9,1,5.79047935,33893.56161,20
2775,Latch_9_StrikePlate__1.binvox,12,1,35.04469146,1802488.093,2
2776,Latch_9_StrikePlate__10.binvox,12,1,36.11336756,1798115.548,2
2777,Latch_9_StrikePlate__3.binvox,12,1,37.49113998,1790061.653,2
2778,Latch_9_StrikePlate__4.binvox,12,1,35.05561091,1856579.07,2
2779,Latch_9_StrikePlate__5.binvox,12,1,35.70165298,1802557.481,2
2780,Latch_9_StrikePlate__7.binvox,12,1,35.80306911,1727107.65,2
2781,Latch_9_StrikePlate__8.binvox,12,1,37.40539592,1717818.811,2
2782,Piston_11_ConnectingRod__1.binvox,10,1,24.16260296,2564286.574,15
2783,Piston_11_PistonHead__1.binvox,10,1,33.10472936,3702446.511,15
2784,Piston_11_WristPin__1.binvox,9,1,99.07468918,4802034.735,2
2785,Piston_16_ConnectingRod__1.binvox,10,1,24.92427746,2733378.711,15
2786,Piston_16_PistonHead__1.binvox,10,1,33.2347724,3697766.341,15
2787,Piston_16_RodBolt__1.binvox,9,2,30.97993493,1436940.681,2
2788,Piston_16_RodCap__1.binvox,10,1,16.15167236,1781674.013,15
2789,Piston_16_RodNut__1.binvox,9,2,30.88807988,1500090.015,2
2790,Piston_16_WristPin__1.binvox,9,1,97.81375555,4758443.406,2
2791,Piston_17_ConnectingRod__1.binvox,10,1,24.9596344,2677459.736,15
2792,Piston_17_PistonHead__1.binvox,10,2,33.28975138,3388246.264,15
2793,Piston_17_RodBolt__1.binvox,9,1,29.70890794,1525258.432,2
2794,Piston_17_RodCap__1.binvox,10,1,16.83746891,1887524.978,15
2795,Piston_17_RodNut__1.binvox,9,2,28.74416795,1525169.207,2
2796,Piston_17_WristPin__1.binvox,9,1,98.58592006,5053280.033,2
2797,Piston_18_ConnectingRod__1.binvox,10,1,24.67960843,2764424.405,15
2798,Piston_18_PistonHead__1.binvox,10,1,32.9996538,3618031.922,15
2799,Piston_18_RodBolt__1.binvox,9,2,30.26849425,1406334.145,2
2800,Piston_18_RodCap__1.binvox,10,1,16.42123622,1841528.342,15
2801,Piston_18_RodNut__1.binvox,9,2,29.9146816,1402200.243,2
2802,Piston_18_WristPin__1.binvox,9,1,95.35477808,4703582.444,2
2803,Piston_1_ConnectingRod__2.binvox,10,1,23.69699542,2792840.046,15
2804,Piston_1_ConnectingRod__3.binvox,10,1,24.85328257,2681388.709,15
2805,Piston_1_ConnectingRod__4.binvox,10,1,25.25745932,2791396.84,15
2806,Piston_1_ConnectingRod__5.binvox,10,1,24.75959325,2566952.719,15
2807,Piston_1_ConnectingRod__7.binvox,10,1,24.43772372,2703355.254,15
2808,Piston_1_ConnectingRod__9.binvox,10,1,23.43530158,2650090.963,15
2809,Piston_1_PistonHead__2.binvox,10,1,34.24530801,3602773.913,15
2810,Piston_1_PistonHead__3.binvox,10,1,31.969781,3371329.614,15
2811,Piston_1_PistonHead__4.binvox,10,1,31.67204314,3606884.09,15
2812,Piston_1_PistonHead__5.binvox,10,1,32.80182063,3357707.166,15
2813,Piston_1_PistonHead__7.binvox,10,1,33.26615794,3444214.867,15
2814,Piston_1_PistonHead__9.binvox,10,1,33.91121939,3557653.378,15
2815,Piston_1_WristPin__2.binvox,9,1,98.37850129,4759622.215,2
2816,Piston_1_WristPin__3.binvox,9,1,104.4014408,4991065.202,2
2817,Piston_1_WristPin__4.binvox,9,1,99.81589929,5102175.806,2
2818,Piston_1_WristPin__5.binvox,9,1,100.3667034,4742667.023,2
2819,Piston_1_WristPin__7.binvox,9,1,99.47147998,4713003.881,2
2820,Piston_1_WristPin__9.binvox,9,1,95.61037945,5052979.376,2
2821,Piston_21_ConnectingRod__1.binvox,10,1,24.83738417,2558849.994,15
2822,Piston_21_PistonHead__1.binvox,10,1,31.44959334,3476206.775,15
2823,Piston_21_WristPin__1.binvox,9,1,100.7005994,4625487.349,2
2824,Piston_22_ConnectingRod__1.binvox,10,1,25.68475677,2595039.338,15
2825,Piston_22_PistonHead__1.binvox,10,1,33.84095564,3571867.844,15
2826,Piston_22_WristPin__1.binvox,9,1,96.34937336,4808138.349,2
2827,Piston_23_ConnectingRod__1.binvox,10,1,24.675093,2544203.764,15
2828,Piston_23_PistonHead__1.binvox,10,1,33.82721679,3416808.833,15
2829,Piston_23_WristPin__1.binvox,9,1,97.83570482,4850873.903,2
2830,Piston_24_ConnectingRod__1.binvox,10,1,25.24197172,2665445.235,15
2831,Piston_24_PistonHead__1.binvox,10,1,32.59647083,3380971.824,15
2832,Piston_24_WristPin__1.binvox,9,1,97.30552815,4671492.206,2
2833,Piston_25_ConnectingRod__2.binvox,10,1,24.65366026,2697660.559,15
2834,Piston_25_ConnectingRod__3.binvox,10,1,24.96981331,2584777.411,15
2835,Piston_25_ConnectingRod__4.binvox,10,1,24.12409514,2666803.507,15
2836,Piston_25_ConnectingRod__5.binvox,10,1,24.7646764,2641520.378,15
2837,Piston_25_ConnectingRod__7.binvox,10,1,24.98221474,2711416.256,15
2838,Piston_25_ConnectingRod__9.binvox,10,1,24.3470379,2540044.115,15
2839,Piston_25_PistonHead__2.binvox,10,1,33.57044743,3540847.429,15
2840,Piston_25_PistonHead__3.binvox,10,1,31.57878567,3400203.529,15
2841,Piston_25_PistonHead__4.binvox,10,1,32.68628676,3578646.493,15
2842,Piston_25_PistonHead__5.binvox,10,1,31.06730261,3426486.217,15
2843,Piston_25_PistonHead__7.binvox,10,1,32.71517331,3377697.796,15
2844,Piston_25_PistonHead__9.binvox,10,1,33.33024311,3609156.568,15
2845,Piston_25_RodBolt__2.binvox,9,2,30.53358958,1468475.415,2
2846,Piston_25_RodBolt__3.binvox,9,2,29.5224132,1446215.114,2
2847,Piston_25_RodBolt__4.binvox,9,2,28.91577876,1456692.169,2
2848,Piston_25_RodBolt__5.binvox,9,2,29.02951137,1515007.11,2
2849,Piston_25_RodBolt__7.binvox,9,2,30.98639934,1429365.94,2
2850,Piston_25_RodBolt__9.binvox,9,2,31.00408692,1399222.128,2
2851,Piston_25_RodCap__2.binvox,10,1,16.33044904,1789096.528,15
2852,Piston_25_RodCap__3.binvox,10,1,16.58205523,1878921.217,15
2853,Piston_25_RodCap__4.binvox,10,1,16.75436662,1785302.279,15
2854,Piston_25_RodCap__5.binvox,10,1,17.46842316,1813196.134,15
2855,Piston_25_RodCap__7.binvox,10,1,16.21406334,1875678.997,15
2856,Piston_25_RodCap__9.binvox,10,1,17.33748646,1744939.886,15
2857,Piston_25_WristPin__2.binvox,9,1,96.87039282,4873785.9,2
2858,Piston_25_WristPin__3.binvox,9,1,98.63434495,4895709.942,2
2859,Piston_25_WristPin__4.binvox,9,1,95.31929989,4656251.393,2
2860,Piston_25_WristPin__5.binvox,9,1,104.2802463,4771533.876,2
2861,Piston_25_WristPin__7.binvox,9,1,99.25474661,4962651.919,2
2862,Piston_25_WristPin__9.binvox,9,1,98.96378046,5059685.685,2
2863,Piston_27_ConnectingRod__1.binvox,10,1,25.86202166,2539364.622,15
2864,Piston_27_PistonHead__1.binvox,10,1,31.11741533,3585051.907,15
2865,Piston_27_WristPin__1.binvox,9,1,98.80827825,4689928.762,2
2866,Piston_28_ConnectingRod__1.binvox,10,1,24.94963726,2766470.278,15
2867,Piston_28_PistonHead__1.binvox,10,1,32.31107321,3435649.059,15
2868,Piston_28_WristPin__1.binvox,9,1,101.2139669,5000963.218,2
2869,Piston_29_ConnectingRod__1.binvox,10,1,24.12699332,2642413.794,15
2870,Piston_29_PistonHead__1.binvox,10,1,32.278905,3436348.297,15
2871,Piston_29_WristPin__1.binvox,9,1,104.4090448,5077913.339,2
2872,Piston_2_ConnectingRod__2.binvox,10,1,25.61221828,2731704.416,15
2873,Piston_2_ConnectingRod__3.binvox,10,1,24.98333802,2781247.202,15
2874,Piston_2_ConnectingRod__4.binvox,10,1,25.66446473,2555789.843,15
2875,Piston_2_ConnectingRod__5.binvox,10,1,24.74449878,2698016.376,15
2876,Piston_2_ConnectingRod__7.binvox,10,1,25.22481423,2781324.857,15
2877,Piston_2_ConnectingRod__9.binvox,10,1,25.85859199,2622958.642,15
2878,Piston_2_PistonHead__2.binvox,10,1,33.83293696,3514427.612,15
2879,Piston_2_PistonHead__3.binvox,10,1,33.22218207,3464987.421,15
2880,Piston_2_PistonHead__4.binvox,10,1,32.61303074,3420274.106,15
2881,Piston_2_PistonHead__5.binvox,10,1,31.77193563,3418892.742,15
2882,Piston_2_PistonHead__7.binvox,10,1,31.90947545,3463379.449,15
2883,Piston_2_PistonHead__9.binvox,10,1,33.55722752,3552747.768,15
2884,Piston_2_WristPin__2.binvox,9,1,104.6555618,4774374.46,2
2885,Piston_2_WristPin__3.binvox,9,1,95.4980176,4757133.882,2
2886,Piston_2_WristPin__4.binvox,9,1,98.33870455,4947081.336,2
2887,Piston_2_WristPin__5.binvox,9,1,100.2201874,4720932.827,2
2888,Piston_2_WristPin__7.binvox,9,1,101.637292,4635222.993,2
2889,Piston_2_WristPin__9.binvox,9,1,96.81091387,4969805.294,2
2890,Piston_30_ConnectingRod__1.binvox,10,1,24.72681305,2552058.061,15
2891,Piston_30_PistonHead__1.binvox,10,1,34.1142066,3588148.926,15
2892,Piston_30_WristPin__1.binvox,9,1,103.7585172,5096642.901,2
2893,Piston_32_ConnectingRod__2.binvox,10,1,24.59686495,2613142.65,15
2894,Piston_32_ConnectingRod__3.binvox,10,1,24.97318325,2748653.581,15
2895,Piston_32_ConnectingRod__4.binvox,10,1,23.71304437,2630994.739,15
2896,Piston_32_ConnectingRod__5.binvox,10,1,25.27833746,2744427.298,15
2897,Piston_32_PistonHead__2.binvox,10,1,32.21537307,3584802.728,15
2898,Piston_32_PistonHead__3.binvox,10,1,32.93284953,3426950.662,15
2899,Piston_32_PistonHead__4.binvox,10,1,31.21706525,3678282.608,15
2900,Piston_32_PistonHead__5.binvox,10,1,33.88053622,3653931.06,15
2901,Piston_32_RodBolt__2.binvox,9,2,30.63255548,1496482.781,2
2902,Piston_32_RodBolt__3.binvox,9,2,29.84492994,1476934.387,2
2903,Piston_32_RodBolt__4.binvox,9,2,28.88422727,1476324.366,2
2904,Piston_32_RodBolt__5.binvox,9,2,31.33366741,1461198.314,2
2905,Piston_32_RodCap__2.binvox,10,1,15.95175912,1859895.374,15
2906,Piston_32_RodCap__3.binvox,10,1,16.61522527,1876767.716,15
2907,Piston_32_RodCap__4.binvox,10,1,16.56073664,1847217.787,15
2908,Piston_32_RodCap__5.binvox,10,1,16.27285755,1767487.795,15
2909,Piston_32_RodNut__2.binvox,9,2,31.47271039,1485058.389,2
2910,Piston_32_RodNut__3.binvox,9,2,30.98428763,1404917.268,2
2911,Piston_32_RodNut__4.binvox,9,2,29.04267918,1397668.526,2
2912,Piston_32_RodNut__5.binvox,9,2,28.96399412,1506400.416,2
2913,Piston_32_WristPin__2.binvox,9,1,100.2836847,4890028.278,2
2914,Piston_32_WristPin__3.binvox,9,1,101.9725497,4745942.871,2
2915,Piston_32_WristPin__4.binvox,9,1,101.0506174,4882473.869,2
2916,Piston_32_WristPin__5.binvox,9,1,102.9869442,4790654.589,2
2917,Piston_3_ConnectingRod__2.binvox,10,1,24.29921539,2694859.69,15
2918,Piston_3_ConnectingRod__3.binvox,10,1,25.28810869,2756035.029,15
2919,Piston_3_ConnectingRod__4.binvox,10,1,24.77453357,2656130.394,15
2920,Piston_3_ConnectingRod__5.binvox,10,1,24.94020348,2633111.457,15
2921,Piston_3_ConnectingRod__7.binvox,10,1,23.881707,2631016.79,15
2922,Piston_3_ConnectingRod__9.binvox,10,1,24.49277675,2786165.149,15
2923,Piston_3_PistonHead__2.binvox,10,1,32.98641036,3670566.932,15
2924,Piston_3_PistonHead__3.binvox,10,1,33.43889296,3399189.451,15
2925,Piston_3_PistonHead__4.binvox,10,1,34.05731478,3536007.521,15
2926,Piston_3_PistonHead__5.binvox,10,1,33.5144985,3560038.463,15
2927,Piston_3_PistonHead__7.binvox,10,1,31.05771994,3523595.552,15
2928,Piston_3_PistonHead__9.binvox,10,1,33.83821784,3436878.991,15
2929,Piston_3_WristPin__2.binvox,9,1,95.33135469,4731758.672,2
2930,Piston_3_WristPin__3.binvox,9,1,99.88590675,4752179.755,2
2931,Piston_3_WristPin__4.binvox,9,1,101.2943315,4747749.713,2
2932,Piston_3_WristPin__5.binvox,9,1,97.75970215,4700282.56,2
2933,Piston_3_WristPin__7.binvox,9,1,96.65370647,4652638.587,2
2934,Piston_3_WristPin__9.binvox,9,1,104.5305785,4696107.774,2
2935,Piston_5_ConnectingRod__2.binvox,10,1,23.45625736,2685546.64,15
2936,Piston_5_ConnectingRod__3.binvox,10,1,24.35260694,2678796.413,15
2937,Piston_5_ConnectingRod__4.binvox,10,1,23.59473323,2662894.342,15
2938,Piston_5_ConnectingRod__5.binvox,10,1,25.73382948,2768107.807,15
2939,Piston_5_ConnectingRod__7.binvox,10,1,24.99713085,2544642.598,15
2940,Piston_5_ConnectingRod__9.binvox,10,1,23.75434041,2693406.494,15
2941,Piston_5_PistonHead__2.binvox,10,1,32.20339026,3395900.445,15
2942,Piston_5_PistonHead__3.binvox,10,1,33.93572316,3594765.163,15
2943,Piston_5_PistonHead__4.binvox,10,1,32.77318464,3509040.396,15
2944,Piston_5_PistonHead__5.binvox,10,1,31.77607992,3491233.502,15
2945,Piston_5_PistonHead__7.binvox,10,1,34.1842553,3384100.932,15
2946,Piston_5_PistonHead__9.binvox,10,1,31.99649324,3447924.858,15
2947,Piston_5_WristPin__2.binvox,9,1,102.4774019,4694991.718,2
2948,Piston_5_WristPin__3.binvox,9,1,103.2790485,4674179.934,2
2949,Piston_5_WristPin__4.binvox,9,1,101.5998282,4955204.039,2
2950,Piston_5_WristPin__5.binvox,9,1,100.3765701,5061020.436,2
2951,Piston_5_WristPin__7.binvox,9,1,104.4690487,4698161.451,2
2952,Piston_5_WristPin__9.binvox,9,1,102.7248874,4860401.067,2
2953,Piston_6_ConnectingRod__1.binvox,10,1,25.59145142,2673663.756,15
2954,Piston_6_PistonHead__1.binvox,10,1,33.01708717,3488778.527,15
2955,Piston_6_WristPin__1.binvox,9,1,97.08825193,4917183.393,2
2956,Piston_7_ConnectingRod__2.binvox,10,1,24.66283012,2551680.776,15
2957,Piston_7_ConnectingRod__3.binvox,10,1,24.97945999,2785585.025,15
2958,Piston_7_ConnectingRod__4.binvox,10,1,23.8813846,2545751.676,15
2959,Piston_7_ConnectingRod__5.binvox,10,1,25.6030647,2652775.861,15
2960,Piston_7_ConnectingRod__7.binvox,10,1,25.06271431,2590000.512,15
2961,Piston_7_PistonHead__2.binvox,10,1,31.93143185,3437691.403,15
2962,Piston_7_PistonHead__3.binvox,10,1,33.69455958,3394408.982,15
2963,Piston_7_PistonHead__4.binvox,10,1,31.20123662,3479092.339,15
2964,Piston_7_PistonHead__5.binvox,10,1,32.84361678,3387203.304,15
2965,Piston_7_PistonHead__7.binvox,10,1,31.40509563,3688379.62,15
2966,Piston_7_RodBolt__2.binvox,9,2,29.64834167,1490775.309,2
2967,Piston_7_RodBolt__3.binvox,9,2,29.09577766,1405489.793,2
2968,Piston_7_RodBolt__4.binvox,9,2,30.7336082,1415531.545,2
2969,Piston_7_RodBolt__5.binvox,9,2,30.46829851,1526696.614,2
2970,Piston_7_RodBolt__7.binvox,9,2,31.07351269,1416062.838,2
2971,Piston_7_RodCap__2.binvox,10,1,16.62156646,1803043.787,15
2972,Piston_7_RodCap__3.binvox,10,1,16.86635242,1882019.483,15
2973,Piston_7_RodCap__4.binvox,10,1,16.15411243,1849503.793,15
2974,Piston_7_RodCap__5.binvox,10,1,16.21038822,1793962.203,15
2975,Piston_7_RodCap__7.binvox,10,1,16.7763785,1772627.239,15
2976,Piston_7_RodNut__2.binvox,9,2,28.84119624,1439026.606,2
2977,Piston_7_RodNut__3.binvox,9,2,28.92731613,1408333.465,2
2978,Piston_7_RodNut__4.binvox,9,2,31.25879788,1409057.718,2
2979,Piston_7_RodNut__5.binvox,9,2,30.03231512,1401603.232,2
2980,Piston_7_RodNut__7.binvox,9,2,29.86122013,1478351.755,2
2981,Piston_7_WristPin__2.binvox,9,1,100.3999478,4625504.916,2
2982,Piston_7_WristPin__3.binvox,9,1,102.4049658,4694414.591,2
2983,Piston_7_WristPin__4.binvox,9,1,99.13843807,4655006.844,2
2984,Piston_7_WristPin__5.binvox,9,1,96.84677323,4902514.654,2
2985,Piston_7_WristPin__7.binvox,9,1,98.04478793,4705546.709,2
2986,Piston_8_ConnectingRod__1.binvox,10,1,24.23013631,2781542.916,15
2987,Piston_8_PistonHead__1.binvox,10,1,31.45772768,3377146.615,15
2988,Piston_8_WristPin__1.binvox,9,1,104.8524045,4670274.554,2
2989,Piston_9_ConnectingRod__1.binvox,10,1,24.87086357,2590511.751,15
2990,Piston_9_PistonHead__1.binvox,10,1,32.00367478,3565326.195,15
2991,Piston_9_WristPin__1.binvox,9,1,95.997452,5078880.573,2
2992,Bearing_10_Ball__1.binvox,13,32,18.1680366,115376.6472,6
2993,Bearing_10_Ball__10.binvox,13,32,18.09564426,115627.9186,6
2994,Bearing_10_Ball__3.binvox,13,32,17.87532113,117660.7105,6
2995,Bearing_10_Ball__4.binvox,13,32,17.64709118,111554.6506,6
2996,Bearing_10_Ball__5.binvox,13,32,17.56609304,112120.43,6
2997,Bearing_10_Ball__7.binvox,13,32,17.44246116,116539.3442,6
2998,Bearing_10_Ball__8.binvox,13,32,18.70090554,118343.9503,6
2999,Bearing_10_InnerRing__1.binvox,13,4,21.67872801,146722.7085,6
3000,Bearing_10_InnerRing__10.binvox,13,4,23.04359166,148588.6727,6
3001,Bearing_10_InnerRing__3.binvox,13,4,21.71442565,149567.7633,6
3002,Bearing_10_InnerRing__4.binvox,13,4,22.29671356,147965.0814,6
3003,Bearing_10_InnerRing__5.binvox,13,4,21.06687332,139634.4685,6
3004,Bearing_10_InnerRing__7.binvox,13,4,21.88244058,144704.7458,6
3005,Bearing_10_InnerRing__8.binvox,13,4,22.43023034,145316.0677,6
3006,Bearing_10_OuterRing__1.binvox,13,4,22.29122052,138570.4101,6
3007,Bearing_10_OuterRing__10.binvox,13,4,22.27007611,140045.7095,6
3008,Bearing_10_OuterRing__3.binvox,13,4,22.00977585,140435.2639,6
3009,Bearing_10_OuterRing__4.binvox,13,4,22.27083786,145329.1679,6
3010,Bearing_10_OuterRing__5.binvox,13,4,21.71055745,139216.0359,6
3011,Bearing_10_OuterRing__7.binvox,13,4,21.65979685,142509.6467,6
3012,Bearing_10_OuterRing__8.binvox,13,4,22.89929759,145976.5317,6
3013,Bearing_10_Seal__1.binvox,14,8,0.133036718,687.4946892,150
3014,Bearing_10_Seal__10.binvox,14,8,0.126971983,684.6724074,150
3015,Bearing_10_Seal__3.binvox,14,8,0.135587628,672.2872094,150
3016,Bearing_10_Seal__4.binvox,14,8,0.128368927,718.128455,150
3017,Bearing_10_Seal__5.binvox,14,8,0.135758352,701.9251592,150
3018,Bearing_10_Seal__7.binvox,14,8,0.139402332,717.5517831,150
3019,Bearing_10_Seal__8.binvox,14,8,0.133836294,670.5374094,150
3020,Bearing_1_Ball__1.binvox,13,32,18.75446922,122465.7715,6
3021,Bearing_1_Ball__10.binvox,13,32,17.59353998,120442.6552,6
3022,Bearing_1_Ball__3.binvox,13,32,18.7001743,117100.1561,6
3023,Bearing_1_Ball__4.binvox,13,32,18.72727899,120171.1043,6
3024,Bearing_1_Ball__5.binvox,13,32,17.76796114,114699.24,6
3025,Bearing_1_Ball__7.binvox,13,32,17.47313888,120344.5011,6
3026,Bearing_1_Ball__8.binvox,13,32,18.68380354,116211.6001,6
3027,Bearing_1_Cage__1.binvox,13,8,1.268912844,9056.552626,75
3028,Bearing_1_Cage__10.binvox,13,8,1.365228823,9862.149553,75
3029,Bearing_1_Cage__3.binvox,13,8,1.367365284,9293.407212,75
3030,Bearing_1_Cage__4.binvox,13,8,1.358525594,9305.909678,75
3031,Bearing_1_Cage__5.binvox,13,8,1.335986791,9862.818218,75
3032,Bearing_1_Cage__7.binvox,13,8,1.30053539,9758.047322,75
3033,Bearing_1_Cage__8.binvox,13,8,1.38424612,9385.773045,75
3034,Bearing_1_InnerRing__1.binvox,13,4,21.3318585,142547.4237,6
3035,Bearing_1_InnerRing__10.binvox,13,4,21.29232349,137809.6767,6
3036,Bearing_1_InnerRing__3.binvox,13,4,21.69786635,145066.6053,6
3037,Bearing_1_InnerRing__4.binvox,13,4,21.01849228,135649.636,6
3038,Bearing_1_InnerRing__5.binvox,13,4,21.64071184,135853.2244,6
3039,Bearing_1_InnerRing__7.binvox,13,4,21.99969617,136908.4548,6
3040,Bearing_1_InnerRing__8.binvox,13,4,23.01015045,149052.0967,6
3041,Bearing_1_OuterRing__1.binvox,13,4,23.05155668,140333.7087,6
3042,Bearing_1_OuterRing__10.binvox,13,4,21.78224019,141252.6839,6
3043,Bearing_1_OuterRing__3.binvox,13,4,22.63905219,144367.0976,6
3044,Bearing_1_OuterRing__4.binvox,13,4,21.98025422,136034.4774,6
3045,Bearing_1_OuterRing__5.binvox,13,4,21.54682826,142153.7933,6
3046,Bearing_1_OuterRing__7.binvox,13,4,23.02240546,148349.5822,6
3047,Bearing_1_OuterRing__8.binvox,13,4,22.7300484,138231.509,6
3048,Bearing_2_Ball__1.binvox,13,32,18.66051994,116962.0585,6
3049,Bearing_2_Ball__10.binvox,13,32,17.26940691,120184.6609,6
3050,Bearing_2_Ball__3.binvox,13,32,17.65104964,120459.8046,6
3051,Bearing_2_Ball__4.binvox,13,32,17.7885816,114470.5689,6
3052,Bearing_2_Ball__5.binvox,13,32,18.69851493,120463.9347,6
3053,Bearing_2_Ball__7.binvox,13,32,18.2001335,118732.2396,6
3054,Bearing_2_Ball__8.binvox,13,32,18.26851925,110892.6205,6
3055,Bearing_2_InnerRing__1.binvox,13,4,21.03967836,144866.1899,6
3056,Bearing_2_InnerRing__10.binvox,13,4,20.90846607,141321.9101,6
3057,Bearing_2_InnerRing__3.binvox,13,4,21.16660391,136784.7406,6
3058,Bearing_2_InnerRing__4.binvox,13,4,21.51638424,147426.9502,6
3059,Bearing_2_InnerRing__5.binvox,13,4,20.95125547,136069.1123,6
3060,Bearing_2_InnerRing__7.binvox,13,4,21.74118278,136661.4068,6
3061,Bearing_2_InnerRing__8.binvox,13,4,22.97775031,145098.0574,6
3062,Bearing_2_OuterRing__1.binvox,13,4,21.84768118,147796.0342,6
3063,Bearing_2_OuterRing__10.binvox,13,4,21.49391182,143315.3142,6
3064,Bearing_2_OuterRing__3.binvox,13,4,22.72832391,148966.574,6
3065,Bearing_2_OuterRing__4.binvox,13,4,22.51949455,143010.6966,6
3066,Bearing_2_OuterRing__5.binvox,13,4,21.56286122,149104.5266,6
3067,Bearing_2_OuterRing__7.binvox,13,4,21.11960193,139217.308,6
3068,Bearing_2_OuterRing__8.binvox,13,4,21.54918857,143638.0284,6
3069,Bearing_3_Ball__1.binvox,13,32,18.5885858,111077.7332,6
3070,Bearing_3_Ball__10.binvox,13,32,18.10692345,111232.7258,6
3071,Bearing_3_Ball__3.binvox,13,32,18.41990498,120792.3994,6
3072,Bearing_3_Ball__4.binvox,13,32,17.11341179,110909.8548,6
3073,Bearing_3_Ball__5.binvox,13,32,18.82445942,121374.1572,6
3074,Bearing_3_Ball__7.binvox,13,32,17.58291896,112516.2568,6
3075,Bearing_3_Ball__8.binvox,13,32,17.8832884,115615.3834,6
3076,Bearing_3_InnerRing__1.binvox,13,4,21.69333153,143971.9347,6
3077,Bearing_3_InnerRing__10.binvox,13,4,21.39788635,143550.3832,6
3078,Bearing_3_InnerRing__3.binvox,13,4,21.49297404,146553.5248,6
3079,Bearing_3_InnerRing__4.binvox,13,4,22.9005217,147792.9333,6
3080,Bearing_3_InnerRing__5.binvox,13,4,22.60566233,136453.4075,6
3081,Bearing_3_InnerRing__7.binvox,13,4,22.33101892,147708.1699,6
3082,Bearing_3_InnerRing__8.binvox,13,4,22.85049924,139950.1553,6
3083,Bearing_3_OuterRing__1.binvox,13,4,22.44789002,142100.5049,6
3084,Bearing_3_OuterRing__10.binvox,13,4,22.79517853,143420.6505,6
3085,Bearing_3_OuterRing__3.binvox,13,4,22.32007243,139118.0243,6
3086,Bearing_3_OuterRing__4.binvox,13,4,21.95429471,135491.8024,6
3087,Bearing_3_OuterRing__5.binvox,13,4,22.9689979,144503.0738,6
3088,Bearing_3_OuterRing__7.binvox,13,4,22.93180081,148943.592,6
3089,Bearing_3_OuterRing__8.binvox,13,4,23.03405097,141633.5123,6
3090,Bearing_4_Ball__1.binvox,13,32,18.21240203,112731.5324,6
3091,Bearing_4_Ball__10.binvox,13,32,18.33841684,117060.2995,6
3092,Bearing_4_Ball__3.binvox,13,32,17.9217968,122258.5261,6
3093,Bearing_4_Ball__4.binvox,13,32,17.14242901,112105.523,6
3094,Bearing_4_Ball__5.binvox,13,32,18.13263359,121093.1712,6
3095,Bearing_4_Ball__7.binvox,13,32,18.75145737,116177.2397,6
3096,Bearing_4_Ball__8.binvox,13,32,17.46715675,122197.8043,6
3097,Bearing_4_InnerRing__1.binvox,13,4,22.0183473,143185.8368,6
3098,Bearing_4_InnerRing__10.binvox,13,4,21.69841736,139726.1103,6
3099,Bearing_4_InnerRing__3.binvox,13,4,22.86552827,146251.6147,6
3100,Bearing_4_InnerRing__4.binvox,13,4,22.23144567,141527.6875,6
3101,Bearing_4_InnerRing__5.binvox,13,4,22.8300699,146181.8259,6
3102,Bearing_4_InnerRing__7.binvox,13,4,21.46365658,142340.8192,6
3103,Bearing_4_InnerRing__8.binvox,13,4,22.54363968,138755.8974,6
3104,Bearing_4_OuterRing__1.binvox,13,4,21.55612737,138194.348,6
3105,Bearing_4_OuterRing__10.binvox,13,4,22.36683895,137267.0269,6
3106,Bearing_4_OuterRing__3.binvox,13,4,22.95942381,142863.2233,6
3107,Bearing_4_OuterRing__4.binvox,13,4,21.42986908,146035.2515,6
3108,Bearing_4_OuterRing__5.binvox,13,4,21.82845166,140617.498,6
3109,Bearing_4_OuterRing__7.binvox,13,4,22.6934503,145986.3662,6
3110,Bearing_4_OuterRing__8.binvox,13,4,21.31054727,141580.2139,6
3111,Bearing_5_Ball__1.binvox,13,32,18.89418422,120682.4516,6
3112,Bearing_5_Ball__10.binvox,13,32,17.46404365,111270.1939,6
3113,Bearing_5_Ball__3.binvox,13,32,17.93219342,112581.7603,6
3114,Bearing_5_Ball__4.binvox,13,32,17.9789049,117871.0004,6
3115,Bearing_5_Ball__5.binvox,13,32,18.00522781,119747.6501,6
3116,Bearing_5_Ball__7.binvox,13,32,18.65096607,113031.5893,6
3117,Bearing_5_Ball__8.binvox,13,32,17.95083288,120785.0241,6
3118,Bearing_5_Cage__1.binvox,13,8,1.327481838,9273.841035,75
3119,Bearing_5_Cage__10.binvox,13,8,1.299172,9817.155803,75
3120,Bearing_5_Cage__3.binvox,13,8,1.372152356,9771.21888,75
3121,Bearing_5_Cage__4.binvox,13,8,1.308465262,9464.772899,75
3122,Bearing_5_Cage__5.binvox,13,8,1.273466875,9333.973752,75
3123,Bearing_5_Cage__7.binvox,13,8,1.338416258,9737.505269,75
3124,Bearing_5_Cage__8.binvox,13,8,1.31372532,9589.965757,75
3125,Bearing_5_InnerRing__1.binvox,13,4,21.90261671,138840.2162,6
3126,Bearing_5_InnerRing__10.binvox,13,4,21.16325097,145483.6195,6
3127,Bearing_5_InnerRing__3.binvox,13,4,22.61979696,143499.5233,6
3128,Bearing_5_InnerRing__4.binvox,13,4,21.92401883,145876.7898,6
3129,Bearing_5_InnerRing__5.binvox,13,4,21.49438166,145841.6891,6
3130,Bearing_5_InnerRing__7.binvox,13,4,21.96433677,144790.3924,6
3131,Bearing_5_InnerRing__8.binvox,13,4,21.62631867,141829.4222,6
3132,Bearing_5_OuterRing__1.binvox,13,4,21.66174517,145442.3973,6
3133,Bearing_5_OuterRing__10.binvox,13,4,21.37706618,146668.2493,6
3134,Bearing_5_OuterRing__3.binvox,13,4,22.51948973,145560.2934,6
3135,Bearing_5_OuterRing__4.binvox,13,4,21.61910465,139431.241,6
3136,Bearing_5_OuterRing__5.binvox,13,4,22.93302024,140602.1209,6
3137,Bearing_5_OuterRing__7.binvox,13,4,22.45772533,140506.5429,6
3138,Bearing_5_OuterRing__8.binvox,13,4,21.20214016,139351.5697,6
3139,Bearing_5_Seal__1.binvox,14,8,0.133459494,670.8613609,150
3140,Bearing_5_Seal__10.binvox,14,8,0.12901893,713.3103067,150
3141,Bearing_5_Seal__3.binvox,14,8,0.128164336,676.0953587,150
3142,Bearing_5_Seal__4.binvox,14,8,0.134364494,673.6968424,150
3143,Bearing_5_Seal__5.binvox,14,8,0.135670892,666.8388907,150
3144,Bearing_5_Seal__7.binvox,14,8,0.138141399,693.9182407,150
3145,Bearing_5_Seal__8.binvox,14,8,0.132084044,708.6425588,150
3146,Bearing_6_Ball__1.binvox,13,32,17.32830164,122102.7775,6
3147,Bearing_6_Ball__10.binvox,13,32,17.72365742,113890.9406,6
3148,Bearing_6_Ball__3.binvox,13,32,17.74674581,119953.765,6
3149,Bearing_6_Ball__4.binvox,13,32,17.68099111,120444.5324,6
3150,Bearing_6_Ball__5.binvox,13,32,18.51785776,111237.8705,6
3151,Bearing_6_Ball__7.binvox,13,32,18.74839481,115067.8752,6
3152,Bearing_6_Ball__8.binvox,13,32,17.26183136,120146.1443,6
3153,Bearing_6_InnerRing__1.binvox,13,4,21.98739828,145594.1629,6
3154,Bearing_6_InnerRing__10.binvox,13,4,22.07706091,143114.8166,6
3155,Bearing_6_InnerRing__3.binvox,13,4,22.85015128,142926.4499,6
3156,Bearing_6_InnerRing__4.binvox,13,4,22.03083849,143413.2118,6
3157,Bearing_6_InnerRing__5.binvox,13,4,22.1195006,140923.5191,6
3158,Bearing_6_InnerRing__7.binvox,13,4,23.04659061,141014.8159,6
3159,Bearing_6_InnerRing__8.binvox,13,4,22.22872136,145116.3828,6
3160,Bearing_6_OuterRing__1.binvox,13,4,23.02590818,149308.5227,6
3161,Bearing_6_OuterRing__10.binvox,13,4,22.8170833,143416.3694,6
3162,Bearing_6_OuterRing__3.binvox,13,4,21.2613182,137312.9106,6
3163,Bearing_6_OuterRing__4.binvox,13,4,22.12573099,146442.2924,6
3164,Bearing_6_OuterRing__5.binvox,13,4,22.00658777,138393.5673,6
3165,Bearing_6_OuterRing__7.binvox,13,4,22.29445193,146658.3698,6
3166,Bearing_6_OuterRing__8.binvox,13,4,20.98609434,145369.8998,6
3167,Bearing_7_Ball__1.binvox,13,32,18.11436882,113640.9012,6
3168,Bearing_7_Ball__10.binvox,13,32,18.11385425,113997.0354,6
3169,Bearing_7_Ball__3.binvox,13,32,17.66255959,111975.455,6
3170,Bearing_7_Ball__4.binvox,13,32,17.55563195,122259.1757,6
3171,Bearing_7_Ball__5.binvox,13,32,17.94526152,113580.2322,6
3172,Bearing_7_Ball__7.binvox,13,32,17.17504695,111167.2913,6
3173,Bearing_7_Ball__8.binvox,13,32,17.89019347,116087.6462,6
3174,Bearing_7_InnerRing__1.binvox,13,4,21.82607352,146600.887,6
3175,Bearing_7_InnerRing__10.binvox,13,4,22.18172369,136896.1149,6
3176,Bearing_7_InnerRing__3.binvox,13,4,21.63898407,137173.7565,6
3177,Bearing_7_InnerRing__4.binvox,13,4,21.11688342,145234.4915,6
3178,Bearing_7_InnerRing__5.binvox,13,4,22.20811637,140355.9909,6
3179,Bearing_7_InnerRing__7.binvox,13,4,21.15290383,145120.9528,6
3180,Bearing_7_InnerRing__8.binvox,13,4,21.30674495,138884.4347,6
3181,Bearing_7_OuterRing__1.binvox,13,4,21.69570519,136246.7852,6
3182,Bearing_7_OuterRing__10.binvox,13,4,22.68534047,145677.2021,6
3183,Bearing_7_OuterRing__3.binvox,13,4,22.91312001,137964.4317,6
3184,Bearing_7_OuterRing__4.binvox,13,4,21.57186211,138076.2015,6
3185,Bearing_7_OuterRing__5.binvox,13,4,23.04115912,146778.6979,6
3186,Bearing_7_OuterRing__7.binvox,13,4,22.82851612,138210.0713,6
3187,Bearing_7_OuterRing__8.binvox,13,4,22.13653642,149260.7151,6
3188,Bearing_8_Ball__1.binvox,13,32,17.31396148,112565.577,6
3189,Bearing_8_Ball__10.binvox,13,32,17.9870454,112614.6352,6
3190,Bearing_8_Ball__3.binvox,13,32,18.129413,117384.1932,6
3191,Bearing_8_Ball__4.binvox,13,32,18.3637341,114562.1369,6
3192,Bearing_8_Ball__5.binvox,13,32,18.29981373,115377.5052,6
3193,Bearing_8_Ball__7.binvox,13,32,17.74160714,121160.4134,6
3194,Bearing_8_Ball__8.binvox,13,32,17.34482983,119452.1626,6
3195,Bearing_8_InnerRing__1.binvox,13,4,22.40936436,139130.447,6
3196,Bearing_8_InnerRing__10.binvox,13,4,21.65452082,145393.4897,6
3197,Bearing_8_InnerRing__3.binvox,13,4,22.43207857,148183.5011,6
3198,Bearing_8_InnerRing__4.binvox,13,4,21.40562698,138059.8883,6
3199,Bearing_8_InnerRing__5.binvox,13,4,22.40000705,137222.8154,6
3200,Bearing_8_InnerRing__7.binvox,13,4,21.33712944,145802.8147,6
3201,Bearing_8_InnerRing__8.binvox,13,4,22.3447859,138735.2283,6
3202,Bearing_8_OuterRing__1.binvox,13,4,20.94937739,144945.1503,6
3203,Bearing_8_OuterRing__10.binvox,13,4,21.33954738,146992.1128,6
3204,Bearing_8_OuterRing__3.binvox,13,4,21.24401258,143326.6925,6
3205,Bearing_8_OuterRing__4.binvox,13,4,21.12820907,142157.1834,6
3206,Bearing_8_OuterRing__5.binvox,13,4,22.5777957,141532.2853,6
3207,Bearing_8_OuterRing__7.binvox,13,4,21.42741858,138956.24,6
3208,Bearing_8_OuterRing__8.binvox,13,4,21.93567435,139876.9614,6
3209,Bearing_9_Ball__1.binvox,13,32,18.64009638,111000.2009,6
3210,Bearing_9_Ball__10.binvox,13,32,18.15302126,117410.0698,6
3211,Bearing_9_Ball__3.binvox,13,32,17.83309123,119827.6955,6
3212,Bearing_9_Ball__4.binvox,13,32,17.62581261,117733.5677,6
3213,Bearing_9_Ball__5.binvox,13,32,18.69240331,116142.505,6
3214,Bearing_9_Ball__7.binvox,13,32,17.88004697,114141.7534,6
3215,Bearing_9_Ball__8.binvox,13,32,17.46923831,111100.2822,6
3216,Bearing_9_InnerRing__1.binvox,13,4,21.72964286,146994.4189,6
3217,Bearing_9_InnerRing__10.binvox,13,4,21.3895846,147183.2162,6
3218,Bearing_9_InnerRing__3.binvox,13,4,20.9408763,137077.3882,6
3219,Bearing_9_InnerRing__4.binvox,13,4,20.96822227,139537.5328,6
3220,Bearing_9_InnerRing__5.binvox,13,4,20.9626286,143572.359,6
3221,Bearing_9_InnerRing__7.binvox,13,4,22.29562878,135491.5861,6
3222,Bearing_9_InnerRing__8.binvox,13,4,20.91781542,149178.9369,6
3223,Bearing_9_OuterRing__1.binvox,13,4,21.03821714,141148.3687,6
3224,Bearing_9_OuterRing__10.binvox,13,4,21.39008704,146639.2119,6
3225,Bearing_9_OuterRing__3.binvox,13,4,23.04691383,137228.5196,6
3226,Bearing_9_OuterRing__4.binvox,13,4,22.70245706,136520.8381,6
3227,Bearing_9_OuterRing__5.binvox,13,4,21.33105999,144447.0558,6
3228,Bearing_9_OuterRing__7.binvox,13,4,22.60964676,140268.95,6
3229,Bearing_9_OuterRing__8.binvox,13,4,22.8605692,141421.4057,6
3230,Bearing_9_Seal__1.binvox,14,8,0.127796595,652.8293299,150
3231,Bearing_9_Seal__10.binvox,14,8,0.137631275,714.6356031,150
3232,Bearing_9_Seal__3.binvox,14,8,0.135643958,704.7970774,150
3233,Bearing_9_Seal__4.binvox,14,8,0.133851259,672.3391397,150
3234,Bearing_9_Seal__5.binvox,14,8,0.12738499,678.7104712,150
3235,Bearing_9_Seal__7.binvox,14,8,0.13151055,711.1501175,150
3236,Bearing_9_Seal__8.binvox,14,8,0.126742801,666.9488001,150
3237,Caster_10_Bolt__1.binvox,15,8,6.148169788,39159.71009,6
3238,Caster_10_Bolt__10.binvox,15,8,6.132602985,37473.48096,6
3239,Caster_10_Bolt__3.binvox,15,8,6.265857997,38087.64047,6
3240,Caster_10_Bolt__4.binvox,15,8,6.027624711,39923.42249,6
3241,Caster_10_Bolt__5.binvox,15,8,6.172241935,38292.55251,6
3242,Caster_10_Bolt__7.binvox,15,8,5.762171309,39484.54899,6
3243,Caster_10_Bolt__8.binvox,15,8,6.205653532,37498.91682,6
3244,Caster_10_Fork__1.binvox,18,4,1.307222456,8711.739138,75
3245,Caster_10_Fork__10.binvox,18,4,1.281648798,8920.698125,75
3246,Caster_10_Fork__3.binvox,18,4,1.38222325,8438.492843,75
3247,Caster_10_Fork__4.binvox,18,4,1.318684689,8423.035277,75
3248,Caster_10_Fork__5.binvox,18,4,1.284469595,9024.299763,75
3249,Caster_10_Fork__7.binvox,18,4,1.293155,8365.354556,75
3250,Caster_10_Fork__8.binvox,18,4,1.386516614,8415.175833,75
3251,Caster_10_Nut__1.binvox,15,8,5.960975554,38331.60473,6
3252,Caster_10_Nut__10.binvox,15,8,6.291481584,38013.97393,6
3253,Caster_10_Nut__3.binvox,15,8,5.861706095,37309.6808,6
3254,Caster_10_Nut__4.binvox,15,8,5.818275438,38245.41161,6
3255,Caster_10_Nut__5.binvox,15,8,6.10636706,39593.76602,6
3256,Caster_10_Nut__7.binvox,15,8,6.261374788,38411.56268,6
3257,Caster_10_Nut__8.binvox,15,8,6.05007167,38079.84007,6
3258,Caster_10_TopPlate__1.binvox,17,4,4.701863687,32744.13351,75
3259,Caster_10_TopPlate__10.binvox,17,4,4.834063149,33006.72845,75
3260,Caster_10_TopPlate__3.binvox,17,4,4.948756364,30901.41618,75
3261,Caster_10_TopPlate__4.binvox,17,4,5.070889779,31085.07625,75
3262,Caster_10_TopPlate__5.binvox,17,4,4.708681114,31736.77969,75
3263,Caster_10_TopPlate__7.binvox,17,4,4.760886874,30968.13219,75
3264,Caster_10_TopPlate__8.binvox,17,4,4.972744182,30235.65387,75
3265,Caster_10_WheelRubber__1.binvox,14,4,0.130156058,661.6604824,150
3266,Caster_10_WheelRubber__10.binvox,14,4,0.130541177,706.152932,150
3267,Caster_10_WheelRubber__3.binvox,14,4,0.139313739,668.9327218,150
3268,Caster_10_WheelRubber__4.binvox,14,4,0.134594922,715.1659848,150
3269,Caster_10_WheelRubber__5.binvox,14,4,0.136777657,714.0511315,150
3270,Caster_10_WheelRubber__7.binvox,14,4,0.129798482,712.0235525,150
3271,Caster_10_WheelRubber__8.binvox,14,4,0.134824182,707.9505714,150
3272,Caster_10_Wheel__1.binvox,17,4,1.750927991,5350.931466,240
3273,Caster_10_Wheel__10.binvox,17,4,1.761760152,5146.937576,240
3274,Caster_10_Wheel__3.binvox,17,4,1.755693549,5242.579866,240
3275,Caster_10_Wheel__4.binvox,17,4,1.786425678,5587.006113,240
3276,Caster_10_Wheel__5.binvox,17,4,1.689438725,5171.977599,240
3277,Caster_10_Wheel__7.binvox,17,4,1.805463652,5361.714367,240
3278,Caster_10_Wheel__8.binvox,17,4,1.72897111,5524.068265,240
3279,Caster_1_Bolt__1.binvox,15,8,6.169693744,40797.63163,6
3280,Caster_1_Bolt__10.binvox,15,8,5.789086692,39457.44563,6
3281,Caster_1_Bolt__3.binvox,15,8,6.161194602,38856.02659,6
3282,Caster_1_Bolt__4.binvox,15,8,6.108294727,40226.93797,6
3283,Caster_1_Bolt__5.binvox,15,8,6.055510932,37273.68593,6
3284,Caster_1_Bolt__7.binvox,15,8,6.087727754,38984.34255,6
3285,Caster_1_Bolt__8.binvox,15,8,6.270448766,38887.76576,6
3286,Caster_1_Fork__1.binvox,18,4,1.318941654,8798.908956,75
3287,Caster_1_Fork__10.binvox,18,4,1.399082687,8630.969913,75
3288,Caster_1_Fork__3.binvox,18,4,1.267272713,8837.176466,75
3289,Caster_1_Fork__4.binvox,18,4,1.272122739,8916.529568,75
3290,Caster_1_Fork__5.binvox,18,4,1.33220655,8235.653842,75
3291,Caster_1_Fork__7.binvox,18,4,1.311502722,8464.740992,75
3292,Caster_1_Fork__8.binvox,18,4,1.308582712,9021.825958,75
3293,Caster_1_Nut__1.binvox,15,8,5.882486484,36941.05041,6
3294,Caster_1_Nut__10.binvox,15,8,6.276549405,39269.22531,6
3295,Caster_1_Nut__3.binvox,15,8,6.252154307,39734.24339,6
3296,Caster_1_Nut__4.binvox,15,8,6.222760873,37408.99201,6
3297,Caster_1_Nut__5.binvox,15,8,5.76534988,40573.68444,6
3298,Caster_1_Nut__7.binvox,15,8,6.157095886,37536.9793,6
3299,Caster_1_Nut__8.binvox,15,8,6.216325856,39971.78941,6
3300,Caster_1_Wheel__1.binvox,17,4,1.79408974,5334.729203,240
3301,Caster_1_Wheel__10.binvox,17,4,1.830793331,5594.612084,240
3302,Caster_1_Wheel__3.binvox,17,4,1.84159528,5274.648215,240
3303,Caster_1_Wheel__4.binvox,17,4,1.831904282,5216.6232,240
3304,Caster_1_Wheel__5.binvox,17,4,1.855639091,5315.058285,240
3305,Caster_1_Wheel__7.binvox,17,4,1.780676505,5195.673132,240
3306,Caster_1_Wheel__8.binvox,17,4,1.761201857,5484.941429,240
3307,Caster_2_Bolt__1.binvox,15,8,6.290100821,39602.69121,6
3308,Caster_2_Bolt__10.binvox,15,8,5.875046343,39986.94432,6
3309,Caster_2_Bolt__3.binvox,15,8,5.973853167,40754.67722,6
3310,Caster_2_Bolt__4.binvox,15,8,5.957741856,39865.08476,6
3311,Caster_2_Bolt__5.binvox,15,8,6.142153858,37014.07194,6
3312,Caster_2_Bolt__7.binvox,15,8,5.810964291,38822.10752,6
3313,Caster_2_Bolt__8.binvox,15,8,6.155262726,38657.97669,6
3314,Caster_2_Fork__1.binvox,18,4,1.392981894,8383.771165,75
3315,Caster_2_Fork__10.binvox,18,4,1.376161126,8977.668882,75
3316,Caster_2_Fork__3.binvox,18,4,1.361104063,8911.880862,75
3317,Caster_2_Fork__4.binvox,18,4,1.274021054,8316.49968,75
3318,Caster_2_Fork__5.binvox,18,4,1.27637928,9058.456716,75
3319,Caster_2_Fork__7.binvox,18,4,1.396892315,8568.336755,75
3320,Caster_2_Fork__8.binvox,18,4,1.31952184,8474.074981,75
3321,Caster_2_Nut__1.binvox,15,8,6.159057368,39107.61819,6
3322,Caster_2_Nut__10.binvox,15,8,6.276228853,39885.89472,6
3323,Caster_2_Nut__3.binvox,15,8,5.966733969,37282.47669,6
3324,Caster_2_Nut__4.binvox,15,8,6.042069506,38332.70965,6
3325,Caster_2_Nut__5.binvox,15,8,6.145847809,37702.00667,6
3326,Caster_2_Nut__7.binvox,15,8,6.136524461,39450.55307,6
3327,Caster_2_Nut__8.binvox,15,8,6.236352746,37599.33718,6
3328,Caster_2_Wheel__1.binvox,17,4,1.854487669,5683.024437,240
3329,Caster_2_Wheel__10.binvox,17,4,1.693669362,5578.940132,240
3330,Caster_2_Wheel__3.binvox,17,4,1.711112241,5589.675314,240
3331,Caster_2_Wheel__4.binvox,17,4,1.714627158,5420.449128,240
3332,Caster_2_Wheel__5.binvox,17,4,1.776793502,5241.597792,240
3333,Caster_2_Wheel__7.binvox,17,4,1.802775577,5329.399977,240
3334,Caster_2_Wheel__8.binvox,17,4,1.849548592,5589.743732,240
3335,Caster_3_Bolt__1.binvox,15,8,5.757483898,38910.12455,6
3336,Caster_3_Bolt__10.binvox,15,8,6.037681743,40792.53192,6
3337,Caster_3_Bolt__3.binvox,15,8,5.934100221,39377.75377,6
3338,Caster_3_Bolt__4.binvox,15,8,6.041527471,37660.4705,6
3339,Caster_3_Bolt__5.binvox,15,8,6.231385436,39982.67635,6
3340,Caster_3_Bolt__7.binvox,15,8,5.707196767,39814.69475,6
3341,Caster_3_Bolt__8.binvox,15,8,5.895800658,38575.5045,6
3342,Caster_3_Fork__1.binvox,18,4,1.313902096,8964.610779,75
3343,Caster_3_Fork__10.binvox,18,4,1.269831866,8747.881366,75
3344,Caster_3_Fork__3.binvox,18,4,1.273853324,8724.962106,75
3345,Caster_3_Fork__4.binvox,18,4,1.394037115,9013.05342,75
3346,Caster_3_Fork__5.binvox,18,4,1.38872602,8486.755014,75
3347,Caster_3_Fork__7.binvox,18,4,1.371206502,8934.695814,75
3348,Caster_3_Fork__8.binvox,18,4,1.368906588,8672.525544,75
3349,Caster_3_Nut__1.binvox,15,8,5.860922697,37299.24414,6
3350,Caster_3_Nut__10.binvox,15,8,5.923868753,37970.79612,6
3351,Caster_3_Nut__3.binvox,15,8,5.932362873,38358.85043,6
3352,Caster_3_Nut__4.binvox,15,8,6.235865247,39088.45198,6
3353,Caster_3_Nut__5.binvox,15,8,6.013999857,37839.29228,6
3354,Caster_3_Nut__7.binvox,15,8,6.114761211,39972.28752,6
3355,Caster_3_Nut__8.binvox,15,8,5.950951303,40764.64925,6
3356,Caster_3_Wheel__1.binvox,17,4,1.810025034,5572.127782,240
3357,Caster_3_Wheel__10.binvox,17,4,1.69154177,5202.005684,240
3358,Caster_3_Wheel__3.binvox,17,4,1.817013093,5602.858569,240
3359,Caster_3_Wheel__4.binvox,17,4,1.839682439,5199.939919,240
3360,Caster_3_Wheel__5.binvox,17,4,1.694071593,5324.567666,240
3361,Caster_3_Wheel__7.binvox,17,4,1.710933349,5527.487051,240
3362,Caster_3_Wheel__8.binvox,17,4,1.754668535,5243.956805,240
3363,Caster_4_Bolt__1.binvox,15,8,6.094451824,37329.45265,6
3364,Caster_4_Bolt__10.binvox,15,8,5.709097863,38215.19881,6
3365,Caster_4_Bolt__3.binvox,15,8,6.043897063,40438.89661,6
3366,Caster_4_Bolt__4.binvox,15,8,5.965339398,40474.36615,6
3367,Caster_4_Bolt__5.binvox,15,8,5.888420724,40633.28286,6
3368,Caster_4_Bolt__7.binvox,15,8,5.882026068,39770.6789,6
3369,Caster_4_Bolt__8.binvox,15,8,5.743049342,39384.84333,6
3370,Caster_4_Fork__1.binvox,18,4,1.35815348,8984.723653,75
3371,Caster_4_Fork__10.binvox,18,4,1.280832966,8397.787512,75
3372,Caster_4_Fork__3.binvox,18,4,1.307405887,8476.119979,75
3373,Caster_4_Fork__4.binvox,18,4,1.338674205,9038.162743,75
3374,Caster_4_Fork__5.binvox,18,4,1.293743311,8983.944052,75
3375,Caster_4_Fork__7.binvox,18,4,1.328427567,8276.715241,75
3376,Caster_4_Fork__8.binvox,18,4,1.29804767,8912.577638,75
3377,Caster_4_Nut__1.binvox,15,8,5.963734868,37360.35677,6
3378,Caster_4_Nut__10.binvox,15,8,6.027021279,37690.15358,6
3379,Caster_4_Nut__3.binvox,15,8,6.252271806,40448.76665,6
3380,Caster_4_Nut__4.binvox,15,8,5.911274774,39962.76659,6
3381,Caster_4_Nut__5.binvox,15,8,5.915964202,39846.18296,6
3382,Caster_4_Nut__7.binvox,15,8,6.292263886,39147.73194,6
3383,Caster_4_Nut__8.binvox,15,8,5.778086027,37036.3599,6
3384,Caster_4_WheelRubber__1.binvox,14,4,0.12937612,673.9916072,150
3385,Caster_4_WheelRubber__10.binvox,14,4,0.128481405,698.1437371,150
3386,Caster_4_WheelRubber__3.binvox,14,4,0.13937014,685.3427208,150
3387,Caster_4_WheelRubber__4.binvox,14,4,0.134193376,697.5762609,150
3388,Caster_4_WheelRubber__5.binvox,14,4,0.130277386,686.7107607,150
3389,Caster_4_WheelRubber__7.binvox,14,4,0.136617154,664.9361087,150
3390,Caster_4_WheelRubber__8.binvox,14,4,0.132312994,673.2579035,150
3391,Caster_4_Wheel__1.binvox,17,4,1.8442393,5444.02527,240
3392,Caster_4_Wheel__10.binvox,17,4,1.761110637,5434.036314,240
3393,Caster_4_Wheel__3.binvox,17,4,1.812732404,5425.788979,240
3394,Caster_4_Wheel__4.binvox,17,4,1.760070821,5359.849519,240
3395,Caster_4_Wheel__5.binvox,17,4,1.74981171,5654.209505,240
3396,Caster_4_Wheel__7.binvox,17,4,1.692683357,5413.275288,240
3397,Caster_4_Wheel__8.binvox,17,4,1.837017692,5473.083615,240
3398,Caster_5_Bolt__1.binvox,15,8,5.751095383,36971.74629,6
3399,Caster_5_Bolt__10.binvox,15,8,6.290129816,38646.475,6
3400,Caster_5_Bolt__3.binvox,15,8,5.764400377,40659.62245,6
3401,Caster_5_Bolt__4.binvox,15,8,5.770326794,40823.8526,6
3402,Caster_5_Bolt__5.binvox,15,8,6.177999691,38172.31251,6
3403,Caster_5_Bolt__7.binvox,15,8,6.068972479,39361.70953,6
3404,Caster_5_Bolt__8.binvox,15,8,6.088310472,37896.13048,6
3405,Caster_5_Fork__1.binvox,18,4,1.267699636,8703.847616,75
3406,Caster_5_Fork__10.binvox,18,4,1.382211293,8531.661654,75
3407,Caster_5_Fork__3.binvox,18,4,1.348664138,8260.78454,75
3408,Caster_5_Fork__4.binvox,18,4,1.387662855,8789.226914,75
3409,Caster_5_Fork__5.binvox,18,4,1.280831044,8511.652604,75
3410,Caster_5_Fork__7.binvox,18,4,1.37064208,8267.176733,75
3411,Caster_5_Fork__8.binvox,18,4,1.376402422,8267.993278,75
3412,Caster_5_Nut__1.binvox,15,8,5.845567852,39560.55464,6
3413,Caster_5_Nut__10.binvox,15,8,5.806228051,37676.37124,6
3414,Caster_5_Nut__3.binvox,15,8,5.765971241,37521.60133,6
3415,Caster_5_Nut__4.binvox,15,8,6.158427082,40134.27593,6
3416,Caster_5_Nut__5.binvox,15,8,5.726609844,40495.68559,6
3417,Caster_5_Nut__7.binvox,15,8,5.95346162,38345.88593,6
3418,Caster_5_Nut__8.binvox,15,8,5.766805027,37734.65268,6
3419,Caster_5_Wheel__1.binvox,17,4,1.761434216,5551.622219,240
3420,Caster_5_Wheel__10.binvox,17,4,1.735144496,5623.763173,240
3421,Caster_5_Wheel__3.binvox,17,4,1.852446328,5550.991046,240
3422,Caster_5_Wheel__4.binvox,17,4,1.803669029,5228.822173,240
3423,Caster_5_Wheel__5.binvox,17,4,1.724999913,5627.228612,240
3424,Caster_5_Wheel__7.binvox,17,4,1.726450214,5392.466009,240
3425,Caster_5_Wheel__8.binvox,17,4,1.84417763,5457.778969,240
3426,Caster_6_Bolt__1.binvox,15,8,5.908958657,37673.61302,6
3427,Caster_6_Bolt__10.binvox,15,8,5.89638189,38338.61412,6
3428,Caster_6_Bolt__3.binvox,15,8,6.246532684,40436.00385,6
3429,Caster_6_Bolt__4.binvox,15,8,5.736711006,36984.10031,6
3430,Caster_6_Bolt__5.binvox,15,8,6.237864219,37987.04802,6
3431,Caster_6_Bolt__7.binvox,15,8,5.834304748,39217.45027,6
3432,Caster_6_Bolt__8.binvox,15,8,6.167763709,40001.53618,6
3433,Caster_6_Fork__1.binvox,18,4,1.359404675,8460.927867,75
3434,Caster_6_Fork__10.binvox,18,4,1.268179907,8735.819645,75
3435,Caster_6_Fork__3.binvox,18,4,1.327067059,8618.178661,75
3436,Caster_6_Fork__4.binvox,18,4,1.294165281,8934.616045,75
3437,Caster_6_Fork__5.binvox,18,4,1.337527459,8648.759756,75
3438,Caster_6_Fork__7.binvox,18,4,1.340914744,8462.380758,75
3439,Caster_6_Fork__8.binvox,18,4,1.382840999,8478.101441,75
3440,Caster_6_Nut__1.binvox,15,8,5.715572979,37414.23733,6
3441,Caster_6_Nut__10.binvox,15,8,6.065314204,39906.40967,6
3442,Caster_6_Nut__3.binvox,15,8,5.844070322,37768.81094,6
3443,Caster_6_Nut__4.binvox,15,8,5.864274072,37533.85371,6
3444,Caster_6_Nut__5.binvox,15,8,5.795969648,38292.93506,6
3445,Caster_6_Nut__7.binvox,15,8,6.171234914,39096.00605,6
3446,Caster_6_Nut__8.binvox,15,8,5.839798455,38013.70152,6
3447,Caster_6_TopPlate__1.binvox,17,4,4.751770938,32023.00675,75
3448,Caster_6_TopPlate__10.binvox,17,4,4.722648686,32629.19246,75
3449,Caster_6_TopPlate__3.binvox,17,4,4.638320933,31314.10044,75
3450,Caster_6_TopPlate__4.binvox,17,4,4.955903922,32243.42685,75
3451,Caster_6_TopPlate__5.binvox,17,4,4.803748993,32683.69726,75
3452,Caster_6_TopPlate__7.binvox,17,4,4.889933613,31031.67328,75
3453,Caster_6_TopPlate__8.binvox,17,4,4.698157254,33047.90461,75
3454,Caster_6_Wheel__1.binvox,17,4,1.758897873,5508.96031,240
3455,Caster_6_Wheel__10.binvox,17,4,1.701037857,5491.598879,240
3456,Caster_6_Wheel__3.binvox,17,4,1.806196239,5402.261615,240
3457,Caster_6_Wheel__4.binvox,17,4,1.791546083,5529.233941,240
3458,Caster_6_Wheel__5.binvox,17,4,1.73794325,5172.770793,240
3459,Caster_6_Wheel__7.binvox,17,4,1.731688046,5608.422004,240
3460,Caster_6_Wheel__8.binvox,17,4,1.764182869,5394.976585,240
3461,Caster_7_Bolt__1.binvox,15,8,5.889268785,37109.51244,6
3462,Caster_7_Bolt__10.binvox,15,8,5.876876535,37646.42425,6
3463,Caster_7_Bolt__3.binvox,15,8,6.059291119,37254.60055,6
3464,Caster_7_Bolt__4.binvox,15,8,5.815953452,40275.12806,6
3465,Caster_7_Bolt__5.binvox,15,8,6.16010434,37501.79629,6
3466,Caster_7_Bolt__7.binvox,15,8,6.060600181,37628.70242,6
3467,Caster_7_Bolt__8.binvox,15,8,6.143588034,39326.33168,6
3468,Caster_7_Fork__1.binvox,18,4,1.272875204,8469.586459,75
3469,Caster_7_Fork__10.binvox,18,4,1.364757586,8916.903802,75
3470,Caster_7_Fork__3.binvox,18,4,1.386793906,8752.982772,75
3471,Caster_7_Fork__4.binvox,18,4,1.284326791,8406.434165,75
3472,Caster_7_Fork__5.binvox,18,4,1.376204336,8992.232017,75
3473,Caster_7_Fork__7.binvox,18,4,1.336585903,8590.104147,75
3474,Caster_7_Fork__8.binvox,18,4,1.390746357,8311.627772,75
3475,Caster_7_Nut__1.binvox,15,8,5.746996839,38172.98387,6
3476,Caster_7_Nut__10.binvox,15,8,6.163340494,40661.4412,6
3477,Caster_7_Nut__3.binvox,15,8,6.154735756,40667.79021,6
3478,Caster_7_Nut__4.binvox,15,8,5.862261368,39555.67844,6
3479,Caster_7_Nut__5.binvox,15,8,5.758787184,39904.0328,6
3480,Caster_7_Nut__7.binvox,15,8,6.157015321,38832.29847,6
3481,Caster_7_Nut__8.binvox,15,8,6.124406266,40718.89024,6
3482,Caster_7_TopPlate__1.binvox,17,4,4.812745975,30307.82472,75
3483,Caster_7_TopPlate__10.binvox,17,4,4.687581961,32956.75079,75
3484,Caster_7_TopPlate__3.binvox,17,4,4.916237693,30294.6775,75
3485,Caster_7_TopPlate__4.binvox,17,4,5.014360737,30062.79849,75
3486,Caster_7_TopPlate__5.binvox,17,4,4.738255173,31798.05122,75
3487,Caster_7_TopPlate__7.binvox,17,4,5.068427649,30359.61622,75
3488,Caster_7_TopPlate__8.binvox,17,4,4.732262085,30100.30427,75
3489,Caster_7_Wheel__1.binvox,17,4,1.799767826,5656.327977,240
3490,Caster_7_Wheel__10.binvox,17,4,1.771323358,5365.49916,240
3491,Caster_7_Wheel__3.binvox,17,4,1.856882665,5603.771418,240
3492,Caster_7_Wheel__4.binvox,17,4,1.770716687,5633.987431,240
3493,Caster_7_Wheel__5.binvox,17,4,1.704703756,5493.144169,240
3494,Caster_7_Wheel__7.binvox,17,4,1.85610652,5180.656224,240
3495,Caster_7_Wheel__8.binvox,17,4,1.80126807,5143.050255,240
3496,Caster_8_Bolt__1.binvox,15,8,6.0551715,38259.34045,6
3497,Caster_8_Bolt__10.binvox,15,8,6.126087461,38898.83927,6
3498,Caster_8_Bolt__3.binvox,15,8,6.181949719,37320.78286,6
3499,Caster_8_Bolt__4.binvox,15,8,5.716746366,38956.07012,6
3500,Caster_8_Bolt__5.binvox,15,8,5.748776748,38151.60489,6
3501,Caster_8_Bolt__7.binvox,15,8,6.121673656,40319.99923,6
3502,Caster_8_Bolt__8.binvox,15,8,5.998077292,39933.76028,6
3503,Caster_8_Fork__1.binvox,18,4,1.351131435,8496.871997,75
3504,Caster_8_Fork__10.binvox,18,4,1.344703901,8508.846294,75
3505,Caster_8_Fork__3.binvox,18,4,1.334084385,9026.42354,75
3506,Caster_8_Fork__4.binvox,18,4,1.317490926,8536.224264,75
3507,Caster_8_Fork__5.binvox,18,4,1.333820971,8315.934566,75
3508,Caster_8_Fork__7.binvox,18,4,1.378897701,8263.796547,75
3509,Caster_8_Fork__8.binvox,18,4,1.325807893,9052.782119,75
3510,Caster_8_Nut__1.binvox,15,8,6.08645501,39413.0096,6
3511,Caster_8_Nut__10.binvox,15,8,6.230869153,40120.43367,6
3512,Caster_8_Nut__3.binvox,15,8,6.162264991,40729.82579,6
3513,Caster_8_Nut__4.binvox,15,8,6.150342897,38485.37032,6
3514,Caster_8_Nut__5.binvox,15,8,6.038568164,40584.3332,6
3515,Caster_8_Nut__7.binvox,15,8,5.729649768,38849.38683,6
3516,Caster_8_Nut__8.binvox,15,8,5.992749075,39652.62386,6
3517,Caster_8_TopPlate__1.binvox,17,4,5.051941978,31781.03403,75
3518,Caster_8_TopPlate__10.binvox,17,4,4.827571871,31711.12626,75
3519,Caster_8_TopPlate__3.binvox,17,4,5.082477267,31260.31111,75
3520,Caster_8_TopPlate__4.binvox,17,4,4.659319475,32496.29806,75
3521,Caster_8_TopPlate__5.binvox,17,4,5.043855623,32320.247,75
3522,Caster_8_TopPlate__7.binvox,17,4,4.814719755,32404.76621,75
3523,Caster_8_TopPlate__8.binvox,17,4,4.948069626,30284.58413,75
3524,Caster_8_Wheel__1.binvox,17,4,1.757582771,5346.537465,240
3525,Caster_8_Wheel__10.binvox,17,4,1.793578586,5659.080597,240
3526,Caster_8_Wheel__3.binvox,17,4,1.834174255,5220.282477,240
3527,Caster_8_Wheel__4.binvox,17,4,1.707041452,5388.143462,240
3528,Caster_8_Wheel__5.binvox,17,4,1.69104585,5144.812367,240
3529,Caster_8_Wheel__7.binvox,17,4,1.701575646,5603.921953,240
3530,Caster_8_Wheel__8.binvox,17,4,1.7287195,5576.300076,240
3531,Caster_9_Bolt__1.binvox,15,8,6.222899219,38951.89509,6
3532,Caster_9_Bolt__10.binvox,15,8,6.245718357,39160.77534,6
3533,Caster_9_Bolt__3.binvox,15,8,6.167862067,38642.80814,6
3534,Caster_9_Bolt__4.binvox,15,8,6.163915938,39334.83825,6
3535,Caster_9_Bolt__5.binvox,15,8,6.237415943,39392.05285,6
3536,Caster_9_Bolt__7.binvox,15,8,5.946836158,37573.4047,6
3537,Caster_9_Bolt__8.binvox,15,8,5.86713071,39588.30184,6
3538,Caster_9_Fork__1.binvox,18,4,1.270110551,9049.440655,75
3539,Caster_9_Fork__10.binvox,18,4,1.362047332,8721.239672,75
3540,Caster_9_Fork__3.binvox,18,4,1.361702306,8405.483103,75
3541,Caster_9_Fork__4.binvox,18,4,1.384675999,8887.885528,75
3542,Caster_9_Fork__5.binvox,18,4,1.394056089,8537.959924,75
3543,Caster_9_Fork__7.binvox,18,4,1.28730281,8778.745261,75
3544,Caster_9_Fork__8.binvox,18,4,1.344512246,8553.644885,75
3545,Caster_9_Nut__1.binvox,15,8,5.994176036,37405.90158,6
3546,Caster_9_Nut__10.binvox,15,8,6.049556897,39649.74759,6
3547,Caster_9_Nut__3.binvox,15,8,5.846767299,39820.67293,6
3548,Caster_9_Nut__4.binvox,15,8,5.907027705,37271.80273,6
3549,Caster_9_Nut__5.binvox,15,8,5.775625613,39451.4047,6
3550,Caster_9_Nut__7.binvox,15,8,6.19463929,37270.38725,6
3551,Caster_9_Nut__8.binvox,15,8,5.942844174,38097.76336,6
3552,Caster_9_TopPlate__1.binvox,17,4,4.921494429,30294.23659,75
3553,Caster_9_TopPlate__10.binvox,17,4,5.019489551,31712.09967,75
3554,Caster_9_TopPlate__3.binvox,17,4,4.790944414,31505.15408,75
3555,Caster_9_TopPlate__4.binvox,17,4,4.847396245,30338.30728,75
3556,Caster_9_TopPlate__5.binvox,17,4,4.9495625,31148.40724,75
3557,Caster_9_TopPlate__7.binvox,17,4,4.946068517,31692.23688,75
3558,Caster_9_TopPlate__8.binvox,17,4,4.829724913,33174.4428,75
3559,Caster_9_Wheel__1.binvox,17,4,1.735357416,5514.063034,240
3560,Caster_9_Wheel__10.binvox,17,4,1.710934314,5406.62054,240
3561,Caster_9_Wheel__3.binvox,17,4,1.751716724,5156.263203,240
3562,Caster_9_Wheel__4.binvox,17,4,1.729369985,5666.17379,240
3563,Caster_9_Wheel__5.binvox,17,4,1.795314288,5475.943947,240
3564,Caster_9_Wheel__7.binvox,17,4,1.805571421,5494.296471,240
3565,Caster_9_Wheel__8.binvox,17,4,1.764269255,5314.034594,240
3566,Clamp_10_Frame__1.binvox,17,4,4.940287587,27154.13874,120
3567,Clamp_10_Pad__1.binvox,15,4,1.173646111,5973.403629,150
3568,Clamp_10_PinScrew__1.binvox,15,4,5.984469126,37113.61091,6
3569,Clamp_11_Frame__1.binvox,17,4,4.797367438,28814.03304,120
3570,Clamp_11_Handle__1.binvox,15,4,2.387894953,14162.36395,120
3571,Clamp_11_Pad__1.binvox,15,4,1.172163962,6269.286262,150
3572,Clamp_11_PinScrew__1.binvox,15,4,6.070570688,39910.85563,6
3573,Clamp_12_Frame__1.binvox,17,4,4.937489502,27841.31584,120
3574,Clamp_12_Handle__1.binvox,15,4,2.347799801,14467.67961,120
3575,Clamp_12_Pad__1.binvox,15,4,1.244963888,5956.2534,150
3576,Clamp_12_PinScrew__1.binvox,15,4,5.847054254,39204.40367,6
3577,Clamp_13_Frame__1.binvox,17,4,5.102475191,27322.27805,120
3578,Clamp_13_Handle__1.binvox,15,4,2.358289209,14265.15588,120
3579,Clamp_13_Pad__1.binvox,15,4,1.280957807,6393.996829,150
3580,Clamp_13_PinScrew__1.binvox,15,4,5.996328102,38582.48856,6
3581,Clamp_15_Frame__1.binvox,17,4,4.681524719,26916.10917,120
3582,Clamp_15_Handle__1.binvox,15,4,2.499423475,13784.07775,120
3583,Clamp_15_Pad__1.binvox,15,4,1.218276013,6478.175909,150
3584,Clamp_15_PinScrew__1.binvox,15,4,6.262852904,37530.20033,6
3585,Clamp_16_Frame__1.binvox,17,4,5.043937017,27325.68662,120
3586,Clamp_16_Handle__1.binvox,15,4,2.494264624,13146.2414,120
3587,Clamp_16_Pad__1.binvox,15,4,1.223906727,5981.435847,150
3588,Clamp_16_PinScrew__1.binvox,15,4,5.916495797,40137.88971,6
3589,Clamp_17_Frame__1.binvox,17,4,5.088047198,28573.33066,120
3590,Clamp_17_Handle__1.binvox,15,4,2.50668381,13473.34275,120
3591,Clamp_17_Pad__1.binvox,15,4,1.193451705,6242.293097,150
3592,Clamp_17_PinScrew__1.binvox,15,4,6.222143234,38625.19723,6
3593,Clamp_18_Frame__1.binvox,17,4,4.790136251,26966.94355,120
3594,Clamp_18_Handle__1.binvox,15,4,2.537578584,13805.93884,120
3595,Clamp_18_Pad__1.binvox,15,4,1.195348245,6244.742288,150
3596,Clamp_18_PinScrew__1.binvox,15,4,5.855546502,40618.76044,6
3597,Clamp_1_Frame__2.binvox,17,4,4.71351157,28315.03974,120
3598,Clamp_1_Frame__3.binvox,17,4,4.767412867,29045.40813,120
3599,Clamp_1_Frame__4.binvox,17,4,5.106562956,26929.08591,120
3600,Clamp_1_Frame__5.binvox,17,4,4.955155848,29018.09309,120
3601,Clamp_1_Frame__7.binvox,17,4,5.065442507,26730.07346,120
3602,Clamp_1_Frame__9.binvox,17,4,4.71911004,27056.47206,120
3603,Clamp_1_Handle__2.binvox,15,4,2.460011698,13284.02716,120
3604,Clamp_1_Handle__3.binvox,15,4,2.351055407,14319.66613,120
3605,Clamp_1_Handle__4.binvox,15,4,2.539679748,13695.7571,120
3606,Clamp_1_Handle__5.binvox,15,4,2.379767284,14118.75635,120
3607,Clamp_1_Handle__7.binvox,15,4,2.473824105,14187.93108,120
3608,Clamp_1_Handle__9.binvox,15,4,2.485263226,13528.32047,120
3609,Clamp_1_Pad__2.binvox,15,4,1.203518412,6040.371279,150
3610,Clamp_1_Pad__3.binvox,15,4,1.237345023,6282.569867,150
3611,Clamp_1_Pad__4.binvox,15,4,1.209705078,6147.611287,150
3612,Clamp_1_Pad__5.binvox,15,4,1.202632863,6561.894733,150
3613,Clamp_1_Pad__7.binvox,15,4,1.234894353,6527.623342,150
3614,Clamp_1_Pad__9.binvox,15,4,1.2788035,6062.999268,150
3615,Clamp_1_PinScrew__2.binvox,15,4,6.021344218,39983.60531,6
3616,Clamp_1_PinScrew__3.binvox,15,4,5.767909028,37937.56358,6
3617,Clamp_1_PinScrew__4.binvox,15,4,5.802119956,38942.72706,6
3618,Clamp_1_PinScrew__5.binvox,15,4,6.067185805,38214.09022,6
3619,Clamp_1_PinScrew__7.binvox,15,4,6.142238191,37800.87883,6
3620,Clamp_1_PinScrew__9.binvox,15,4,5.758939355,39237.7034,6
3621,Clamp_20_Frame__1.binvox,17,4,4.729015705,28940.36307,120
3622,Clamp_20_Handle__1.binvox,15,4,2.469646635,14294.7408,120
3623,Clamp_20_Pad__1.binvox,15,4,1.17695118,6124.619448,150
3624,Clamp_20_PinScrew__1.binvox,15,4,6.156233076,39791.58901,6
3625,Clamp_2_Frame__2.binvox,17,4,4.875293652,27726.14221,120
3626,Clamp_2_Frame__3.binvox,17,4,4.872632643,26954.22682,120
3627,Clamp_2_Frame__4.binvox,17,4,5.046838835,28326.92124,120
3628,Clamp_2_Frame__5.binvox,17,4,4.821206136,28761.84654,120
3629,Clamp_2_Frame__7.binvox,17,4,4.678837797,28963.99631,120
3630,Clamp_2_Frame__9.binvox,17,4,5.037520662,27284.02128,120
3631,Clamp_2_Handle__2.binvox,15,4,2.403636782,13532.3712,120
3632,Clamp_2_Handle__3.binvox,15,4,2.525314747,13618.05168,120
3633,Clamp_2_Handle__4.binvox,15,4,2.430970732,13340.83759,120
3634,Clamp_2_Handle__5.binvox,15,4,2.335112018,14278.67308,120
3635,Clamp_2_Handle__7.binvox,15,4,2.456910738,13983.54104,120
3636,Clamp_2_Handle__9.binvox,15,4,2.500795024,14170.26507,120
3637,Clamp_2_Pad__2.binvox,15,4,1.234930665,6566.079804,150
3638,Clamp_2_Pad__3.binvox,15,4,1.225449229,6249.095082,150
3639,Clamp_2_Pad__4.binvox,15,4,1.26306229,6194.067907,150
3640,Clamp_2_Pad__5.binvox,15,4,1.186203904,5989.084965,150
3641,Clamp_2_Pad__7.binvox,15,4,1.224384451,6093.811407,150
3642,Clamp_2_Pad__9.binvox,15,4,1.244251235,6486.454379,150
3643,Clamp_2_PinScrew__2.binvox,15,4,5.996703954,38444.85137,6
3644,Clamp_2_PinScrew__3.binvox,15,4,5.935728944,37375.53931,6
3645,Clamp_2_PinScrew__4.binvox,15,4,6.040652044,38114.86104,6
3646,Clamp_2_PinScrew__5.binvox,15,4,5.973969573,37232.18686,6
3647,Clamp_2_PinScrew__7.binvox,15,4,5.920404446,38267.52252,6
3648,Clamp_2_PinScrew__9.binvox,15,4,6.222433231,39310.78165,6
3649,Clamp_3_Frame__2.binvox,17,4,4.806663494,26824.66801,120
3650,Clamp_3_Frame__3.binvox,17,4,4.973616847,26796.67062,120
3651,Clamp_3_Frame__4.binvox,17,4,5.081065122,27096.71058,120
3652,Clamp_3_Frame__5.binvox,17,4,4.656477541,27439.6625,120
3653,Clamp_3_Frame__7.binvox,17,4,5.058890274,28479.04124,120
3654,Clamp_3_Frame__9.binvox,17,4,4.716163975,26349.76582,120
3655,Clamp_3_Handle__2.binvox,15,4,2.379139238,13214.76894,120
3656,Clamp_3_Handle__3.binvox,15,4,2.556646108,13772.61561,120
3657,Clamp_3_Handle__4.binvox,15,4,2.428685803,13382.0614,120
3658,Clamp_3_Handle__5.binvox,15,4,2.495368499,13499.85153,120
3659,Clamp_3_Handle__7.binvox,15,4,2.37117184,13749.76746,120
3660,Clamp_3_Handle__9.binvox,15,4,2.490867157,13495.61713,120
3661,Clamp_3_Pad__2.binvox,15,4,1.167723175,6250.885023,150
3662,Clamp_3_Pad__3.binvox,15,4,1.268752149,6260.005411,150
3663,Clamp_3_Pad__4.binvox,15,4,1.193074224,6385.187562,150
3664,Clamp_3_Pad__5.binvox,15,4,1.263836776,6356.007976,150
3665,Clamp_3_Pad__7.binvox,15,4,1.212488262,6031.277213,150
3666,Clamp_3_Pad__9.binvox,15,4,1.170013083,6570.668432,150
3667,Clamp_3_PinScrew__2.binvox,15,4,6.0868198,40498.45927,6
3668,Clamp_3_PinScrew__3.binvox,15,4,6.049715828,38435.50279,6
3669,Clamp_3_PinScrew__4.binvox,15,4,5.84818799,37926.76411,6
3670,Clamp_3_PinScrew__5.binvox,15,4,6.172446093,38079.63717,6
3671,Clamp_3_PinScrew__7.binvox,15,4,5.832925363,38052.77674,6
3672,Clamp_3_PinScrew__9.binvox,15,4,5.963974173,38446.59078,6
3673,Clamp_4_Frame__2.binvox,17,4,4.933009063,27892.95492,120
3674,Clamp_4_Frame__3.binvox,17,4,4.859013994,27945.62772,120
3675,Clamp_4_Frame__4.binvox,17,4,4.770198824,27076.7283,120
3676,Clamp_4_Frame__5.binvox,17,4,5.02393121,26312.15074,120
3677,Clamp_4_Frame__7.binvox,17,4,4.866408365,28691.65271,120
3678,Clamp_4_Frame__9.binvox,17,4,5.120516669,27089.11115,120
3679,Clamp_4_PinScrew__2.binvox,15,4,5.86433809,40087.79269,6
3680,Clamp_4_PinScrew__3.binvox,15,4,6.234739155,37565.87438,6
3681,Clamp_4_PinScrew__4.binvox,15,4,6.207847124,39167.85144,6
3682,Clamp_4_PinScrew__5.binvox,15,4,5.947223404,39067.98156,6
3683,Clamp_4_PinScrew__7.binvox,15,4,5.806623422,38691.68922,6
3684,Clamp_4_PinScrew__9.binvox,15,4,5.772548442,39269.04136,6
3685,Clamp_5_Frame__2.binvox,17,4,4.9651123,28119.95033,120
3686,Clamp_5_Frame__3.binvox,17,4,4.900731905,27859.61628,120
3687,Clamp_5_Frame__4.binvox,17,4,5.04886559,26795.27981,120
3688,Clamp_5_Frame__5.binvox,17,4,5.080931059,28491.23346,120
3689,Clamp_5_Frame__7.binvox,17,4,5.043896738,27546.60019,120
3690,Clamp_5_Frame__9.binvox,17,4,4.826396737,28435.86445,120
3691,Clamp_5_Handle__2.binvox,15,4,2.497743632,13851.61674,120
3692,Clamp_5_Handle__3.binvox,15,4,2.374413039,14231.78325,120
3693,Clamp_5_Handle__4.binvox,15,4,2.322754023,14272.76411,120
3694,Clamp_5_Handle__5.binvox,15,4,2.491615738,13923.55581,120
3695,Clamp_5_Handle__7.binvox,15,4,2.415888035,13826.80413,120
3696,Clamp_5_Handle__9.binvox,15,4,2.405506822,14171.38895,120
3697,Clamp_5_Pad__2.binvox,15,4,1.206299569,6434.797596,150
3698,Clamp_5_Pad__3.binvox,15,4,1.24523387,6535.815579,150
3699,Clamp_5_Pad__4.binvox,15,4,1.212764282,6149.640096,150
3700,Clamp_5_Pad__5.binvox,15,4,1.172883543,6186.040807,150
3701,Clamp_5_Pad__7.binvox,15,4,1.220995327,6229.508062,150
3702,Clamp_5_Pad__9.binvox,15,4,1.212892101,6398.339556,150
3703,Clamp_5_PinScrew__2.binvox,15,4,6.265715248,38818.25716,6
3704,Clamp_5_PinScrew__3.binvox,15,4,6.086221276,39154.24541,6
3705,Clamp_5_PinScrew__4.binvox,15,4,5.714697368,40532.72002,6
3706,Clamp_5_PinScrew__5.binvox,15,4,5.847837453,37325.17922,6
3707,Clamp_5_PinScrew__7.binvox,15,4,5.899224094,37047.63845,6
3708,Clamp_5_PinScrew__9.binvox,15,4,6.28407712,38733.44098,6
3709,Clamp_6_Frame__1.binvox,17,4,4.798737794,26869.07488,120
3710,Clamp_6_Pad__1.binvox,15,4,1.270833537,6402.777483,150
3711,Clamp_6_PinScrew__1.binvox,15,4,6.14721668,40356.3137,6
3712,Clamp_7_Frame__1.binvox,17,4,4.950527531,28222.45688,120
3713,Clamp_7_PinScrew__1.binvox,15,4,5.761219526,37351.44279,6
3714,Clamp_8_Frame__1.binvox,17,4,4.809555532,27585.33524,120
3715,Clamp_8_Handle__1.binvox,15,4,2.414948803,13848.73007,120
3716,Clamp_8_Pad__1.binvox,15,4,1.271393119,6288.556449,150
3717,Clamp_8_PinScrew__1.binvox,15,4,5.76056054,39359.34694,6
3718,Hinge_10_LeafLeft__1.binvox,18,4,2.421794228,14125.11759,120
3719,Hinge_10_LeafLeft__10.binvox,18,4,2.502719024,14480.11801,120
3720,Hinge_10_LeafLeft__3.binvox,18,4,2.465885329,13774.38305,120
3721,Hinge_10_LeafLeft__4.binvox,18,4,2.473854413,13914.04728,120
3722,Hinge_10_LeafLeft__5.binvox,18,4,2.417972662,14340.93056,120
3723,Hinge_10_LeafLeft__7.binvox,18,4,2.331412318,13221.42486,120
3724,Hinge_10_LeafLeft__8.binvox,18,4,2.499103522,14450.71236,120
3725,Hinge_10_LeafRight__1.binvox,18,4,2.494435141,13374.33449,120
3726,Hinge_10_LeafRight__10.binvox,18,4,2.507771759,13236.28031,120
3727,Hinge_10_LeafRight__3.binvox,18,4,2.367071812,13885.82761,120
3728,Hinge_10_LeafRight__4.binvox,18,4,2.528670898,13200.19256,120
3729,Hinge_10_LeafRight__5.binvox,18,4,2.461684271,13933.67462,120
3730,Hinge_10_LeafRight__7.binvox,18,4,2.493822255,13593.56643,120
3731,Hinge_10_LeafRight__8.binvox,18,4,2.348910534,13836.01965,120
3732,Hinge_10_Pin__1.binvox,15,4,1.275818299,7925.843995,120
3733,Hinge_10_Pin__10.binvox,15,4,1.383872939,7339.605287,120
3734,Hinge_10_Pin__3.binvox,15,4,1.360979763,7586.685757,120
3735,Hinge_10_Pin__4.binvox,15,4,1.348909618,7922.050189,120
3736,Hinge_10_Pin__5.binvox,15,4,1.361914829,7330.258853,120
3737,Hinge_10_Pin__7.binvox,15,4,1.297047298,7806.567553,120
3738,Hinge_10_Pin__8.binvox,15,4,1.297665257,7226.129437,120
3739,Hinge_1_LeafLeft__1.binvox,18,4,2.469595844,14513.49124,120
3740,Hinge_1_LeafLeft__10.binvox,18,4,2.537930238,13636.61581,120
3741,Hinge_1_LeafLeft__3.binvox,18,4,2.326817229,13467.55014,120
3742,Hinge_1_LeafLeft__4.binvox,18,4,2.539776861,14515.83446,120
3743,Hinge_1_LeafLeft__5.binvox,18,4,2.506427155,14131.72293,120
3744,Hinge_1_LeafLeft__7.binvox,18,4,2.493598191,14030.67564,120
3745,Hinge_1_LeafLeft__8.binvox,18,4,2.385349956,13383.07533,120
3746,Hinge_1_LeafRight__1.binvox,18,4,2.535496647,13887.91598,120
3747,Hinge_1_LeafRight__10.binvox,18,4,2.32631747,14475.85268,120
3748,Hinge_1_LeafRight__3.binvox,18,4,2.336850307,13702.78521,120
3749,Hinge_1_LeafRight__4.binvox,18,4,2.349469463,14496.52982,120
3750,Hinge_1_LeafRight__5.binvox,18,4,2.364875336,13443.93061,120
3751,Hinge_1_LeafRight__7.binvox,18,4,2.406417157,14470.0633,120
3752,Hinge_1_LeafRight__8.binvox,18,4,2.528160862,13943.84167,120
3753,Hinge_1_Pin__1.binvox,15,4,1.295513661,7692.306572,120
3754,Hinge_1_Pin__10.binvox,15,4,1.398033742,7769.841291,120
3755,Hinge_1_Pin__3.binvox,15,4,1.290265637,7502.942509,120
3756,Hinge_1_Pin__4.binvox,15,4,1.384998536,7246.515771,120
3757,Hinge_1_Pin__5.binvox,15,4,1.340314791,7783.818865,120
3758,Hinge_1_Pin__7.binvox,15,4,1.323466587,7227.450208,120
3759,Hinge_1_Pin__8.binvox,15,4,1.305291482,7489.323677,120
3760,Hinge_2_LeafLeft__1.binvox,18,4,2.444836176,13224.08726,120
3761,Hinge_2_LeafLeft__10.binvox,18,4,2.548853899,13736.00283,120
3762,Hinge_2_LeafLeft__3.binvox,18,4,2.520587749,14244.57763,120
3763,Hinge_2_LeafLeft__4.binvox,18,4,2.525287823,13779.84286,120
3764,Hinge_2_LeafLeft__5.binvox,18,4,2.478686244,13264.1487,120
3765,Hinge_2_LeafLeft__7.binvox,18,4,2.477433063,14174.67298,120
3766,Hinge_2_LeafLeft__8.binvox,18,4,2.347404169,13626.17336,120
3767,Hinge_2_LeafRight__1.binvox,18,4,2.421355569,13784.53679,120
3768,Hinge_2_LeafRight__10.binvox,18,4,2.365193119,14106.12008,120
3769,Hinge_2_LeafRight__3.binvox,18,4,2.405203964,13952.25964,120
3770,Hinge_2_LeafRight__4.binvox,18,4,2.435893085,13285.65901,120
3771,Hinge_2_LeafRight__5.binvox,18,4,2.436304875,14054.09465,120
3772,Hinge_2_LeafRight__7.binvox,18,4,2.381931092,13613.456,120
3773,Hinge_2_LeafRight__8.binvox,18,4,2.492495474,13373.37194,120
3774,Hinge_2_Pin__1.binvox,15,4,1.302711096,7692.552508,120
3775,Hinge_2_Pin__10.binvox,15,4,1.281825112,7598.438795,120
3776,Hinge_2_Pin__3.binvox,15,4,1.30088572,7802.442573,120
3777,Hinge_2_Pin__4.binvox,15,4,1.363935686,7712.748732,120
3778,Hinge_2_Pin__5.binvox,15,4,1.268802953,7626.12788,120
3779,Hinge_2_Pin__7.binvox,15,4,1.282086708,7206.502578,120
3780,Hinge_2_Pin__8.binvox,15,4,1.381463113,7309.728016,120
3781,Hinge_3_LeafLeft__1.binvox,18,4,2.442756383,14294.781,120
3782,Hinge_3_LeafLeft__10.binvox,18,4,2.503445549,13821.445,120
3783,Hinge_3_LeafLeft__3.binvox,18,4,2.328577346,13446.36659,120
3784,Hinge_3_LeafLeft__4.binvox,18,4,2.537346528,14278.90049,120
3785,Hinge_3_LeafLeft__5.binvox,18,4,2.366413482,13872.21649,120
3786,Hinge_3_LeafLeft__7.binvox,18,4,2.443125911,13648.53453,120
3787,Hinge_3_LeafLeft__8.binvox,18,4,2.357019863,14103.95345,120
3788,Hinge_3_LeafRight__1.binvox,18,4,2.472578742,13174.11753,120
3789,Hinge_3_LeafRight__10.binvox,18,4,2.471209146,13263.00175,120
3790,Hinge_3_LeafRight__3.binvox,18,4,2.386107705,14213.9035,120
3791,Hinge_3_LeafRight__4.binvox,18,4,2.326916959,14196.07256,120
3792,Hinge_3_LeafRight__5.binvox,18,4,2.478040662,14305.60942,120
3793,Hinge_3_LeafRight__7.binvox,18,4,2.450669176,14365.85604,120
3794,Hinge_3_LeafRight__8.binvox,18,4,2.517597493,13370.4883,120
3795,Hinge_3_Pin__1.binvox,15,4,1.332716946,7226.613627,120
3796,Hinge_3_Pin__10.binvox,15,4,1.365738609,7208.439921,120
3797,Hinge_3_Pin__3.binvox,15,4,1.314675326,7792.250399,120
3798,Hinge_3_Pin__4.binvox,15,4,1.341596157,7541.84259,120
3799,Hinge_3_Pin__5.binvox,15,4,1.358293279,7848.27048,120
3800,Hinge_3_Pin__7.binvox,15,4,1.277536951,7418.466795,120
3801,Hinge_3_Pin__8.binvox,15,4,1.270645749,7191.932082,120
3802,Hinge_4_LeafLeft__1.binvox,18,4,2.447514225,14035.26533,120
3803,Hinge_4_LeafLeft__10.binvox,18,4,2.551570005,14271.66018,120
3804,Hinge_4_LeafLeft__3.binvox,18,4,2.484980662,13301.42711,120
3805,Hinge_4_LeafLeft__4.binvox,18,4,2.509684154,14327.05901,120
3806,Hinge_4_LeafLeft__5.binvox,18,4,2.399537967,13932.59326,120
3807,Hinge_4_LeafLeft__7.binvox,18,4,2.406347335,14128.33203,120
3808,Hinge_4_LeafLeft__8.binvox,18,4,2.495275018,13573.43492,120
3809,Hinge_4_LeafRight__1.binvox,18,4,2.469993499,14155.21225,120
3810,Hinge_4_LeafRight__10.binvox,18,4,2.481762825,13349.7499,120
3811,Hinge_4_LeafRight__3.binvox,18,4,2.334628178,14058.15234,120
3812,Hinge_4_LeafRight__4.binvox,18,4,2.384398767,14078.77394,120
3813,Hinge_4_LeafRight__5.binvox,18,4,2.431877586,13257.94642,120
3814,Hinge_4_LeafRight__7.binvox,18,4,2.507384291,14272.30977,120
3815,Hinge_4_LeafRight__8.binvox,18,4,2.509341351,14279.59388,120
3816,Hinge_4_Pin__1.binvox,15,4,1.268619884,7844.83927,120
3817,Hinge_4_Pin__10.binvox,15,4,1.311482503,7245.998887,120
3818,Hinge_4_Pin__3.binvox,15,4,1.356815363,7827.956349,120
3819,Hinge_4_Pin__4.binvox,15,4,1.366670698,7189.863054,120
3820,Hinge_4_Pin__5.binvox,15,4,1.360983142,7344.638928,120
3821,Hinge_4_Pin__7.binvox,15,4,1.366654094,7887.885719,120
3822,Hinge_4_Pin__8.binvox,15,4,1.324206206,7431.679103,120
3823,Hinge_5_LeafLeft__1.binvox,18,4,2.417334018,13463.11066,120
3824,Hinge_5_LeafLeft__10.binvox,18,4,2.448260601,14128.43945,120
3825,Hinge_5_LeafLeft__3.binvox,18,4,2.500768324,13222.84644,120
3826,Hinge_5_LeafLeft__4.binvox,18,4,2.558727284,13541.19824,120
3827,Hinge_5_LeafLeft__5.binvox,18,4,2.3707614,14298.09247,120
3828,Hinge_5_LeafLeft__7.binvox,18,4,2.522041198,13221.46073,120
3829,Hinge_5_LeafLeft__8.binvox,18,4,2.458283962,14489.35141,120
3830,Hinge_5_LeafRight__1.binvox,18,4,2.328170971,13684.95026,120
3831,Hinge_5_LeafRight__10.binvox,18,4,2.523261557,13804.2052,120
3832,Hinge_5_LeafRight__3.binvox,18,4,2.527049992,14146.89904,120
3833,Hinge_5_LeafRight__4.binvox,18,4,2.378952071,13325.72638,120
3834,Hinge_5_LeafRight__5.binvox,18,4,2.461702874,13659.89113,120
3835,Hinge_5_LeafRight__7.binvox,18,4,2.466732668,13986.32121,120
3836,Hinge_5_LeafRight__8.binvox,18,4,2.545792471,14178.17578,120
3837,Hinge_5_Pin__1.binvox,15,4,1.385529109,7281.456775,120
3838,Hinge_5_Pin__10.binvox,15,4,1.389352091,7269.23369,120
3839,Hinge_5_Pin__3.binvox,15,4,1.360753757,7482.971373,120
3840,Hinge_5_Pin__4.binvox,15,4,1.314288279,7874.434788,120
3841,Hinge_5_Pin__5.binvox,15,4,1.29188679,7578.371112,120
3842,Hinge_5_Pin__7.binvox,15,4,1.330886078,7839.471883,120
3843,Hinge_5_Pin__8.binvox,15,4,1.336458913,7694.04261,120
3844,Hinge_6_LeafLeft__1.binvox,18,4,2.386339758,14353.67447,120
3845,Hinge_6_LeafLeft__10.binvox,18,4,2.546299192,13441.99415,120
3846,Hinge_6_LeafLeft__3.binvox,18,4,2.452276058,13355.91641,120
3847,Hinge_6_LeafLeft__4.binvox,18,4,2.402637508,13765.49353,120
3848,Hinge_6_LeafLeft__5.binvox,18,4,2.551291779,13632.716,120
3849,Hinge_6_LeafLeft__7.binvox,18,4,2.326688355,13490.17035,120
3850,Hinge_6_LeafLeft__8.binvox,18,4,2.472695582,13774.64105,120
3851,Hinge_6_LeafRight__1.binvox,18,4,2.547007139,13413.59185,120
3852,Hinge_6_LeafRight__10.binvox,18,4,2.521111249,14229.00328,120
3853,Hinge_6_LeafRight__3.binvox,18,4,2.433882508,14167.38209,120
3854,Hinge_6_LeafRight__4.binvox,18,4,2.342529029,13930.53441,120
3855,Hinge_6_LeafRight__5.binvox,18,4,2.420516335,14057.66043,120
3856,Hinge_6_LeafRight__7.binvox,18,4,2.375596047,14168.50718,120
3857,Hinge_6_LeafRight__8.binvox,18,4,2.340540469,13306.97887,120
3858,Hinge_6_Pin__1.binvox,15,4,1.359445927,7473.316703,120
3859,Hinge_6_Pin__10.binvox,15,4,1.335796306,7344.67242,120
3860,Hinge_6_Pin__3.binvox,15,4,1.345226923,7559.46917,120
3861,Hinge_6_Pin__4.binvox,15,4,1.314384015,7621.41517,120
3862,Hinge_6_Pin__5.binvox,15,4,1.305527961,7569.118965,120
3863,Hinge_6_Pin__7.binvox,15,4,1.356584606,7681.970111,120
3864,Hinge_6_Pin__8.binvox,15,4,1.306356502,7437.642421,120
3865,Hinge_7_LeafLeft__1.binvox,18,4,2.47269667,13528.36728,120
3866,Hinge_7_LeafLeft__10.binvox,18,4,2.528967827,13597.14957,120
3867,Hinge_7_LeafLeft__3.binvox,18,4,2.356668753,13470.53448,120
3868,Hinge_7_LeafLeft__4.binvox,18,4,2.485890352,13622.05666,120
3869,Hinge_7_LeafLeft__5.binvox,18,4,2.426141739,14006.65514,120
3870,Hinge_7_LeafLeft__7.binvox,18,4,2.412961059,13220.0101,120
3871,Hinge_7_LeafLeft__8.binvox,18,4,2.486980672,14441.30438,120
3872,Hinge_7_LeafRight__1.binvox,18,4,2.36186964,13830.11041,120
3873,Hinge_7_LeafRight__10.binvox,18,4,2.52150459,13168.21261,120
3874,Hinge_7_LeafRight__3.binvox,18,4,2.415499341,13522.23111,120
3875,Hinge_7_LeafRight__4.binvox,18,4,2.364273497,13453.7977,120
3876,Hinge_7_LeafRight__5.binvox,18,4,2.471925393,13888.40184,120
3877,Hinge_7_LeafRight__7.binvox,18,4,2.451250353,13361.58392,120
3878,Hinge_7_LeafRight__8.binvox,18,4,2.396598216,14296.20818,120
3879,Hinge_7_Pin__1.binvox,15,4,1.280870394,7659.676495,120
3880,Hinge_7_Pin__10.binvox,15,4,1.324197869,7359.863461,120
3881,Hinge_7_Pin__3.binvox,15,4,1.372686635,7709.525246,120
3882,Hinge_7_Pin__4.binvox,15,4,1.348082192,7486.936631,120
3883,Hinge_7_Pin__5.binvox,15,4,1.356577563,7937.96287,120
3884,Hinge_7_Pin__7.binvox,15,4,1.367900449,7242.481399,120
3885,Hinge_7_Pin__8.binvox,15,4,1.30602355,7628.731902,120
3886,Hinge_8_LeafLeft__1.binvox,18,4,2.471004693,13454.04044,120
3887,Hinge_8_LeafLeft__10.binvox,18,4,2.520140586,13826.71834,120
3888,Hinge_8_LeafLeft__3.binvox,18,4,2.413065195,14397.95813,120
3889,Hinge_8_LeafLeft__4.binvox,18,4,2.473560121,13499.81269,120
3890,Hinge_8_LeafLeft__5.binvox,18,4,2.426649746,13663.3951,120
3891,Hinge_8_LeafLeft__7.binvox,18,4,2.49804714,14471.72072,120
3892,Hinge_8_LeafLeft__8.binvox,18,4,2.371762263,14227.00876,120
3893,Hinge_8_LeafRight__1.binvox,18,4,2.448184025,13358.67662,120
3894,Hinge_8_LeafRight__10.binvox,18,4,2.389202936,14245.62905,120
3895,Hinge_8_LeafRight__3.binvox,18,4,2.450186735,14164.5082,120
3896,Hinge_8_LeafRight__4.binvox,18,4,2.375111345,13519.26113,120
3897,Hinge_8_LeafRight__5.binvox,18,4,2.447714956,14481.5248,120
3898,Hinge_8_LeafRight__7.binvox,18,4,2.336737606,14083.76353,120
3899,Hinge_8_LeafRight__8.binvox,18,4,2.547087394,13449.61665,120
3900,Hinge_8_Pin__1.binvox,15,4,1.338059974,7676.793062,120
3901,Hinge_8_Pin__10.binvox,15,4,1.291535246,7398.148732,120
3902,Hinge_8_Pin__3.binvox,15,4,1.381692728,7204.021183,120
3903,Hinge_8_Pin__4.binvox,15,4,1.303553496,7271.707128,120
3904,Hinge_8_Pin__5.binvox,15,4,1.379022975,7376.189788,120
3905,Hinge_8_Pin__7.binvox,15,4,1.356619546,7352.926566,120
3906,Hinge_8_Pin__8.binvox,15,4,1.285204308,7852.687195,120
3907,Hinge_9_LeafLeft__1.binvox,18,4,2.360663748,14026.34376,120
3908,Hinge_9_LeafLeft__10.binvox,18,4,2.343482082,13569.68861,120
3909,Hinge_9_LeafLeft__3.binvox,18,4,2.329113395,14350.88829,120
3910,Hinge_9_LeafLeft__4.binvox,18,4,2.354437009,13404.85605,120
3911,Hinge_9_LeafLeft__5.binvox,18,4,2.489837134,13199.89144,120
3912,Hinge_9_LeafLeft__7.binvox,18,4,2.327365975,14059.40662,120
3913,Hinge_9_LeafLeft__8.binvox,18,4,2.437216836,14258.2035,120
3914,Hinge_9_LeafRight__1.binvox,18,4,2.369667883,13576.6594,120
3915,Hinge_9_LeafRight__10.binvox,18,4,2.526365078,14342.16419,120
3916,Hinge_9_LeafRight__3.binvox,18,4,2.53962758,14186.72295,120
3917,Hinge_9_LeafRight__4.binvox,18,4,2.363037515,14237.01754,120
3918,Hinge_9_LeafRight__5.binvox,18,4,2.417979155,13381.58324,120
3919,Hinge_9_LeafRight__7.binvox,18,4,2.438067438,13321.05857,120
3920,Hinge_9_LeafRight__8.binvox,18,4,2.459406703,13376.83616,120
3921,Hinge_9_Pin__1.binvox,15,4,1.372653048,7751.76968,120
3922,Hinge_9_Pin__10.binvox,15,4,1.320082848,7844.545166,120
3923,Hinge_9_Pin__3.binvox,15,4,1.340993077,7848.180518,120
3924,Hinge_9_Pin__4.binvox,15,4,1.360397407,7727.696606,120
3925,Hinge_9_Pin__5.binvox,15,4,1.38396844,7605.65329,120
3926,Hinge_9_Pin__7.binvox,15,4,1.391175659,7874.880875,120
3927,Hinge_9_Pin__8.binvox,15,4,1.304590869,7389.098435,120
3928,Latch_10_BottomPlate__1.binvox,18,4,2.33791025,14280.78838,120
3929,Latch_10_BottomPlate__10.binvox,18,4,2.38631869,14337.61542,120
3930,Latch_10_BottomPlate__3.binvox,18,4,2.525129947,14066.85805,120
3931,Latch_10_BottomPlate__4.binvox,18,4,2.369804055,13839.03606,120
3932,Latch_10_BottomPlate__5.binvox,18,4,2.336123568,14181.40714,120
3933,Latch_10_BottomPlate__7.binvox,18,4,2.509133748,13685.27766,120
3934,Latch_10_BottomPlate__8.binvox,18,4,2.379225522,13356.85877,120
3935,Latch_10_BuckledRing__1.binvox,18,4,1.362932051,7394.125668,120
3936,Latch_10_BuckledRing__10.binvox,18,4,1.318923873,7754.927643,120
3937,Latch_10_BuckledRing__3.binvox,18,4,1.332860892,7875.383908,120
3938,Latch_10_BuckledRing__4.binvox,18,4,1.30191396,7261.548341,120
3939,Latch_10_BuckledRing__5.binvox,18,4,1.395902545,7598.451364,120
3940,Latch_10_BuckledRing__7.binvox,18,4,1.365956271,7667.604601,120
3941,Latch_10_BuckledRing__8.binvox,18,4,1.337456341,7357.940568,120
3942,Latch_10_ControlPanel__1.binvox,18,4,2.455075829,13148.87423,120
3943,Latch_10_ControlPanel__10.binvox,18,4,2.352618894,14384.94567,120
3944,Latch_10_ControlPanel__3.binvox,18,4,2.446305356,13329.36666,120
3945,Latch_10_ControlPanel__4.binvox,18,4,2.519588817,13487.33756,120
3946,Latch_10_ControlPanel__5.binvox,18,4,2.537901873,14149.6904,120
3947,Latch_10_ControlPanel__7.binvox,18,4,2.505749786,13620.54184,120
3948,Latch_10_ControlPanel__8.binvox,18,4,2.497258993,14382.62307,120
3949,Latch_10_Rivet__1.binvox,15,4,2.048492696,10962.08198,120
3950,Latch_10_Rivet__10.binvox,15,4,2.006400357,11617.74878,120
3951,Latch_10_Rivet__3.binvox,15,4,2.044458144,11012.9782,120
3952,Latch_10_Rivet__4.binvox,15,4,1.956072789,11091.94383,120
3953,Latch_10_Rivet__5.binvox,15,4,1.981611997,11045.32952,120
3954,Latch_10_Rivet__7.binvox,15,4,1.961340038,11091.37214,120
3955,Latch_10_Rivet__8.binvox,15,4,2.004923327,11499.75058,120
3956,Latch_10_StrikePlate__1.binvox,18,4,2.408998784,13922.3146,120
3957,Latch_10_StrikePlate__10.binvox,18,4,2.33290282,13565.64251,120
3958,Latch_10_StrikePlate__3.binvox,18,4,2.560374728,14457.87542,120
3959,Latch_10_StrikePlate__4.binvox,18,4,2.360984465,14293.83067,120
3960,Latch_10_StrikePlate__5.binvox,18,4,2.500124679,13451.78645,120
3961,Latch_10_StrikePlate__7.binvox,18,4,2.383746085,13679.50415,120
3962,Latch_10_StrikePlate__8.binvox,18,4,2.326182376,14515.03259,120
3963,Latch_1_BottomPlate__1.binvox,18,4,2.457734872,13671.53641,120
3964,Latch_1_BottomPlate__10.binvox,18,4,2.431887161,13903.22867,120
3965,Latch_1_BottomPlate__3.binvox,18,4,2.417825349,13835.87863,120
3966,Latch_1_BottomPlate__4.binvox,18,4,2.432261112,13880.1698,120
3967,Latch_1_BottomPlate__5.binvox,18,4,2.476352895,13669.23818,120
3968,Latch_1_BottomPlate__7.binvox,18,4,2.5582106,14300.13035,120
3969,Latch_1_BottomPlate__8.binvox,18,4,2.536698927,14346.39482,120
3970,Latch_1_BuckledRing__1.binvox,18,4,1.38083992,7863.068016,120
3971,Latch_1_BuckledRing__10.binvox,18,4,1.377956512,7721.655595,120
3972,Latch_1_BuckledRing__3.binvox,18,4,1.300941652,7698.128736,120
3973,Latch_1_BuckledRing__4.binvox,18,4,1.323444546,7507.80625,120
3974,Latch_1_BuckledRing__5.binvox,18,4,1.351348386,7795.687286,120
3975,Latch_1_BuckledRing__7.binvox,18,4,1.347899897,7646.080274,120
3976,Latch_1_BuckledRing__8.binvox,18,4,1.279860582,7510.439044,120
3977,Latch_1_ControlPanel__1.binvox,18,4,2.530872733,13566.19195,120
3978,Latch_1_ControlPanel__10.binvox,18,4,2.365825187,14133.0455,120
3979,Latch_1_ControlPanel__3.binvox,18,4,2.357951859,13839.81096,120
3980,Latch_1_ControlPanel__4.binvox,18,4,2.543986784,13719.95342,120
3981,Latch_1_ControlPanel__5.binvox,18,4,2.500451579,14398.28126,120
3982,Latch_1_ControlPanel__7.binvox,18,4,2.353904501,13809.57897,120
3983,Latch_1_ControlPanel__8.binvox,18,4,2.420670113,13658.09643,120
3984,Latch_1_Rivet__1.binvox,15,4,1.950655321,11241.71577,120
3985,Latch_1_Rivet__10.binvox,15,4,2.044004872,11142.51806,120
3986,Latch_1_Rivet__3.binvox,15,4,1.927798086,11486.27914,120
3987,Latch_1_Rivet__4.binvox,15,4,2.064074797,11851.05546,120
3988,Latch_1_Rivet__5.binvox,15,4,1.99790166,10874.34467,120
3989,Latch_1_Rivet__7.binvox,15,4,2.062209814,11792.3958,120
3990,Latch_1_Rivet__8.binvox,15,4,2.007759447,11485.62663,120
3991,Latch_1_StrikePlate__1.binvox,18,4,2.342549385,13354.64237,120
3992,Latch_1_StrikePlate__10.binvox,18,4,2.450910221,13660.55648,120
3993,Latch_1_StrikePlate__3.binvox,18,4,2.414100625,13775.21568,120
3994,Latch_1_StrikePlate__4.binvox,18,4,2.477431289,14440.02621,120
3995,Latch_1_StrikePlate__5.binvox,18,4,2.480700542,14201.39462,120
3996,Latch_1_StrikePlate__7.binvox,18,4,2.326441781,13879.35809,120
3997,Latch_1_StrikePlate__8.binvox,18,4,2.354098889,14209.98467,120
3998,Latch_2_BottomPlate__1.binvox,18,4,2.342019017,14495.41372,120
3999,Latch_2_BottomPlate__10.binvox,18,4,2.521724587,14378.78486,120
4000,Latch_2_BottomPlate__3.binvox,18,4,2.323704936,14330.00527,120
4001,Latch_2_BottomPlate__4.binvox,18,4,2.475350337,13705.31156,120
4002,Latch_2_BottomPlate__5.binvox,18,4,2.426911291,14111.63447,120
4003,Latch_2_BottomPlate__7.binvox,18,4,2.341656072,13799.48512,120
4004,Latch_2_BottomPlate__8.binvox,18,4,2.371189529,13145.8626,120
4005,Latch_2_BuckledRing__1.binvox,18,4,1.27661861,7472.105471,120
4006,Latch_2_BuckledRing__10.binvox,18,4,1.39731857,7348.663279,120
4007,Latch_2_BuckledRing__3.binvox,18,4,1.375699499,7778.85993,120
4008,Latch_2_BuckledRing__4.binvox,18,4,1.324442221,7357.910041,120
4009,Latch_2_BuckledRing__5.binvox,18,4,1.341195917,7196.680499,120
4010,Latch_2_BuckledRing__7.binvox,18,4,1.277307551,7751.459813,120
4011,Latch_2_BuckledRing__8.binvox,18,4,1.349490754,7663.974491,120
4012,Latch_2_ControlPanel__1.binvox,18,4,2.453482155,14243.99487,120
4013,Latch_2_ControlPanel__10.binvox,18,4,2.547855374,13636.91003,120
4014,Latch_2_ControlPanel__3.binvox,18,4,2.506060693,13559.21034,120
4015,Latch_2_ControlPanel__4.binvox,18,4,2.395304475,13986.25413,120
4016,Latch_2_ControlPanel__5.binvox,18,4,2.419825809,14287.18854,120
4017,Latch_2_ControlPanel__7.binvox,18,4,2.367590314,14107.53291,120
4018,Latch_2_ControlPanel__8.binvox,18,4,2.501503253,14027.83437,120
4019,Latch_2_Rivet__1.binvox,15,4,2.006393511,11105.26199,120
4020,Latch_2_Rivet__10.binvox,15,4,2.06631757,11723.02683,120
4021,Latch_2_Rivet__3.binvox,15,4,2.025127774,11881.44875,120
4022,Latch_2_Rivet__4.binvox,15,4,1.992884426,11568.01411,120
4023,Latch_2_Rivet__5.binvox,15,4,1.939071261,11710.86878,120
4024,Latch_2_Rivet__7.binvox,15,4,1.960395786,11822.13398,120
4025,Latch_2_Rivet__8.binvox,15,4,2.081289506,11632.90348,120
4026,Latch_2_StrikePlate__1.binvox,18,4,2.37469317,14039.40341,120
4027,Latch_2_StrikePlate__10.binvox,18,4,2.321269291,13610.99782,120
4028,Latch_2_StrikePlate__3.binvox,18,4,2.35226407,14405.0094,120
4029,Latch_2_StrikePlate__4.binvox,18,4,2.348039287,13591.47373,120
4030,Latch_2_StrikePlate__5.binvox,18,4,2.502543209,13329.81764,120
4031,Latch_2_StrikePlate__7.binvox,18,4,2.443552102,14253.62009,120
4032,Latch_2_StrikePlate__8.binvox,18,4,2.446628623,13838.00527,120
4033,Latch_3_BottomPlate__1.binvox,18,4,2.485833362,14260.23171,120
4034,Latch_3_BottomPlate__10.binvox,18,4,2.36284715,13252.3971,120
4035,Latch_3_BottomPlate__3.binvox,18,4,2.463407964,13763.72618,120
4036,Latch_3_BottomPlate__4.binvox,18,4,2.52316092,13467.40924,120
4037,Latch_3_BottomPlate__5.binvox,18,4,2.482856205,13301.2885,120
4038,Latch_3_BottomPlate__7.binvox,18,4,2.339310149,13257.99102,120
4039,Latch_3_BottomPlate__8.binvox,18,4,2.514995154,13314.1924,120
4040,Latch_3_BuckledRing__1.binvox,18,4,1.287022032,7753.196192,120
4041,Latch_3_BuckledRing__10.binvox,18,4,1.390746091,7532.015555,120
4042,Latch_3_BuckledRing__3.binvox,18,4,1.302176913,7329.593055,120
4043,Latch_3_BuckledRing__4.binvox,18,4,1.385148001,7835.14389,120
4044,Latch_3_BuckledRing__5.binvox,18,4,1.298482294,7261.91722,120
4045,Latch_3_BuckledRing__7.binvox,18,4,1.372327074,7608.607619,120
4046,Latch_3_BuckledRing__8.binvox,18,4,1.303367683,7573.716368,120
4047,Latch_3_ControlPanel__1.binvox,18,4,2.344163994,13852.72455,120
4048,Latch_3_ControlPanel__10.binvox,18,4,2.319135614,14196.12237,120
4049,Latch_3_ControlPanel__3.binvox,18,4,2.531834923,14351.4798,120
4050,Latch_3_ControlPanel__4.binvox,18,4,2.366893101,13616.87272,120
4051,Latch_3_ControlPanel__5.binvox,18,4,2.330676065,13680.58529,120
4052,Latch_3_ControlPanel__7.binvox,18,4,2.322327609,13345.71393,120
4053,Latch_3_ControlPanel__8.binvox,18,4,2.371723255,14192.34962,120
4054,Latch_3_Rivet__1.binvox,15,4,2.05555332,11306.00497,120
4055,Latch_3_Rivet__10.binvox,15,4,2.023189739,11767.17358,120
4056,Latch_3_Rivet__3.binvox,15,4,1.933169401,10778.41486,120
4057,Latch_3_Rivet__4.binvox,15,4,1.952582235,11343.83485,120
4058,Latch_3_Rivet__5.binvox,15,4,1.978296656,11555.68358,120
4059,Latch_3_Rivet__7.binvox,15,4,1.976849827,10860.18323,120
4060,Latch_3_Rivet__8.binvox,15,4,2.038672612,10809.03077,120
4061,Latch_3_StrikePlate__1.binvox,18,4,2.435103346,14076.67587,120
4062,Latch_3_StrikePlate__10.binvox,18,4,2.332168969,13865.28681,120
4063,Latch_3_StrikePlate__3.binvox,18,4,2.414272131,14290.70581,120
4064,Latch_3_StrikePlate__4.binvox,18,4,2.530592794,13226.83083,120
4065,Latch_3_StrikePlate__5.binvox,18,4,2.486917152,14267.29861,120
4066,Latch_3_StrikePlate__7.binvox,18,4,2.407240159,14317.11365,120
4067,Latch_3_StrikePlate__8.binvox,18,4,2.353543963,13701.24513,120
4068,Latch_4_BottomPlate__1.binvox,18,4,2.381540813,14221.56547,120
4069,Latch_4_BottomPlate__10.binvox,18,4,2.407627367,14391.69135,120
4070,Latch_4_BottomPlate__3.binvox,18,4,2.492726586,13656.84917,120
4071,Latch_4_BottomPlate__4.binvox,18,4,2.543428412,14437.0279,120
4072,Latch_4_BottomPlate__5.binvox,18,4,2.365828008,13462.16302,120
4073,Latch_4_BottomPlate__7.binvox,18,4,2.499112685,14372.24061,120
4074,Latch_4_BottomPlate__8.binvox,18,4,2.481805786,13704.66155,120
4075,Latch_4_BuckledRing__1.binvox,18,4,1.353844295,7294.495156,120
4076,Latch_4_BuckledRing__10.binvox,18,4,1.344696157,7719.723655,120
4077,Latch_4_BuckledRing__3.binvox,18,4,1.298527779,7445.489046,120
4078,Latch_4_BuckledRing__4.binvox,18,4,1.375634733,7845.428558,120
4079,Latch_4_BuckledRing__5.binvox,18,4,1.393090464,7743.965401,120
4080,Latch_4_BuckledRing__7.binvox,18,4,1.392914041,7233.160348,120
4081,Latch_4_BuckledRing__8.binvox,18,4,1.372747319,7605.594992,120
4082,Latch_4_ControlPanel__1.binvox,18,4,2.341689553,14049.17832,120
4083,Latch_4_ControlPanel__10.binvox,18,4,2.488820615,14164.82432,120
4084,Latch_4_ControlPanel__3.binvox,18,4,2.479922925,14437.36123,120
4085,Latch_4_ControlPanel__4.binvox,18,4,2.401119455,13925.10598,120
4086,Latch_4_ControlPanel__5.binvox,18,4,2.510969735,13307.26827,120
4087,Latch_4_ControlPanel__7.binvox,18,4,2.55081696,13618.20922,120
4088,Latch_4_ControlPanel__8.binvox,18,4,2.556295743,13481.94526,120
4089,Latch_4_Rivet__1.binvox,15,4,2.051314832,11635.91902,120
4090,Latch_4_Rivet__10.binvox,15,4,2.052256415,10858.47872,120
4091,Latch_4_Rivet__3.binvox,15,4,1.93727592,11396.36946,120
4092,Latch_4_Rivet__4.binvox,15,4,2.094875252,11256.72964,120
4093,Latch_4_Rivet__5.binvox,15,4,2.019183733,11699.66594,120
4094,Latch_4_Rivet__7.binvox,15,4,2.097081542,11856.60007,120
4095,Latch_4_Rivet__8.binvox,15,4,1.929605582,10874.63975,120
4096,Latch_4_StrikePlate__1.binvox,18,4,2.480133096,13663.01822,120
4097,Latch_4_StrikePlate__10.binvox,18,4,2.532674442,14468.1405,120
4098,Latch_4_StrikePlate__3.binvox,18,4,2.459096404,14264.57539,120
4099,Latch_4_StrikePlate__4.binvox,18,4,2.399049887,14372.92307,120
4100,Latch_4_StrikePlate__5.binvox,18,4,2.360901169,14471.54885,120
4101,Latch_4_StrikePlate__7.binvox,18,4,2.435049756,14069.08225,120
4102,Latch_4_StrikePlate__8.binvox,18,4,2.327857783,13686.84034,120
4103,Latch_5_BottomPlate__1.binvox,18,4,2.388432047,14296.62661,120
4104,Latch_5_BottomPlate__10.binvox,18,4,2.459078041,14229.19696,120
4105,Latch_5_BottomPlate__3.binvox,18,4,2.544374762,14361.68867,120
4106,Latch_5_BottomPlate__4.binvox,18,4,2.464826583,13705.46939,120
4107,Latch_5_BottomPlate__5.binvox,18,4,2.366467868,13836.29014,120
4108,Latch_5_BottomPlate__7.binvox,18,4,2.325612303,13224.90504,120
4109,Latch_5_BottomPlate__8.binvox,18,4,2.421799022,13666.59542,120
4110,Latch_5_BuckledRing__1.binvox,18,4,1.300875369,7268.418752,120
4111,Latch_5_BuckledRing__10.binvox,18,4,1.397360376,7369.859855,120
4112,Latch_5_BuckledRing__3.binvox,18,4,1.355790735,7513.904838,120
4113,Latch_5_BuckledRing__4.binvox,18,4,1.289320641,7186.37835,120
4114,Latch_5_BuckledRing__5.binvox,18,4,1.281502029,7897.67712,120
4115,Latch_5_BuckledRing__7.binvox,18,4,1.381605855,7342.668867,120
4116,Latch_5_BuckledRing__8.binvox,18,4,1.312234189,7381.707165,120
4117,Latch_5_ControlPanel__1.binvox,18,4,2.500331713,13757.55026,120
4118,Latch_5_ControlPanel__10.binvox,18,4,2.532415267,13774.02814,120
4119,Latch_5_ControlPanel__3.binvox,18,4,2.415212026,14335.61392,120
4120,Latch_5_ControlPanel__4.binvox,18,4,2.433137281,13316.9135,120
4121,Latch_5_ControlPanel__5.binvox,18,4,2.324068933,14340.51467,120
4122,Latch_5_ControlPanel__7.binvox,18,4,2.402283563,13612.86842,120
4123,Latch_5_ControlPanel__8.binvox,18,4,2.328754921,13612.94437,120
4124,Latch_5_Rivet__1.binvox,15,4,2.04292668,11723.28615,120
4125,Latch_5_Rivet__10.binvox,15,4,1.985961029,10835.70129,120
4126,Latch_5_Rivet__3.binvox,15,4,1.930445288,11208.01212,120
4127,Latch_5_Rivet__4.binvox,15,4,1.916288588,11609.25297,120
4128,Latch_5_Rivet__5.binvox,15,4,2.025855292,11594.5051,120
4129,Latch_5_Rivet__7.binvox,15,4,1.961056619,11342.29626,120
4130,Latch_5_Rivet__8.binvox,15,4,1.926438449,11312.18829,120
4131,Latch_5_StrikePlate__1.binvox,18,4,2.48004299,13687.03347,120
4132,Latch_5_StrikePlate__10.binvox,18,4,2.454733686,13863.94131,120
4133,Latch_5_StrikePlate__3.binvox,18,4,2.36213452,13824.94631,120
4134,Latch_5_StrikePlate__4.binvox,18,4,2.458933779,13722.03721,120
4135,Latch_5_StrikePlate__5.binvox,18,4,2.336074637,14093.74254,120
4136,Latch_5_StrikePlate__7.binvox,18,4,2.391746468,13698.25674,120
4137,Latch_5_StrikePlate__8.binvox,18,4,2.464650673,13986.52457,120
4138,Latch_6_BottomPlate__1.binvox,18,4,2.44283685,13360.28879,120
4139,Latch_6_BottomPlate__10.binvox,18,4,2.519246837,13445.09004,120
4140,Latch_6_BottomPlate__3.binvox,18,4,2.490120884,13821.58478,120
4141,Latch_6_BottomPlate__4.binvox,18,4,2.41202155,13721.10968,120
4142,Latch_6_BottomPlate__5.binvox,18,4,2.487805974,13208.58512,120
4143,Latch_6_BottomPlate__7.binvox,18,4,2.498327364,14272.0963,120
4144,Latch_6_BottomPlate__8.binvox,18,4,2.511574608,13239.90477,120
4145,Latch_6_BuckledRing__1.binvox,18,4,1.384241021,7852.956642,120
4146,Latch_6_BuckledRing__10.binvox,18,4,1.312330084,7930.145373,120
4147,Latch_6_BuckledRing__3.binvox,18,4,1.270410237,7419.160007,120
4148,Latch_6_BuckledRing__4.binvox,18,4,1.399351818,7308.097619,120
4149,Latch_6_BuckledRing__5.binvox,18,4,1.346834412,7669.466768,120
4150,Latch_6_BuckledRing__7.binvox,18,4,1.343385525,7761.564934,120
4151,Latch_6_BuckledRing__8.binvox,18,4,1.387722074,7546.413702,120
4152,Latch_6_ControlPanel__1.binvox,18,4,2.418541265,13484.60676,120
4153,Latch_6_ControlPanel__10.binvox,18,4,2.437771727,14400.82959,120
4154,Latch_6_ControlPanel__3.binvox,18,4,2.354243922,14026.2943,120
4155,Latch_6_ControlPanel__4.binvox,18,4,2.556641414,14371.05837,120
4156,Latch_6_ControlPanel__5.binvox,18,4,2.473401826,13957.5931,120
4157,Latch_6_ControlPanel__7.binvox,18,4,2.482672956,13493.55479,120
4158,Latch_6_ControlPanel__8.binvox,18,4,2.492428495,14142.34553,120
4159,Latch_6_Rivet__1.binvox,15,4,2.029408993,11433.53109,120
4160,Latch_6_Rivet__10.binvox,15,4,1.94860786,11544.59678,120
4161,Latch_6_Rivet__3.binvox,15,4,2.070548646,11233.33174,120
4162,Latch_6_Rivet__4.binvox,15,4,1.906422832,10960.81387,120
4163,Latch_6_Rivet__5.binvox,15,4,2.006354651,11064.42058,120
4164,Latch_6_Rivet__7.binvox,15,4,1.991377966,11809.21603,120
4165,Latch_6_Rivet__8.binvox,15,4,1.912623688,11456.90588,120
4166,Latch_6_StrikePlate__1.binvox,18,4,2.477039853,14252.82347,120
4167,Latch_6_StrikePlate__10.binvox,18,4,2.327452828,14418.68559,120
4168,Latch_6_StrikePlate__3.binvox,18,4,2.533292043,13543.56119,120
4169,Latch_6_StrikePlate__4.binvox,18,4,2.378734274,13859.04162,120
4170,Latch_6_StrikePlate__5.binvox,18,4,2.561090509,13306.65951,120
4171,Latch_6_StrikePlate__7.binvox,18,4,2.532026056,13745.56244,120
4172,Latch_6_StrikePlate__8.binvox,18,4,2.524763396,13499.63993,120
4173,Latch_7_BottomPlate__1.binvox,18,4,2.496723359,14022.42072,120
4174,Latch_7_BottomPlate__10.binvox,18,4,2.473276143,13323.60936,120
4175,Latch_7_BottomPlate__3.binvox,18,4,2.494872706,13247.12199,120
4176,Latch_7_BottomPlate__4.binvox,18,4,2.445033672,14107.45845,120
4177,Latch_7_BottomPlate__5.binvox,18,4,2.400883489,13604.10016,120
4178,Latch_7_BottomPlate__7.binvox,18,4,2.437836898,14491.5242,120
4179,Latch_7_BottomPlate__8.binvox,18,4,2.492024937,13433.97163,120
4180,Latch_7_BuckledRing__1.binvox,18,4,1.324963976,7822.394703,120
4181,Latch_7_BuckledRing__10.binvox,18,4,1.36197148,7478.819288,120
4182,Latch_7_BuckledRing__3.binvox,18,4,1.335317674,7195.033226,120
4183,Latch_7_BuckledRing__4.binvox,18,4,1.273216704,7824.993696,120
4184,Latch_7_BuckledRing__5.binvox,18,4,1.370357715,7481.776214,120
4185,Latch_7_BuckledRing__7.binvox,18,4,1.314864166,7920.705564,120
4186,Latch_7_BuckledRing__8.binvox,18,4,1.390994005,7819.485474,120
4187,Latch_7_ControlPanel__1.binvox,18,4,2.560139076,14095.63609,120
4188,Latch_7_ControlPanel__10.binvox,18,4,2.334562387,13438.17191,120
4189,Latch_7_ControlPanel__3.binvox,18,4,2.377097995,13654.648,120
4190,Latch_7_ControlPanel__4.binvox,18,4,2.54171552,13324.50984,120
4191,Latch_7_ControlPanel__5.binvox,18,4,2.366891063,13176.4987,120
4192,Latch_7_ControlPanel__7.binvox,18,4,2.477242775,13283.66046,120
4193,Latch_7_ControlPanel__8.binvox,18,4,2.436238079,13814.45257,120
4194,Latch_7_Rivet__1.binvox,15,4,1.93231762,11761.99418,120
4195,Latch_7_Rivet__10.binvox,15,4,1.940209629,10779.81582,120
4196,Latch_7_Rivet__3.binvox,15,4,1.994728996,11843.13283,120
4197,Latch_7_Rivet__4.binvox,15,4,2.068408117,10855.71313,120
4198,Latch_7_Rivet__5.binvox,15,4,1.924351645,11234.64901,120
4199,Latch_7_Rivet__7.binvox,15,4,1.942207723,11098.90155,120
4200,Latch_7_Rivet__8.binvox,15,4,1.946764024,11080.85036,120
4201,Latch_7_StrikePlate__1.binvox,18,4,2.36046977,13768.04367,120
4202,Latch_7_StrikePlate__10.binvox,18,4,2.388516421,13432.14366,120
4203,Latch_7_StrikePlate__3.binvox,18,4,2.550476164,14272.68704,120
4204,Latch_7_StrikePlate__4.binvox,18,4,2.533975089,14473.73432,120
4205,Latch_7_StrikePlate__5.binvox,18,4,2.453628669,14066.25532,120
4206,Latch_7_StrikePlate__7.binvox,18,4,2.373749866,14280.80146,120
4207,Latch_7_StrikePlate__8.binvox,18,4,2.447314652,13974.72253,120
4208,Latch_8_BottomPlate__1.binvox,18,4,2.477493466,13428.77185,120
4209,Latch_8_BottomPlate__10.binvox,18,4,2.539212319,14185.79833,120
4210,Latch_8_BottomPlate__3.binvox,18,4,2.334935574,13512.36927,120
4211,Latch_8_BottomPlate__4.binvox,18,4,2.345277524,14222.13048,120
4212,Latch_8_BottomPlate__5.binvox,18,4,2.522971945,14290.06429,120
4213,Latch_8_BottomPlate__7.binvox,18,4,2.516958816,13272.91943,120
4214,Latch_8_BottomPlate__8.binvox,18,4,2.509292966,14095.33046,120
4215,Latch_8_BuckledRing__1.binvox,18,4,1.309319324,7429.230796,120
4216,Latch_8_BuckledRing__10.binvox,18,4,1.353316854,7490.548483,120
4217,Latch_8_BuckledRing__3.binvox,18,4,1.316791501,7885.323641,120
4218,Latch_8_BuckledRing__4.binvox,18,4,1.291414961,7238.251816,120
4219,Latch_8_BuckledRing__5.binvox,18,4,1.301432164,7571.097785,120
4220,Latch_8_BuckledRing__7.binvox,18,4,1.326148083,7691.986576,120
4221,Latch_8_BuckledRing__8.binvox,18,4,1.310242365,7798.049821,120
4222,Latch_8_ControlPanel__1.binvox,18,4,2.396048041,13156.41614,120
4223,Latch_8_ControlPanel__10.binvox,18,4,2.385952552,13540.38254,120
4224,Latch_8_ControlPanel__3.binvox,18,4,2.548643694,14144.59628,120
4225,Latch_8_ControlPanel__4.binvox,18,4,2.32909993,13147.78532,120
4226,Latch_8_ControlPanel__5.binvox,18,4,2.517313054,13554.99337,120
4227,Latch_8_ControlPanel__7.binvox,18,4,2.499870833,14443.15553,120
4228,Latch_8_ControlPanel__8.binvox,18,4,2.342836522,13864.20992,120
4229,Latch_8_Rivet__1.binvox,15,4,2.018632749,11253.14318,120
4230,Latch_8_Rivet__10.binvox,15,4,2.062971576,11829.07336,120
4231,Latch_8_Rivet__3.binvox,15,4,2.09974662,11413.9053,120
4232,Latch_8_Rivet__4.binvox,15,4,2.034552071,10857.83484,120
4233,Latch_8_Rivet__5.binvox,15,4,1.955898085,10876.9734,120
4234,Latch_8_Rivet__7.binvox,15,4,2.070403146,11637.38152,120
4235,Latch_8_Rivet__8.binvox,15,4,1.978694018,11226.62741,120
4236,Latch_8_StrikePlate__1.binvox,18,4,2.476360307,14478.60708,120
4237,Latch_8_StrikePlate__10.binvox,18,4,2.447748222,13890.09783,120
4238,Latch_8_StrikePlate__3.binvox,18,4,2.423442253,13797.38135,120
4239,Latch_8_StrikePlate__4.binvox,18,4,2.559838094,14168.08917,120
4240,Latch_8_StrikePlate__5.binvox,18,4,2.324020825,13255.71875,120
4241,Latch_8_StrikePlate__7.binvox,18,4,2.36459189,13459.70431,120
4242,Latch_8_StrikePlate__8.binvox,18,4,2.486444378,13550.20075,120
4243,Latch_9_BottomPlate__1.binvox,18,4,2.471869909,14442.29629,120
4244,Latch_9_BottomPlate__10.binvox,18,4,2.433435877,13874.2834,120
4245,Latch_9_BottomPlate__3.binvox,18,4,2.355077258,14434.25565,120
4246,Latch_9_BottomPlate__4.binvox,18,4,2.456883438,13214.05281,120
4247,Latch_9_BottomPlate__5.binvox,18,4,2.482737446,13163.4656,120
4248,Latch_9_BottomPlate__7.binvox,18,4,2.38478362,13862.49393,120
4249,Latch_9_BottomPlate__8.binvox,18,4,2.425979657,13352.65615,120
4250,Latch_9_BuckledRing__1.binvox,18,4,1.332336042,7491.447211,120
4251,Latch_9_BuckledRing__10.binvox,18,4,1.284197385,7754.004374,120
4252,Latch_9_BuckledRing__3.binvox,18,4,1.39893764,7647.03927,120
4253,Latch_9_BuckledRing__4.binvox,18,4,1.332175455,7895.964947,120
4254,Latch_9_BuckledRing__5.binvox,18,4,1.370070199,7534.464666,120
4255,Latch_9_BuckledRing__7.binvox,18,4,1.378025687,7319.673123,120
4256,Latch_9_BuckledRing__8.binvox,18,4,1.394080942,7621.39144,120
4257,Latch_9_ControlPanel__1.binvox,18,4,2.451663846,13625.58543,120
4258,Latch_9_ControlPanel__10.binvox,18,4,2.53320322,13525.63343,120
4259,Latch_9_ControlPanel__3.binvox,18,4,2.372011856,13668.29513,120
4260,Latch_9_ControlPanel__4.binvox,18,4,2.433677954,13860.28797,120
4261,Latch_9_ControlPanel__5.binvox,18,4,2.371469719,14154.79314,120
4262,Latch_9_ControlPanel__7.binvox,18,4,2.371002846,13504.28859,120
4263,Latch_9_ControlPanel__8.binvox,18,4,2.429440589,13253.44829,120
4264,Latch_9_Rivet__1.binvox,15,4,1.913182172,11577.04656,120
4265,Latch_9_Rivet__10.binvox,15,4,1.906693398,11636.02078,120
4266,Latch_9_Rivet__3.binvox,15,4,2.071352732,11202.06266,120
4267,Latch_9_Rivet__4.binvox,15,4,1.915899842,11127.18502,120
4268,Latch_9_Rivet__5.binvox,15,4,2.06453819,10877.96033,120
4269,Latch_9_Rivet__7.binvox,15,4,1.955834505,11708.90188,120
4270,Latch_9_Rivet__8.binvox,15,4,1.968263808,11429.90361,120
4271,Latch_9_StrikePlate__1.binvox,18,4,2.523338951,13683.75902,120
4272,Latch_9_StrikePlate__10.binvox,18,4,2.397272043,13328.30234,120
4273,Latch_9_StrikePlate__3.binvox,18,4,2.511472266,13579.4463,120
4274,Latch_9_StrikePlate__4.binvox,18,4,2.526123542,13556.01942,120
4275,Latch_9_StrikePlate__5.binvox,18,4,2.425237977,13221.51024,120
4276,Latch_9_StrikePlate__7.binvox,18,4,2.475344922,14212.83771,120
4277,Latch_9_StrikePlate__8.binvox,18,4,2.506117661,13852.36376,120
4278,Piston_11_ConnectingRod__1.binvox,16,4,25.43927129,158433.9981,6
4279,Piston_11_PistonHead__1.binvox,16,4,10.95490841,92167.92461,30
4280,Piston_11_WristPin__1.binvox,15,4,19.96768444,123870.8506,6
4281,Piston_16_ConnectingRod__1.binvox,16,4,25.29586224,152923.9368,6
4282,Piston_16_PistonHead__1.binvox,16,4,11.02500901,97963.41484,30
4283,Piston_16_RodBolt__1.binvox,15,8,6.151692286,38866.77209,6
4284,Piston_16_RodCap__1.binvox,16,4,16.17998339,111863.6349,6
4285,Piston_16_RodNut__1.binvox,15,8,6.144391809,40550.58968,6
4286,Piston_16_WristPin__1.binvox,15,4,19.26981824,126357.6198,6
4287,Piston_17_ConnectingRod__1.binvox,16,4,24.46314008,162753.1534,6
4288,Piston_17_PistonHead__1.binvox,16,8,10.45146801,101552.671,30
4289,Piston_17_RodBolt__1.binvox,15,4,6.035270163,39705.45155,6
4290,Piston_17_RodCap__1.binvox,16,4,16.78356394,102955.9831,6
4291,Piston_17_RodNut__1.binvox,15,8,5.980526742,37345.12984,6
4292,Piston_17_WristPin__1.binvox,15,4,19.67406231,134288.437,6
4293,Piston_18_ConnectingRod__1.binvox,16,4,24.06393637,158602.881,6
4294,Piston_18_PistonHead__1.binvox,16,4,11.21761417,93130.38477,30
4295,Piston_18_RodBolt__1.binvox,15,8,5.966940432,38554.38593,6
4296,Piston_18_RodCap__1.binvox,16,4,16.23435906,109666.6342,6
4297,Piston_18_RodNut__1.binvox,15,8,5.998236174,37824.55708,6
4298,Piston_18_WristPin__1.binvox,15,4,19.24526335,133217.0508,6
4299,Piston_1_ConnectingRod__2.binvox,16,4,25.8541373,163933.9516,6
4300,Piston_1_ConnectingRod__3.binvox,16,4,24.21746317,155218.213,6
4301,Piston_1_ConnectingRod__4.binvox,16,4,25.29495146,153895.4639,6
4302,Piston_1_ConnectingRod__5.binvox,16,4,25.63606744,155777.9007,6
4303,Piston_1_ConnectingRod__7.binvox,16,4,24.74823519,154856.4934,6
4304,Piston_1_ConnectingRod__9.binvox,16,4,24.98013285,157821.0188,6
4305,Piston_1_PistonHead__2.binvox,16,4,10.90910656,92492.68113,30
4306,Piston_1_PistonHead__3.binvox,16,4,11.10415591,101753.1709,30
4307,Piston_1_PistonHead__4.binvox,16,4,10.45126326,98305.03001,30
4308,Piston_1_PistonHead__5.binvox,16,4,10.89759622,92147.9754,30
4309,Piston_1_PistonHead__7.binvox,16,4,11.27767202,101392.5763,30
4310,Piston_1_PistonHead__9.binvox,16,4,11.31827737,97245.04071,30
4311,Piston_1_WristPin__2.binvox,15,4,20.06405197,128048.6575,6
4312,Piston_1_WristPin__3.binvox,15,4,20.20589391,133038.58,6
4313,Piston_1_WristPin__4.binvox,15,4,19.52740302,130235.9324,6
4314,Piston_1_WristPin__5.binvox,15,4,19.10340305,131697.7411,6
4315,Piston_1_WristPin__7.binvox,15,4,19.27024438,133109.9251,6
4316,Piston_1_WristPin__9.binvox,15,4,19.42586446,130295.3594,6
4317,Piston_21_ConnectingRod__1.binvox,16,4,23.47794167,165159.2838,6
4318,Piston_21_PistonHead__1.binvox,16,4,10.52942051,93094.50526,30
4319,Piston_21_WristPin__1.binvox,15,4,20.97886844,132543.4235,6
4320,Piston_22_ConnectingRod__1.binvox,16,4,23.62730639,157029.7628,6
4321,Piston_22_PistonHead__1.binvox,16,4,11.23755911,95466.89389,30
4322,Piston_22_WristPin__1.binvox,15,4,20.44704214,134981.4551,6
4323,Piston_23_ConnectingRod__1.binvox,16,4,25.33932154,161859.7715,6
4324,Piston_23_PistonHead__1.binvox,16,4,10.72261053,98438.29774,30
4325,Piston_23_WristPin__1.binvox,15,4,19.86309592,130497.5123,6
4326,Piston_24_ConnectingRod__1.binvox,16,4,24.54365726,167420.9384,6
4327,Piston_24_PistonHead__1.binvox,16,4,10.5813533,97285.80645,30
4328,Piston_24_WristPin__1.binvox,15,4,20.03243121,130965.368,6
4329,Piston_25_ConnectingRod__2.binvox,16,4,23.41147174,161359.6737,6
4330,Piston_25_ConnectingRod__3.binvox,16,4,25.06074213,163359.5455,6
4331,Piston_25_ConnectingRod__4.binvox,16,4,24.87240531,158782.8876,6
4332,Piston_25_ConnectingRod__5.binvox,16,4,25.41123132,163837.0726,6
4333,Piston_25_ConnectingRod__7.binvox,16,4,23.6326536,155408.8281,6
4334,Piston_25_ConnectingRod__9.binvox,16,4,23.54977833,161402.2596,6
4335,Piston_25_PistonHead__2.binvox,16,4,11.29079899,92827.28085,30
4336,Piston_25_PistonHead__3.binvox,16,4,10.40320144,98804.91325,30
4337,Piston_25_PistonHead__4.binvox,16,4,10.57335217,97660.02548,30
4338,Piston_25_PistonHead__5.binvox,16,4,10.91902282,98453.52445,30
4339,Piston_25_PistonHead__7.binvox,16,4,10.70448415,96430.9946,30
4340,Piston_25_PistonHead__9.binvox,16,4,10.43317111,100259.2182,30
4341,Piston_25_RodBolt__2.binvox,15,8,6.129603779,39819.63694,6
4342,Piston_25_RodBolt__3.binvox,15,8,5.824611505,38171.84467,6
4343,Piston_25_RodBolt__4.binvox,15,8,5.895490529,39801.08072,6
4344,Piston_25_RodBolt__5.binvox,15,8,5.944372448,39925.4025,6
4345,Piston_25_RodBolt__7.binvox,15,8,6.289031535,39624.0723,6
4346,Piston_25_RodBolt__9.binvox,15,8,5.776129055,39220.48128,6
4347,Piston_25_RodCap__2.binvox,16,4,15.87705985,112814.9785,6
4348,Piston_25_RodCap__3.binvox,16,4,16.41932611,110430.992,6
4349,Piston_25_RodCap__4.binvox,16,4,16.32677302,111824.1785,6
4350,Piston_25_RodCap__5.binvox,16,4,17.0299078,107295.9934,6
4351,Piston_25_RodCap__7.binvox,16,4,16.01448299,111967.4602,6
4352,Piston_25_RodCap__9.binvox,16,4,17.26424789,109665.8091,6
4353,Piston_25_WristPin__2.binvox,15,4,20.6741181,127210.7806,6
4354,Piston_25_WristPin__3.binvox,15,4,19.4493987,123740.4374,6
4355,Piston_25_WristPin__4.binvox,15,4,19.72688497,129703.9975,6
4356,Piston_25_WristPin__5.binvox,15,4,19.92486016,127983.2433,6
4357,Piston_25_WristPin__7.binvox,15,4,20.60213729,129852.9656,6
4358,Piston_25_WristPin__9.binvox,15,4,20.511792,123370.3315,6
4359,Piston_27_ConnectingRod__1.binvox,16,4,25.38250465,165995.165,6
4360,Piston_27_PistonHead__1.binvox,16,4,11.25293857,100475.8568,30
4361,Piston_27_WristPin__1.binvox,15,4,20.44299798,128690.2446,6
4362,Piston_28_ConnectingRod__1.binvox,16,4,25.26314293,152988.6353,6
4363,Piston_28_PistonHead__1.binvox,16,4,11.10335902,96296.79451,30
4364,Piston_28_WristPin__1.binvox,15,4,20.97769946,126897.3704,6
4365,Piston_29_ConnectingRod__1.binvox,16,4,24.39415256,154293.3289,6
4366,Piston_29_PistonHead__1.binvox,16,4,11.41698432,100387.7196,30
4367,Piston_29_WristPin__1.binvox,15,4,19.55445727,123439.4279,6
4368,Piston_2_ConnectingRod__2.binvox,16,4,24.58728764,156862.5172,6
4369,Piston_2_ConnectingRod__3.binvox,16,4,24.04927642,158237.7626,6
4370,Piston_2_ConnectingRod__4.binvox,16,4,25.18646354,167155.4894,6
4371,Piston_2_ConnectingRod__5.binvox,16,4,23.81114395,166129.2373,6
4372,Piston_2_ConnectingRod__7.binvox,16,4,24.40045707,153794.4901,6
4373,Piston_2_ConnectingRod__9.binvox,16,4,24.91433384,155566.9469,6
4374,Piston_2_PistonHead__2.binvox,16,4,10.75757956,95452.73158,30
4375,Piston_2_PistonHead__3.binvox,16,4,10.48584946,92634.91969,30
4376,Piston_2_PistonHead__4.binvox,16,4,10.5809131,99971.24205,30
4377,Piston_2_PistonHead__5.binvox,16,4,10.9266778,96310.3189,30
4378,Piston_2_PistonHead__7.binvox,16,4,10.52382374,94580.97823,30
4379,Piston_2_PistonHead__9.binvox,16,4,10.96272298,98222.68335,30
4380,Piston_2_WristPin__2.binvox,15,4,19.15051168,135897.9923,6
4381,Piston_2_WristPin__3.binvox,15,4,20.04796482,130507.7071,6
4382,Piston_2_WristPin__4.binvox,15,4,20.08366994,135427.9532,6
4383,Piston_2_WristPin__5.binvox,15,4,19.58407413,127830.6739,6
4384,Piston_2_WristPin__7.binvox,15,4,19.39307198,130150.4807,6
4385,Piston_2_WristPin__9.binvox,15,4,20.09012827,126323.4759,6
4386,Piston_30_ConnectingRod__1.binvox,16,4,25.66354321,164067.7195,6
4387,Piston_30_PistonHead__1.binvox,16,4,11.00763972,93295.96896,30
4388,Piston_30_WristPin__1.binvox,15,4,20.51439426,133707.7402,6
4389,Piston_32_ConnectingRod__2.binvox,16,4,23.89578048,167267.203,6
4390,Piston_32_ConnectingRod__3.binvox,16,4,25.77685533,156495.5363,6
4391,Piston_32_ConnectingRod__4.binvox,16,4,25.00484652,164312.4665,6
4392,Piston_32_ConnectingRod__5.binvox,16,4,24.44424696,152092.6936,6
4393,Piston_32_PistonHead__2.binvox,16,4,10.5343756,97973.32477,30
4394,Piston_32_PistonHead__3.binvox,16,4,10.62913354,93773.21009,30
4395,Piston_32_PistonHead__4.binvox,16,4,10.98625509,92262.20387,30
4396,Piston_32_PistonHead__5.binvox,16,4,10.61555214,99641.61706,30
4397,Piston_32_RodBolt__2.binvox,15,8,5.864760578,40757.37777,6
4398,Piston_32_RodBolt__3.binvox,15,8,6.015655629,40289.06751,6
4399,Piston_32_RodBolt__4.binvox,15,8,6.266225797,37450.43215,6
4400,Piston_32_RodBolt__5.binvox,15,8,6.094803152,38987.15575,6
4401,Piston_32_RodCap__2.binvox,16,4,17.28126692,104526.6639,6
4402,Piston_32_RodCap__3.binvox,16,4,16.11699122,104533.0442,6
4403,Piston_32_RodCap__4.binvox,16,4,16.11420298,112079.6618,6
4404,Piston_32_RodCap__5.binvox,16,4,16.77522727,112451.5795,6
4405,Piston_32_RodNut__2.binvox,15,8,5.951127411,39955.82234,6
4406,Piston_32_RodNut__3.binvox,15,8,6.179390127,40703.40053,6
4407,Piston_32_RodNut__4.binvox,15,8,6.278528941,39030.44098,6
4408,Piston_32_RodNut__5.binvox,15,8,6.021617015,40115.70783,6
4409,Piston_32_WristPin__2.binvox,15,4,20.90667289,126906.1533,6
4410,Piston_32_WristPin__3.binvox,15,4,19.83438681,131266.3627,6
4411,Piston_32_WristPin__4.binvox,15,4,20.48933182,133620.7217,6
4412,Piston_32_WristPin__5.binvox,15,4,19.9527583,130580.4317,6
4413,Piston_3_ConnectingRod__2.binvox,16,4,25.31854686,163539.3845,6
4414,Piston_3_ConnectingRod__3.binvox,16,4,23.87105185,157438.6709,6
4415,Piston_3_ConnectingRod__4.binvox,16,4,23.73376039,166163.3478,6
4416,Piston_3_ConnectingRod__5.binvox,16,4,24.06113536,162586.6467,6
4417,Piston_3_ConnectingRod__7.binvox,16,4,25.7464027,158365.3628,6
4418,Piston_3_ConnectingRod__9.binvox,16,4,23.79124513,153537.0771,6
4419,Piston_3_PistonHead__2.binvox,16,4,10.74791793,97575.19886,30
4420,Piston_3_PistonHead__3.binvox,16,4,10.53180435,100780.2336,30
4421,Piston_3_PistonHead__4.binvox,16,4,11.02013937,96945.42964,30
4422,Piston_3_PistonHead__5.binvox,16,4,11.27744355,101591.8713,30
4423,Piston_3_PistonHead__7.binvox,16,4,10.37798008,93753.85738,30
4424,Piston_3_PistonHead__9.binvox,16,4,11.3699328,101159.7468,30
4425,Piston_3_WristPin__2.binvox,15,4,19.53675253,132360.0293,6
4426,Piston_3_WristPin__3.binvox,15,4,20.48171883,132855.2458,6
4427,Piston_3_WristPin__4.binvox,15,4,20.27773677,128752.2997,6
4428,Piston_3_WristPin__5.binvox,15,4,19.7074823,134919.6178,6
4429,Piston_3_WristPin__7.binvox,15,4,20.54690612,123587.8181,6
4430,Piston_3_WristPin__9.binvox,15,4,20.71696943,126747.7809,6
4431,Piston_5_ConnectingRod__2.binvox,16,4,23.93538185,152506.1678,6
4432,Piston_5_ConnectingRod__3.binvox,16,4,23.47097597,159920.4359,6
4433,Piston_5_ConnectingRod__4.binvox,16,4,23.60431664,152590.3787,6
4434,Piston_5_ConnectingRod__5.binvox,16,4,23.9584907,156569.0661,6
4435,Piston_5_ConnectingRod__7.binvox,16,4,24.14827453,163323.3204,6
4436,Piston_5_ConnectingRod__9.binvox,16,4,25.29882063,162974.3779,6
4437,Piston_5_PistonHead__2.binvox,16,4,10.6772559,98081.53841,30
4438,Piston_5_PistonHead__3.binvox,16,4,10.40241238,98562.39999,30
4439,Piston_5_PistonHead__4.binvox,16,4,10.36099384,101687.7934,30
4440,Piston_5_PistonHead__5.binvox,16,4,11.2116782,94316.69659,30
4441,Piston_5_PistonHead__7.binvox,16,4,11.11566536,92101.49957,30
4442,Piston_5_PistonHead__9.binvox,16,4,11.1841942,93396.97204,30
4443,Piston_5_WristPin__2.binvox,15,4,20.20162793,125044.4374,6
4444,Piston_5_WristPin__3.binvox,15,4,20.14857437,131081.1983,6
4445,Piston_5_WristPin__4.binvox,15,4,20.74199118,125701.6005,6
4446,Piston_5_WristPin__5.binvox,15,4,20.24833851,128675.927,6
4447,Piston_5_WristPin__7.binvox,15,4,20.72884032,131759.5453,6
4448,Piston_5_WristPin__9.binvox,15,4,19.8933961,123236.8065,6
4449,Piston_6_ConnectingRod__1.binvox,16,4,25.63460056,161126.6777,6
4450,Piston_6_PistonHead__1.binvox,16,4,11.29250666,96436.13696,30
4451,Piston_6_WristPin__1.binvox,15,4,19.75091723,128618.8744,6
4452,Piston_7_ConnectingRod__2.binvox,16,4,25.34791223,158222.8374,6
4453,Piston_7_ConnectingRod__3.binvox,16,4,25.24038478,160765.3408,6
4454,Piston_7_ConnectingRod__4.binvox,16,4,24.0911085,162914.8516,6
4455,Piston_7_ConnectingRod__5.binvox,16,4,23.66138583,166706.9583,6
4456,Piston_7_ConnectingRod__7.binvox,16,4,25.56903403,152761.3355,6
4457,Piston_7_PistonHead__2.binvox,16,4,10.45112906,100415.3802,30
4458,Piston_7_PistonHead__3.binvox,16,4,10.70548571,95848.60392,30
4459,Piston_7_PistonHead__4.binvox,16,4,11.35443753,99952.44041,30
4460,Piston_7_PistonHead__5.binvox,16,4,10.81677109,96744.65467,30
4461,Piston_7_PistonHead__7.binvox,16,4,11.19205372,97548.81916,30
4462,Piston_7_RodBolt__2.binvox,15,8,5.91537651,37816.84363,6
4463,Piston_7_RodBolt__3.binvox,15,8,6.221214488,37712.20065,6
4464,Piston_7_RodBolt__4.binvox,15,8,6.117634878,39006.69102,6
4465,Piston_7_RodBolt__5.binvox,15,8,5.807296231,37675.39226,6
4466,Piston_7_RodBolt__7.binvox,15,8,6.207820743,38871.78294,6
4467,Piston_7_RodCap__2.binvox,16,4,16.01797242,109944.4854,6
4468,Piston_7_RodCap__3.binvox,16,4,16.52008264,103883.7829,6
4469,Piston_7_RodCap__4.binvox,16,4,17.26586247,104024.6619,6
4470,Piston_7_RodCap__5.binvox,16,4,16.96029783,107274.855,6
4471,Piston_7_RodCap__7.binvox,16,4,16.78964432,108145.4256,6
4472,Piston_7_RodNut__2.binvox,15,8,6.161775709,39726.14342,6
4473,Piston_7_RodNut__3.binvox,15,8,6.075267654,37144.79258,6
4474,Piston_7_RodNut__4.binvox,15,8,5.71580436,40107.76247,6
4475,Piston_7_RodNut__5.binvox,15,8,6.191816968,38410.75422,6
4476,Piston_7_RodNut__7.binvox,15,8,6.121405894,37541.6627,6
4477,Piston_7_WristPin__2.binvox,15,4,19.08623448,134644.4773,6
4478,Piston_7_WristPin__3.binvox,15,4,20.24239208,123738.4219,6
4479,Piston_7_WristPin__4.binvox,15,4,20.722007,124356.6439,6
4480,Piston_7_WristPin__5.binvox,15,4,19.32374907,131138.9023,6
4481,Piston_7_WristPin__7.binvox,15,4,19.40519323,134126.9088,6
4482,Piston_8_ConnectingRod__1.binvox,16,4,24.85943041,160595.1539,6
4483,Piston_8_PistonHead__1.binvox,16,4,11.38834543,97342.37362,30
4484,Piston_8_WristPin__1.binvox,15,4,20.87553943,127290.6532,6
4485,Piston_9_ConnectingRod__1.binvox,16,4,24.39584795,155095.7068,6
4486,Piston_9_PistonHead__1.binvox,16,4,11.12943671,97749.18359,30
4487,Piston_9_WristPin__1.binvox,15,4,19.07831367,135619.2816,6
4488,Bearing_10_Ball__1.binvox,19,32,43.69681646,199979.1467,4
4489,Bearing_10_Ball__10.binvox,19,32,44.75022891,186958.7027,4
4490,Bearing_10_Ball__3.binvox,19,32,44.82330989,191956.5834,4
4491,Bearing_10_Ball__4.binvox,19,32,43.57603243,189135.0925,4
4492,Bearing_10_Ball__5.binvox,19,32,45.24890016,189394.8554,4
4493,Bearing_10_Ball__7.binvox,19,32,45.7713991,202016.8396,4
4494,Bearing_10_Ball__8.binvox,19,32,44.01100598,191686.6156,4
4495,Bearing_10_InnerRing__1.binvox,19,4,53.90231922,249468.7714,4
4496,Bearing_10_InnerRing__10.binvox,19,4,56.99890227,241421.5741,4
4497,Bearing_10_InnerRing__3.binvox,19,4,55.27922708,233022.9182,4
4498,Bearing_10_InnerRing__4.binvox,19,4,57.34609711,242412.8672,4
4499,Bearing_10_InnerRing__5.binvox,19,4,56.84851611,242823.6558,4
4500,Bearing_10_InnerRing__7.binvox,19,4,53.25850788,247322.4394,4
4501,Bearing_10_InnerRing__8.binvox,19,4,57.56517316,234002.6399,4
4502,Bearing_10_OuterRing__1.binvox,19,4,52.95170938,226111.2491,4
4503,Bearing_10_OuterRing__10.binvox,19,4,57.17415984,241329.3776,4
4504,Bearing_10_OuterRing__3.binvox,19,4,57.61109235,230994.4445,4
4505,Bearing_10_OuterRing__4.binvox,19,4,57.48858397,238053.0138,4
4506,Bearing_10_OuterRing__5.binvox,19,4,53.32995958,238553.8317,4
4507,Bearing_10_OuterRing__7.binvox,19,4,55.61193513,241580.2517,4
4508,Bearing_10_OuterRing__8.binvox,19,4,54.13169501,235804.4439,4
4509,Bearing_10_Seal__1.binvox,20,8,0.386716444,1316.976306,100
4510,Bearing_10_Seal__10.binvox,20,8,0.40345779,1303.873305,100
4511,Bearing_10_Seal__3.binvox,20,8,0.417028132,1430.493853,100
4512,Bearing_10_Seal__4.binvox,20,8,0.385278702,1317.2303,100
4513,Bearing_10_Seal__5.binvox,20,8,0.388391585,1373.321108,100
4514,Bearing_10_Seal__7.binvox,20,8,0.417112589,1347.229106,100
4515,Bearing_10_Seal__8.binvox,20,8,0.413370648,1389.578352,100
4516,Bearing_1_Ball__1.binvox,19,32,44.08762099,199297.8294,4
4517,Bearing_1_Ball__10.binvox,19,32,46.98872429,201120.9094,4
4518,Bearing_1_Ball__3.binvox,19,32,45.26699474,202388.0605,4
4519,Bearing_1_Ball__4.binvox,19,32,44.96121991,194750.8124,4
4520,Bearing_1_Ball__5.binvox,19,32,45.45544386,188896.3803,4
4521,Bearing_1_Ball__7.binvox,19,32,46.90932767,192685.795,4
4522,Bearing_1_Ball__8.binvox,19,32,46.88585066,190596.7378,4
4523,Bearing_1_Cage__1.binvox,19,8,1.928098244,9327.02707,50
4524,Bearing_1_Cage__10.binvox,19,8,1.900829309,9139.9178,50
4525,Bearing_1_Cage__3.binvox,19,8,2.020662956,9123.857334,50
4526,Bearing_1_Cage__4.binvox,19,8,2.063274237,9333.887238,50
4527,Bearing_1_Cage__5.binvox,19,8,1.966074463,9025.869935,50
4528,Bearing_1_Cage__7.binvox,19,8,2.092874969,9359.193626,50
4529,Bearing_1_Cage__8.binvox,19,8,1.909205074,9056.146178,50
4530,Bearing_1_InnerRing__1.binvox,19,4,57.53411539,227212.9439,4
4531,Bearing_1_InnerRing__10.binvox,19,4,55.35659012,246340.1662,4
4532,Bearing_1_InnerRing__3.binvox,19,4,57.58074801,248783.3034,4
4533,Bearing_1_InnerRing__4.binvox,19,4,52.7434735,249440.7338,4
4534,Bearing_1_InnerRing__5.binvox,19,4,53.34855802,247877.3479,4
4535,Bearing_1_InnerRing__7.binvox,19,4,55.77183967,243208.1053,4
4536,Bearing_1_InnerRing__8.binvox,19,4,52.38454204,228147.356,4
4537,Bearing_1_OuterRing__1.binvox,19,4,57.63137007,244627.0645,4
4538,Bearing_1_OuterRing__10.binvox,19,4,55.55925323,234871.7801,4
4539,Bearing_1_OuterRing__3.binvox,19,4,56.97654028,231982.408,4
4540,Bearing_1_OuterRing__4.binvox,19,4,54.4818586,232532.3554,4
4541,Bearing_1_OuterRing__5.binvox,19,4,54.26875265,236064.5595,4
4542,Bearing_1_OuterRing__7.binvox,19,4,54.21035311,235285.823,4
4543,Bearing_1_OuterRing__8.binvox,19,4,53.10827994,233756.4118,4
4544,Bearing_2_Ball__1.binvox,19,32,43.18767913,185992.2158,4
4545,Bearing_2_Ball__10.binvox,19,32,45.10692384,184845.6002,4
4546,Bearing_2_Ball__3.binvox,19,32,44.19683596,200516.8251,4
4547,Bearing_2_Ball__4.binvox,19,32,45.03571618,203576.4551,4
4548,Bearing_2_Ball__5.binvox,19,32,46.66682836,202773.8845,4
4549,Bearing_2_Ball__7.binvox,19,32,45.49380887,187963.261,4
4550,Bearing_2_Ball__8.binvox,19,32,45.33449559,196501.2482,4
4551,Bearing_2_InnerRing__1.binvox,19,4,53.64433521,247921.2731,4
4552,Bearing_2_InnerRing__10.binvox,19,4,57.19084606,249436.1128,4
4553,Bearing_2_InnerRing__3.binvox,19,4,55.10327415,240891.5668,4
4554,Bearing_2_InnerRing__4.binvox,19,4,53.13943922,242178.3253,4
4555,Bearing_2_InnerRing__5.binvox,19,4,52.25930375,230914.2997,4
4556,Bearing_2_InnerRing__7.binvox,19,4,57.11877454,243221.7226,4
4557,Bearing_2_InnerRing__8.binvox,19,4,56.12972439,246420.2532,4
4558,Bearing_2_OuterRing__1.binvox,19,4,55.13135224,247656.0718,4
4559,Bearing_2_OuterRing__10.binvox,19,4,54.4937439,227303.5038,4
4560,Bearing_2_OuterRing__3.binvox,19,4,53.54718753,234061.8073,4
4561,Bearing_2_OuterRing__4.binvox,19,4,54.60792164,241946.2146,4
4562,Bearing_2_OuterRing__5.binvox,19,4,54.10255107,241763.911,4
4563,Bearing_2_OuterRing__7.binvox,19,4,53.46664175,225766.558,4
4564,Bearing_2_OuterRing__8.binvox,19,4,57.15399831,245129.8111,4
4565,Bearing_3_Ball__1.binvox,19,32,45.72777876,204084.3737,4
4566,Bearing_3_Ball__10.binvox,19,32,43.28035039,186012.5766,4
4567,Bearing_3_Ball__3.binvox,19,32,45.33302834,198591.8095,4
4568,Bearing_3_Ball__4.binvox,19,32,46.98727871,185972.1125,4
4569,Bearing_3_Ball__5.binvox,19,32,46.01190132,203834.7406,4
4570,Bearing_3_Ball__7.binvox,19,32,45.74758074,194410.2474,4
4571,Bearing_3_Ball__8.binvox,19,32,45.48306971,194348.7017,4
4572,Bearing_3_InnerRing__1.binvox,19,4,54.83731751,243979.6026,4
4573,Bearing_3_InnerRing__10.binvox,19,4,55.59846846,231720.855,4
4574,Bearing_3_InnerRing__3.binvox,19,4,56.65084239,245272.3022,4
4575,Bearing_3_InnerRing__4.binvox,19,4,52.41866854,231537.6962,4
4576,Bearing_3_InnerRing__5.binvox,19,4,53.75202454,225912.1933,4
4577,Bearing_3_InnerRing__7.binvox,19,4,55.4695408,242533.9895,4
4578,Bearing_3_InnerRing__8.binvox,19,4,55.93944795,225796.0165,4
4579,Bearing_3_OuterRing__1.binvox,19,4,54.91132895,248873.2779,4
4580,Bearing_3_OuterRing__10.binvox,19,4,54.27211815,236906.9087,4
4581,Bearing_3_OuterRing__3.binvox,19,4,53.05126749,237467.056,4
4582,Bearing_3_OuterRing__4.binvox,19,4,56.96988942,240763.3786,4
4583,Bearing_3_OuterRing__5.binvox,19,4,56.1797012,231260.5368,4
4584,Bearing_3_OuterRing__7.binvox,19,4,55.76428194,234964.2902,4
4585,Bearing_3_OuterRing__8.binvox,19,4,55.55107083,240823.1332,4
4586,Bearing_4_Ball__1.binvox,19,32,46.91306386,187187.6358,4
4587,Bearing_4_Ball__10.binvox,19,32,43.58467783,198483.675,4
4588,Bearing_4_Ball__3.binvox,19,32,44.00321295,193496.5329,4
4589,Bearing_4_Ball__4.binvox,19,32,45.80657563,197658.9163,4
4590,Bearing_4_Ball__5.binvox,19,32,43.23860977,186681.6817,4
4591,Bearing_4_Ball__7.binvox,19,32,45.3610953,189276.1482,4
4592,Bearing_4_Ball__8.binvox,19,32,44.05405873,192189.2533,4
4593,Bearing_4_InnerRing__1.binvox,19,4,52.66356385,246068.4443,4
4594,Bearing_4_InnerRing__10.binvox,19,4,53.9102621,240677.1911,4
4595,Bearing_4_InnerRing__3.binvox,19,4,55.00561566,228502.8368,4
4596,Bearing_4_InnerRing__4.binvox,19,4,56.88595008,247397.6292,4
4597,Bearing_4_InnerRing__5.binvox,19,4,53.11195593,243124.2583,4
4598,Bearing_4_InnerRing__7.binvox,19,4,53.89133635,233441.2831,4
4599,Bearing_4_InnerRing__8.binvox,19,4,54.20627422,234472.7289,4
4600,Bearing_4_OuterRing__1.binvox,19,4,53.90146641,237249.4385,4
4601,Bearing_4_OuterRing__10.binvox,19,4,53.16274179,247115.4485,4
4602,Bearing_4_OuterRing__3.binvox,19,4,57.73510878,239947.3071,4
4603,Bearing_4_OuterRing__4.binvox,19,4,52.64349369,237767.8591,4
4604,Bearing_4_OuterRing__5.binvox,19,4,54.1580626,231471.5086,4
4605,Bearing_4_OuterRing__7.binvox,19,4,55.06875137,230532.6022,4
4606,Bearing_4_OuterRing__8.binvox,19,4,52.86209491,243142.6025,4
4607,Bearing_5_Ball__1.binvox,19,32,44.0407328,193302.2058,4
4608,Bearing_5_Ball__10.binvox,19,32,44.48980715,198086.8006,4
4609,Bearing_5_Ball__3.binvox,19,32,45.06563396,191357.6338,4
4610,Bearing_5_Ball__4.binvox,19,32,42.78779627,187468.4478,4
4611,Bearing_5_Ball__5.binvox,19,32,43.43624263,193860.5363,4
4612,Bearing_5_Ball__7.binvox,19,32,42.93603258,201208.832,4
4613,Bearing_5_Ball__8.binvox,19,32,46.1380988,191599.7442,4
4614,Bearing_5_Cage__1.binvox,19,8,1.96193618,9298.63311,50
4615,Bearing_5_Cage__10.binvox,19,8,1.91324791,9276.245539,50
4616,Bearing_5_Cage__3.binvox,19,8,2.038902478,9671.870111,50
4617,Bearing_5_Cage__4.binvox,19,8,1.952800953,9878.044732,50
4618,Bearing_5_Cage__5.binvox,19,8,1.941484164,9492.153489,50
4619,Bearing_5_Cage__7.binvox,19,8,1.972503374,9384.908561,50
4620,Bearing_5_Cage__8.binvox,19,8,2.037901561,9364.328299,50
4621,Bearing_5_InnerRing__1.binvox,19,4,53.20802817,237349.3685,4
4622,Bearing_5_InnerRing__10.binvox,19,4,55.42323721,246931.9577,4
4623,Bearing_5_InnerRing__3.binvox,19,4,55.42796086,242891.8811,4
4624,Bearing_5_InnerRing__4.binvox,19,4,57.37931615,230770.9437,4
4625,Bearing_5_InnerRing__5.binvox,19,4,57.29426099,241024.4628,4
4626,Bearing_5_InnerRing__7.binvox,19,4,56.80631372,246528.6202,4
4627,Bearing_5_InnerRing__8.binvox,19,4,54.74624433,240677.7994,4
4628,Bearing_5_OuterRing__1.binvox,19,4,53.37375472,246146.3258,4
4629,Bearing_5_OuterRing__10.binvox,19,4,53.13340605,245721.5361,4
4630,Bearing_5_OuterRing__3.binvox,19,4,56.97304727,242114.3657,4
4631,Bearing_5_OuterRing__4.binvox,19,4,56.68404288,244258.1029,4
4632,Bearing_5_OuterRing__5.binvox,19,4,53.89670462,230711.4273,4
4633,Bearing_5_OuterRing__7.binvox,19,4,55.47249743,227046.8221,4
4634,Bearing_5_OuterRing__8.binvox,19,4,55.86408832,243352.8473,4
4635,Bearing_5_Seal__1.binvox,20,8,0.417141753,1326.22143,100
4636,Bearing_5_Seal__10.binvox,20,8,0.400623878,1390.325932,100
4637,Bearing_5_Seal__3.binvox,20,8,0.412230254,1348.197337,100
4638,Bearing_5_Seal__4.binvox,20,8,0.407029218,1329.245863,100
4639,Bearing_5_Seal__5.binvox,20,8,0.411729648,1424.48942,100
4640,Bearing_5_Seal__7.binvox,20,8,0.398403188,1305.336924,100
4641,Bearing_5_Seal__8.binvox,20,8,0.38449165,1311.230586,100
4642,Bearing_6_Ball__1.binvox,19,32,43.50285364,201864.7438,4
4643,Bearing_6_Ball__10.binvox,19,32,46.66233897,190661.3052,4
4644,Bearing_6_Ball__3.binvox,19,32,47.24477717,197252.4111,4
4645,Bearing_6_Ball__4.binvox,19,32,43.16970884,196441.2253,4
4646,Bearing_6_Ball__5.binvox,19,32,45.26463285,199916.0637,4
4647,Bearing_6_Ball__7.binvox,19,32,45.32616713,198403.5501,4
4648,Bearing_6_Ball__8.binvox,19,32,45.12385092,202738.6131,4
4649,Bearing_6_InnerRing__1.binvox,19,4,54.51932677,239326.1836,4
4650,Bearing_6_InnerRing__10.binvox,19,4,55.90248709,227630.5869,4
4651,Bearing_6_InnerRing__3.binvox,19,4,52.28110022,247092.5836,4
4652,Bearing_6_InnerRing__4.binvox,19,4,53.72911004,248995.9622,4
4653,Bearing_6_InnerRing__5.binvox,19,4,52.9297212,243975.0389,4
4654,Bearing_6_InnerRing__7.binvox,19,4,54.76088895,231637.1566,4
4655,Bearing_6_InnerRing__8.binvox,19,4,54.31829986,235128.4135,4
4656,Bearing_6_OuterRing__1.binvox,19,4,56.55377046,231301.046,4
4657,Bearing_6_OuterRing__10.binvox,19,4,54.20023952,244812.9996,4
4658,Bearing_6_OuterRing__3.binvox,19,4,53.89496011,247682.3993,4
4659,Bearing_6_OuterRing__4.binvox,19,4,54.12974603,227339.6462,4
4660,Bearing_6_OuterRing__5.binvox,19,4,53.09279047,238670.248,4
4661,Bearing_6_OuterRing__7.binvox,19,4,56.74034712,229362.8051,4
4662,Bearing_6_OuterRing__8.binvox,19,4,53.00144627,241931.9351,4
4663,Bearing_7_Ball__1.binvox,19,32,44.08101899,190701.0349,4
4664,Bearing_7_Ball__10.binvox,19,32,44.34785278,195514.0701,4
4665,Bearing_7_Ball__3.binvox,19,32,46.73681602,203313.4202,4
4666,Bearing_7_Ball__4.binvox,19,32,46.08090757,188632.1121,4
4667,Bearing_7_Ball__5.binvox,19,32,44.53385991,186148.7059,4
4668,Bearing_7_Ball__7.binvox,19,32,46.05986786,200118.6389,4
4669,Bearing_7_Ball__8.binvox,19,32,44.66910874,198815.1434,4
4670,Bearing_7_InnerRing__1.binvox,19,4,57.15053502,236704.5804,4
4671,Bearing_7_InnerRing__10.binvox,19,4,54.98577319,229925.8286,4
4672,Bearing_7_InnerRing__3.binvox,19,4,52.35335923,245839.8634,4
4673,Bearing_7_InnerRing__4.binvox,19,4,55.49854366,234965.6461,4
4674,Bearing_7_InnerRing__5.binvox,19,4,53.96530513,248353.0569,4
4675,Bearing_7_InnerRing__7.binvox,19,4,53.48848747,248402.6734,4
4676,Bearing_7_InnerRing__8.binvox,19,4,53.77670815,248321.6699,4
4677,Bearing_7_OuterRing__1.binvox,19,4,53.2824719,240291.8349,4
4678,Bearing_7_OuterRing__10.binvox,19,4,52.37810371,243969.9253,4
4679,Bearing_7_OuterRing__3.binvox,19,4,54.37936785,233673.1236,4
4680,Bearing_7_OuterRing__4.binvox,19,4,56.64865456,238199.2788,4
4681,Bearing_7_OuterRing__5.binvox,19,4,56.74350899,228063.325,4
4682,Bearing_7_OuterRing__7.binvox,19,4,56.9250418,228085.2395,4
4683,Bearing_7_OuterRing__8.binvox,19,4,56.23271664,237616.4643,4
4684,Bearing_8_Ball__1.binvox,19,32,44.20051594,187035.3228,4
4685,Bearing_8_Ball__10.binvox,19,32,47.05650206,187028.5508,4
4686,Bearing_8_Ball__3.binvox,19,32,45.43839264,188076.3949,4
4687,Bearing_8_Ball__4.binvox,19,32,45.25213721,194287.9751,4
4688,Bearing_8_Ball__5.binvox,19,32,44.92562478,200439.8462,4
4689,Bearing_8_Ball__7.binvox,19,32,45.27523472,198094.8596,4
4690,Bearing_8_Ball__8.binvox,19,32,45.06543501,195763.7252,4
4691,Bearing_8_InnerRing__1.binvox,19,4,55.00633112,237347.1971,4
4692,Bearing_8_InnerRing__10.binvox,19,4,52.27482559,247723.0264,4
4693,Bearing_8_InnerRing__3.binvox,19,4,57.63015093,239570.9673,4
4694,Bearing_8_InnerRing__4.binvox,19,4,56.61903426,241537.4529,4
4695,Bearing_8_InnerRing__5.binvox,19,4,54.26246707,248077.2101,4
4696,Bearing_8_InnerRing__7.binvox,19,4,53.55752701,230528.4926,4
4697,Bearing_8_InnerRing__8.binvox,19,4,55.4306558,240854.5451,4
4698,Bearing_8_OuterRing__1.binvox,19,4,55.80638437,231953.3502,4
4699,Bearing_8_OuterRing__10.binvox,19,4,52.4674122,234554.7529,4
4700,Bearing_8_OuterRing__3.binvox,19,4,56.58696198,229782.225,4
4701,Bearing_8_OuterRing__4.binvox,19,4,52.79165427,241107.5419,4
4702,Bearing_8_OuterRing__5.binvox,19,4,55.46836665,231554.0058,4
4703,Bearing_8_OuterRing__7.binvox,19,4,52.61950615,229016.8927,4
4704,Bearing_8_OuterRing__8.binvox,19,4,53.50655286,243811.8571,4
4705,Bearing_9_Ball__1.binvox,19,32,45.88450843,202754.5258,4
4706,Bearing_9_Ball__10.binvox,19,32,45.21279293,189011.3273,4
4707,Bearing_9_Ball__3.binvox,19,32,46.83481976,200328.2499,4
4708,Bearing_9_Ball__4.binvox,19,32,45.10652842,202302.284,4
4709,Bearing_9_Ball__5.binvox,19,32,45.32874542,193700.1158,4
4710,Bearing_9_Ball__7.binvox,19,32,44.81344654,200397.8439,4
4711,Bearing_9_Ball__8.binvox,19,32,46.43760173,185646.0924,4
4712,Bearing_9_InnerRing__1.binvox,19,4,52.30164861,233917.5316,4
4713,Bearing_9_InnerRing__10.binvox,19,4,52.8364312,228912.008,4
4714,Bearing_9_InnerRing__3.binvox,19,4,56.22044735,232412.7939,4
4715,Bearing_9_InnerRing__4.binvox,19,4,54.98208916,243103.268,4
4716,Bearing_9_InnerRing__5.binvox,19,4,57.5560473,225778.652,4
4717,Bearing_9_InnerRing__7.binvox,19,4,54.61917209,231565.7619,4
4718,Bearing_9_InnerRing__8.binvox,19,4,53.55069806,237836.6558,4
4719,Bearing_9_OuterRing__1.binvox,19,4,55.20891002,229159.7585,4
4720,Bearing_9_OuterRing__10.binvox,19,4,53.08883472,233727.7262,4
4721,Bearing_9_OuterRing__3.binvox,19,4,54.64231175,246609.7423,4
4722,Bearing_9_OuterRing__4.binvox,19,4,57.64786467,231753.2635,4
4723,Bearing_9_OuterRing__5.binvox,19,4,57.42175024,227788.0779,4
4724,Bearing_9_OuterRing__7.binvox,19,4,56.27609044,246496.7125,4
4725,Bearing_9_OuterRing__8.binvox,19,4,54.85182178,226543.399,4
4726,Bearing_9_Seal__1.binvox,20,8,0.387093756,1421.688077,100
4727,Bearing_9_Seal__10.binvox,20,8,0.38954324,1411.914663,100
4728,Bearing_9_Seal__3.binvox,20,8,0.4172542,1354.058955,100
4729,Bearing_9_Seal__4.binvox,20,8,0.400609921,1318.779132,100
4730,Bearing_9_Seal__5.binvox,20,8,0.387609879,1306.395596,100
4731,Bearing_9_Seal__7.binvox,20,8,0.411794442,1361.417785,100
4732,Bearing_9_Seal__8.binvox,20,8,0.406606386,1336.861053,100
4733,Caster_10_Bolt__1.binvox,21,8,15.3889208,66395.83359,4
4734,Caster_10_Bolt__10.binvox,21,8,14.49426324,65256.6699,4
4735,Caster_10_Bolt__3.binvox,21,8,15.24334209,65417.68691,4
4736,Caster_10_Bolt__4.binvox,21,8,14.30219905,62572.39717,4
4737,Caster_10_Bolt__5.binvox,21,8,15.1974582,63922.08593,4
4738,Caster_10_Bolt__7.binvox,21,8,15.39833626,62977.4991,4
4739,Caster_10_Bolt__8.binvox,21,8,14.49461008,63429.14286,4
4740,Caster_10_Fork__1.binvox,24,4,2.012514538,8872.74074,50
4741,Caster_10_Fork__10.binvox,24,4,2.089118992,8992.629044,50
4742,Caster_10_Fork__3.binvox,24,4,1.958640271,9031.281905,50
4743,Caster_10_Fork__4.binvox,24,4,2.02056089,8427.670292,50
4744,Caster_10_Fork__5.binvox,24,4,2.035382529,8583.342635,50
4745,Caster_10_Fork__7.binvox,24,4,1.964705022,8216.755184,50
4746,Caster_10_Fork__8.binvox,24,4,1.974443586,8214.081874,50
4747,Caster_10_Nut__1.binvox,21,8,15.52001197,66325.81953,4
4748,Caster_10_Nut__10.binvox,21,8,15.11059209,61678.86789,4
4749,Caster_10_Nut__3.binvox,21,8,14.63879698,64341.23048,4
4750,Caster_10_Nut__4.binvox,21,8,14.49180782,65330.0944,4
4751,Caster_10_Nut__5.binvox,21,8,14.36562561,66333.77777,4
4752,Caster_10_Nut__7.binvox,21,8,15.29405314,64422.34508,4
4753,Caster_10_Nut__8.binvox,21,8,15.27098373,66736.26503,4
4754,Caster_10_TopPlate__1.binvox,23,4,7.531092109,33125.35231,50
4755,Caster_10_TopPlate__10.binvox,23,4,7.230329019,30293.84893,50
4756,Caster_10_TopPlate__3.binvox,23,4,6.968915135,32862.85998,50
4757,Caster_10_TopPlate__4.binvox,23,4,7.61694307,32886.49863,50
4758,Caster_10_TopPlate__5.binvox,23,4,6.973479925,31979.22479,50
4759,Caster_10_TopPlate__7.binvox,23,4,6.991888035,31476.6902,50
4760,Caster_10_TopPlate__8.binvox,23,4,7.188789176,32378.45128,50
4761,Caster_10_WheelRubber__1.binvox,20,4,0.380648282,1430.532791,100
4762,Caster_10_WheelRubber__10.binvox,20,4,0.392931151,1315.518,100
4763,Caster_10_WheelRubber__3.binvox,20,4,0.397301411,1314.770774,100
4764,Caster_10_WheelRubber__4.binvox,20,4,0.399880819,1341.801462,100
4765,Caster_10_WheelRubber__5.binvox,20,4,0.409347379,1436.193363,100
4766,Caster_10_WheelRubber__7.binvox,20,4,0.41623818,1364.79264,100
4767,Caster_10_WheelRubber__8.binvox,20,4,0.388336969,1406.992476,100
4768,Caster_10_Wheel__1.binvox,23,4,2.718083565,5682.665491,160
4769,Caster_10_Wheel__10.binvox,23,4,2.529259108,5156.214438,160
4770,Caster_10_Wheel__3.binvox,23,4,2.737504681,5669.753439,160
4771,Caster_10_Wheel__4.binvox,23,4,2.6649609,5223.280327,160
4772,Caster_10_Wheel__5.binvox,23,4,2.743437809,5167.370541,160
4773,Caster_10_Wheel__7.binvox,23,4,2.704752678,5264.770179,160
4774,Caster_10_Wheel__8.binvox,23,4,2.780291239,5483.729386,160
4775,Caster_1_Bolt__1.binvox,21,8,14.65595448,67361.88604,4
4776,Caster_1_Bolt__10.binvox,21,8,14.73679436,65152.22317,4
4777,Caster_1_Bolt__3.binvox,21,8,15.26799822,65075.01915,4
4778,Caster_1_Bolt__4.binvox,21,8,14.80740593,63633.86075,4
4779,Caster_1_Bolt__5.binvox,21,8,14.40084871,63829.0505,4
4780,Caster_1_Bolt__7.binvox,21,8,14.63874409,65276.63394,4
4781,Caster_1_Bolt__8.binvox,21,8,14.74572825,63321.43848,4
4782,Caster_1_Fork__1.binvox,24,4,1.921950313,8401.99551,50
4783,Caster_1_Fork__10.binvox,24,4,1.92429994,8605.443124,50
4784,Caster_1_Fork__3.binvox,24,4,2.09472666,8715.026457,50
4785,Caster_1_Fork__4.binvox,24,4,2.039034565,8714.489141,50
4786,Caster_1_Fork__5.binvox,24,4,2.019314241,8724.96659,50
4787,Caster_1_Fork__7.binvox,24,4,1.979168195,8247.39853,50
4788,Caster_1_Fork__8.binvox,24,4,1.947758879,8500.601306,50
4789,Caster_1_Nut__1.binvox,21,8,14.67878992,65809.77554,4
4790,Caster_1_Nut__10.binvox,21,8,15.17541689,63073.3882,4
4791,Caster_1_Nut__3.binvox,21,8,15.58780256,67979.12696,4
4792,Caster_1_Nut__4.binvox,21,8,14.62904781,66787.82846,4
4793,Caster_1_Nut__5.binvox,21,8,14.64412383,62743.09058,4
4794,Caster_1_Nut__7.binvox,21,8,14.83546739,65076.64087,4
4795,Caster_1_Nut__8.binvox,21,8,14.48063884,65012.58749,4
4796,Caster_1_Wheel__1.binvox,23,4,2.649425823,5480.742233,160
4797,Caster_1_Wheel__10.binvox,23,4,2.577082207,5524.485827,160
4798,Caster_1_Wheel__3.binvox,23,4,2.578185904,5219.684208,160
4799,Caster_1_Wheel__4.binvox,23,4,2.56670023,5432.088591,160
4800,Caster_1_Wheel__5.binvox,23,4,2.676183645,5489.966266,160
4801,Caster_1_Wheel__7.binvox,23,4,2.591853265,5657.881516,160
4802,Caster_1_Wheel__8.binvox,23,4,2.552609321,5463.265917,160
4803,Caster_2_Bolt__1.binvox,21,8,15.5746487,65672.24988,4
4804,Caster_2_Bolt__10.binvox,21,8,14.32971844,64467.85119,4
4805,Caster_2_Bolt__3.binvox,21,8,15.08706605,61706.36255,4
4806,Caster_2_Bolt__4.binvox,21,8,15.15682406,64094.21826,4
4807,Caster_2_Bolt__5.binvox,21,8,14.68810428,65173.43798,4
4808,Caster_2_Bolt__7.binvox,21,8,15.17564984,67825.99307,4
4809,Caster_2_Bolt__8.binvox,21,8,14.80446532,61897.77057,4
4810,Caster_2_Fork__1.binvox,24,4,1.917036546,9004.849904,50
4811,Caster_2_Fork__10.binvox,24,4,2.028420132,8631.206787,50
4812,Caster_2_Fork__3.binvox,24,4,2.029147708,8634.645442,50
4813,Caster_2_Fork__4.binvox,24,4,1.976455771,8864.623574,50
4814,Caster_2_Fork__5.binvox,24,4,1.933502637,8646.826992,50
4815,Caster_2_Fork__7.binvox,24,4,1.96902611,8454.145419,50
4816,Caster_2_Fork__8.binvox,24,4,1.960904641,8509.645818,50
4817,Caster_2_Nut__1.binvox,21,8,15.12859787,67866.97722,4
4818,Caster_2_Nut__10.binvox,21,8,15.17052048,66612.17045,4
4819,Caster_2_Nut__3.binvox,21,8,15.54703689,65554.67904,4
4820,Caster_2_Nut__4.binvox,21,8,15.24906609,62935.09369,4
4821,Caster_2_Nut__5.binvox,21,8,14.83786296,61722.57283,4
4822,Caster_2_Nut__7.binvox,21,8,14.48780114,63074.42956,4
4823,Caster_2_Nut__8.binvox,21,8,14.64721548,61680.17534,4
4824,Caster_2_Wheel__1.binvox,23,4,2.64213621,5398.636955,160
4825,Caster_2_Wheel__10.binvox,23,4,2.630182082,5165.89082,160
4826,Caster_2_Wheel__3.binvox,23,4,2.657512203,5217.457384,160
4827,Caster_2_Wheel__4.binvox,23,4,2.770816969,5193.033622,160
4828,Caster_2_Wheel__5.binvox,23,4,2.534429828,5250.983015,160
4829,Caster_2_Wheel__7.binvox,23,4,2.678286614,5510.556453,160
4830,Caster_2_Wheel__8.binvox,23,4,2.771208727,5180.257764,160
4831,Caster_3_Bolt__1.binvox,21,8,15.7285879,63507.25713,4
4832,Caster_3_Bolt__10.binvox,21,8,14.36884262,61905.4001,4
4833,Caster_3_Bolt__3.binvox,21,8,15.50388155,65089.75981,4
4834,Caster_3_Bolt__4.binvox,21,8,15.49630004,63836.41853,4
4835,Caster_3_Bolt__5.binvox,21,8,14.36927668,67641.83677,4
4836,Caster_3_Bolt__7.binvox,21,8,15.07671847,67620.16906,4
4837,Caster_3_Bolt__8.binvox,21,8,14.87900886,65371.64699,4
4838,Caster_3_Fork__1.binvox,24,4,2.058823046,9065.67837,50
4839,Caster_3_Fork__10.binvox,24,4,1.930909029,8705.56734,50
4840,Caster_3_Fork__3.binvox,24,4,1.997368324,8233.015217,50
4841,Caster_3_Fork__4.binvox,24,4,2.086404476,8903.724364,50
4842,Caster_3_Fork__5.binvox,24,4,2.026049686,8517.425806,50
4843,Caster_3_Fork__7.binvox,24,4,2.000095211,9016.802196,50
4844,Caster_3_Fork__8.binvox,24,4,1.969378482,8327.883525,50
4845,Caster_3_Nut__1.binvox,21,8,15.25705259,66185.08071,4
4846,Caster_3_Nut__10.binvox,21,8,15.68170504,64932.11998,4
4847,Caster_3_Nut__3.binvox,21,8,15.43273101,66542.51739,4
4848,Caster_3_Nut__4.binvox,21,8,14.5901226,67682.95062,4
4849,Caster_3_Nut__5.binvox,21,8,14.27484039,64114.30653,4
4850,Caster_3_Nut__7.binvox,21,8,15.05649233,65663.79985,4
4851,Caster_3_Nut__8.binvox,21,8,15.47814992,65764.54589,4
4852,Caster_3_Wheel__1.binvox,23,4,2.749968732,5475.420489,160
4853,Caster_3_Wheel__10.binvox,23,4,2.563275499,5631.174455,160
4854,Caster_3_Wheel__3.binvox,23,4,2.769655274,5189.355372,160
4855,Caster_3_Wheel__4.binvox,23,4,2.77037249,5327.7722,160
4856,Caster_3_Wheel__5.binvox,23,4,2.625463365,5420.957853,160
4857,Caster_3_Wheel__7.binvox,23,4,2.726313823,5674.463273,160
4858,Caster_3_Wheel__8.binvox,23,4,2.555387639,5583.525363,160
4859,Caster_4_Bolt__1.binvox,21,8,14.37875756,62264.75229,4
4860,Caster_4_Bolt__10.binvox,21,8,14.43529266,62936.01103,4
4861,Caster_4_Bolt__3.binvox,21,8,14.32353291,66161.81126,4
4862,Caster_4_Bolt__4.binvox,21,8,15.03719421,66033.53552,4
4863,Caster_4_Bolt__5.binvox,21,8,15.59001559,61724.93735,4
4864,Caster_4_Bolt__7.binvox,21,8,14.6240812,61667.14463,4
4865,Caster_4_Bolt__8.binvox,21,8,15.61229485,66109.90936,4
4866,Caster_4_Fork__1.binvox,24,4,2.069598865,8616.037243,50
4867,Caster_4_Fork__10.binvox,24,4,2.038904971,8705.150054,50
4868,Caster_4_Fork__3.binvox,24,4,2.039542329,8756.177229,50
4869,Caster_4_Fork__4.binvox,24,4,2.070047629,8470.839037,50
4870,Caster_4_Fork__5.binvox,24,4,2.049978136,8486.772922,50
4871,Caster_4_Fork__7.binvox,24,4,1.908849501,8523.13642,50
4872,Caster_4_Fork__8.binvox,24,4,2.031631456,8626.348886,50
4873,Caster_4_Nut__1.binvox,21,8,14.55340481,63464.84678,4
4874,Caster_4_Nut__10.binvox,21,8,14.61676929,66872.77969,4
4875,Caster_4_Nut__3.binvox,21,8,14.7291282,63466.2438,4
4876,Caster_4_Nut__4.binvox,21,8,14.27312998,66425.84881,4
4877,Caster_4_Nut__5.binvox,21,8,15.39057557,67599.16886,4
4878,Caster_4_Nut__7.binvox,21,8,14.52325501,64894.88251,4
4879,Caster_4_Nut__8.binvox,21,8,14.85765443,66645.25606,4
4880,Caster_4_WheelRubber__1.binvox,20,4,0.407065599,1310.009757,100
4881,Caster_4_WheelRubber__10.binvox,20,4,0.381150115,1410.918405,100
4882,Caster_4_WheelRubber__3.binvox,20,4,0.400648157,1317.165322,100
4883,Caster_4_WheelRubber__4.binvox,20,4,0.400973451,1378.08526,100
4884,Caster_4_WheelRubber__5.binvox,20,4,0.40958645,1433.973909,100
4885,Caster_4_WheelRubber__7.binvox,20,4,0.408511045,1410.966817,100
4886,Caster_4_WheelRubber__8.binvox,20,4,0.3808923,1379.916499,100
4887,Caster_4_Wheel__1.binvox,23,4,2.601124264,5381.738342,160
4888,Caster_4_Wheel__10.binvox,23,4,2.747114863,5159.899023,160
4889,Caster_4_Wheel__3.binvox,23,4,2.544556268,5501.085991,160
4890,Caster_4_Wheel__4.binvox,23,4,2.693768878,5423.283938,160
4891,Caster_4_Wheel__5.binvox,23,4,2.736335096,5498.825528,160
4892,Caster_4_Wheel__7.binvox,23,4,2.603386635,5542.157796,160
4893,Caster_4_Wheel__8.binvox,23,4,2.726859129,5567.880095,160
4894,Caster_5_Bolt__1.binvox,21,8,14.89419907,66508.14169,4
4895,Caster_5_Bolt__10.binvox,21,8,14.32398331,64575.31816,4
4896,Caster_5_Bolt__3.binvox,21,8,14.96425518,67822.37444,4
4897,Caster_5_Bolt__4.binvox,21,8,15.70662645,65589.04866,4
4898,Caster_5_Bolt__5.binvox,21,8,14.87769294,65398.22598,4
4899,Caster_5_Bolt__7.binvox,21,8,15.04143214,62087.30994,4
4900,Caster_5_Bolt__8.binvox,21,8,14.31963999,63249.40881,4
4901,Caster_5_Fork__1.binvox,24,4,2.020255962,8333.359512,50
4902,Caster_5_Fork__10.binvox,24,4,2.096289326,8209.44679,50
4903,Caster_5_Fork__3.binvox,24,4,1.941246106,8340.142499,50
4904,Caster_5_Fork__4.binvox,24,4,2.016890624,8241.551137,50
4905,Caster_5_Fork__5.binvox,24,4,1.960413055,8330.468033,50
4906,Caster_5_Fork__7.binvox,24,4,2.062765675,8910.515299,50
4907,Caster_5_Fork__8.binvox,24,4,2.061150538,8463.944951,50
4908,Caster_5_Nut__1.binvox,21,8,15.06051039,62122.68153,4
4909,Caster_5_Nut__10.binvox,21,8,15.23633476,63737.71851,4
4910,Caster_5_Nut__3.binvox,21,8,14.57025753,67023.16066,4
4911,Caster_5_Nut__4.binvox,21,8,15.39058959,66729.14529,4
4912,Caster_5_Nut__5.binvox,21,8,15.00921883,63164.82882,4
4913,Caster_5_Nut__7.binvox,21,8,15.38965568,66314.73155,4
4914,Caster_5_Nut__8.binvox,21,8,15.51501453,64840.81788,4
4915,Caster_5_Wheel__1.binvox,23,4,2.773424142,5400.450224,160
4916,Caster_5_Wheel__10.binvox,23,4,2.789204049,5577.586489,160
4917,Caster_5_Wheel__3.binvox,23,4,2.733476474,5328.161074,160
4918,Caster_5_Wheel__4.binvox,23,4,2.745178319,5586.158503,160
4919,Caster_5_Wheel__5.binvox,23,4,2.601769911,5454.91509,160
4920,Caster_5_Wheel__7.binvox,23,4,2.646602069,5227.581707,160
4921,Caster_5_Wheel__8.binvox,23,4,2.776912791,5662.21321,160
4922,Caster_6_Bolt__1.binvox,21,8,15.6635271,67833.77039,4
4923,Caster_6_Bolt__10.binvox,21,8,15.29285352,65424.18029,4
4924,Caster_6_Bolt__3.binvox,21,8,15.65046051,64666.47951,4
4925,Caster_6_Bolt__4.binvox,21,8,15.42019168,67697.85081,4
4926,Caster_6_Bolt__5.binvox,21,8,15.21517001,65071.80971,4
4927,Caster_6_Bolt__7.binvox,21,8,15.65333652,63900.76787,4
4928,Caster_6_Bolt__8.binvox,21,8,14.63075155,65176.29041,4
4929,Caster_6_Fork__1.binvox,24,4,2.055247727,8657.404919,50
4930,Caster_6_Fork__10.binvox,24,4,1.920611624,8255.433374,50
4931,Caster_6_Fork__3.binvox,24,4,2.060234365,8800.617722,50
4932,Caster_6_Fork__4.binvox,24,4,1.990109329,8831.460901,50
4933,Caster_6_Fork__5.binvox,24,4,2.003652683,8849.642331,50
4934,Caster_6_Fork__7.binvox,24,4,1.979300337,8899.620288,50
4935,Caster_6_Fork__8.binvox,24,4,1.900214041,8411.121877,50
4936,Caster_6_Nut__1.binvox,21,8,15.21163667,62009.59788,4
4937,Caster_6_Nut__10.binvox,21,8,14.7130842,64817.70672,4
4938,Caster_6_Nut__3.binvox,21,8,15.58314116,66613.51751,4
4939,Caster_6_Nut__4.binvox,21,8,15.4359799,67775.09905,4
4940,Caster_6_Nut__5.binvox,21,8,15.35975964,62149.1345,4
4941,Caster_6_Nut__7.binvox,21,8,15.53820095,64991.10411,4
4942,Caster_6_Nut__8.binvox,21,8,14.36190442,64061.31947,4
4943,Caster_6_TopPlate__1.binvox,23,4,7.315418354,30793.24285,50
4944,Caster_6_TopPlate__10.binvox,23,4,7.350088484,32809.02339,50
4945,Caster_6_TopPlate__3.binvox,23,4,7.221300979,31282.78963,50
4946,Caster_6_TopPlate__4.binvox,23,4,7.09145983,30083.12535,50
4947,Caster_6_TopPlate__5.binvox,23,4,7.279903955,33133.48594,50
4948,Caster_6_TopPlate__7.binvox,23,4,7.446388074,31177.75997,50
4949,Caster_6_TopPlate__8.binvox,23,4,7.382066403,30252.02907,50
4950,Caster_6_Wheel__1.binvox,23,4,2.606235059,5182.527598,160
4951,Caster_6_Wheel__10.binvox,23,4,2.714843233,5623.168385,160
4952,Caster_6_Wheel__3.binvox,23,4,2.638313092,5336.447343,160
4953,Caster_6_Wheel__4.binvox,23,4,2.677703844,5648.082983,160
4954,Caster_6_Wheel__5.binvox,23,4,2.760774466,5526.492423,160
4955,Caster_6_Wheel__7.binvox,23,4,2.707551234,5669.957633,160
4956,Caster_6_Wheel__8.binvox,23,4,2.738376923,5560.454328,160
4957,Caster_7_Bolt__1.binvox,21,8,14.75580989,66920.96646,4
4958,Caster_7_Bolt__10.binvox,21,8,14.54133944,66081.59381,4
4959,Caster_7_Bolt__3.binvox,21,8,14.91409053,66147.91462,4
4960,Caster_7_Bolt__4.binvox,21,8,15.18086301,61760.66643,4
4961,Caster_7_Bolt__5.binvox,21,8,15.21715168,67780.86786,4
4962,Caster_7_Bolt__7.binvox,21,8,14.45615882,64255.1465,4
4963,Caster_7_Bolt__8.binvox,21,8,14.83432687,63767.52348,4
4964,Caster_7_Fork__1.binvox,24,4,1.955375091,8423.477012,50
4965,Caster_7_Fork__10.binvox,24,4,2.032467358,8955.006214,50
4966,Caster_7_Fork__3.binvox,24,4,2.075985785,8569.268126,50
4967,Caster_7_Fork__4.binvox,24,4,2.063086731,8597.96466,50
4968,Caster_7_Fork__5.binvox,24,4,2.096104231,8217.256553,50
4969,Caster_7_Fork__7.binvox,24,4,1.911521665,8928.15175,50
4970,Caster_7_Fork__8.binvox,24,4,1.981115733,9017.563184,50
4971,Caster_7_Nut__1.binvox,21,8,15.25657286,67189.59852,4
4972,Caster_7_Nut__10.binvox,21,8,15.104653,64412.92984,4
4973,Caster_7_Nut__3.binvox,21,8,14.5839298,64894.6767,4
4974,Caster_7_Nut__4.binvox,21,8,15.66774783,67935.03585,4
4975,Caster_7_Nut__5.binvox,21,8,15.71040905,66676.17224,4
4976,Caster_7_Nut__7.binvox,21,8,14.56937387,61831.1423,4
4977,Caster_7_Nut__8.binvox,21,8,14.59854734,63870.65418,4
4978,Caster_7_TopPlate__1.binvox,23,4,7.180485786,32057.04536,50
4979,Caster_7_TopPlate__10.binvox,23,4,6.959246401,31783.22276,50
4980,Caster_7_TopPlate__3.binvox,23,4,7.51777275,32915.72643,50
4981,Caster_7_TopPlate__4.binvox,23,4,7.381219964,30519.00685,50
4982,Caster_7_TopPlate__5.binvox,23,4,7.28312499,30508.64285,50
4983,Caster_7_TopPlate__7.binvox,23,4,7.337930148,32570.35942,50
4984,Caster_7_TopPlate__8.binvox,23,4,7.546005407,32896.40839,50
4985,Caster_7_Wheel__1.binvox,23,4,2.759489311,5540.263378,160
4986,Caster_7_Wheel__10.binvox,23,4,2.550057821,5524.74438,160
4987,Caster_7_Wheel__3.binvox,23,4,2.581567157,5492.163243,160
4988,Caster_7_Wheel__4.binvox,23,4,2.549548399,5143.994512,160
4989,Caster_7_Wheel__5.binvox,23,4,2.553453024,5256.203511,160
4990,Caster_7_Wheel__7.binvox,23,4,2.594176161,5275.790495,160
4991,Caster_7_Wheel__8.binvox,23,4,2.79217228,5611.993806,160
4992,Caster_8_Bolt__1.binvox,21,8,14.46003146,63425.30148,4
4993,Caster_8_Bolt__10.binvox,21,8,15.13563745,67413.93138,4
4994,Caster_8_Bolt__3.binvox,21,8,14.5723345,65535.11727,4
4995,Caster_8_Bolt__4.binvox,21,8,15.68560251,64851.9855,4
4996,Caster_8_Bolt__5.binvox,21,8,14.96185416,64374.83583,4
4997,Caster_8_Bolt__7.binvox,21,8,14.57160095,67956.60791,4
4998,Caster_8_Bolt__8.binvox,21,8,15.12623647,64675.18187,4
4999,Caster_8_Fork__1.binvox,24,4,2.060032773,8551.35286,50
5000,Caster_8_Fork__10.binvox,24,4,1.966397754,8474.302286,50
5001,Caster_8_Fork__3.binvox,24,4,2.01643123,8766.613709,50
5002,Caster_8_Fork__4.binvox,24,4,2.026411183,8745.947048,50
5003,Caster_8_Fork__5.binvox,24,4,2.018226694,8641.019555,50
5004,Caster_8_Fork__7.binvox,24,4,1.970186052,8746.119663,50
5005,Caster_8_Fork__8.binvox,24,4,1.919493664,8381.51608,50
5006,Caster_8_Nut__1.binvox,21,8,15.17604877,62694.97686,4
5007,Caster_8_Nut__10.binvox,21,8,15.29397986,67882.87246,4
5008,Caster_8_Nut__3.binvox,21,8,15.00444192,66924.84471,4
5009,Caster_8_Nut__4.binvox,21,8,15.23117613,61865.6741,4
5010,Caster_8_Nut__5.binvox,21,8,15.41265986,64087.63513,4
5011,Caster_8_Nut__7.binvox,21,8,15.29559304,62673.28323,4
5012,Caster_8_Nut__8.binvox,21,8,14.5224512,63972.93222,4
5013,Caster_8_TopPlate__1.binvox,23,4,7.391174288,30336.96792,50
5014,Caster_8_TopPlate__10.binvox,23,4,7.498579484,31058.03221,50
5015,Caster_8_TopPlate__3.binvox,23,4,7.317631433,31837.69353,50
5016,Caster_8_TopPlate__4.binvox,23,4,7.67091055,31115.2621,50
5017,Caster_8_TopPlate__5.binvox,23,4,7.547804867,32752.3178,50
5018,Caster_8_TopPlate__7.binvox,23,4,7.205791985,31184.41956,50
5019,Caster_8_TopPlate__8.binvox,23,4,7.304887605,30863.0455,50
5020,Caster_8_Wheel__1.binvox,23,4,2.702144644,5483.619542,160
5021,Caster_8_Wheel__10.binvox,23,4,2.629491465,5343.07105,160
5022,Caster_8_Wheel__3.binvox,23,4,2.579149957,5143.931771,160
5023,Caster_8_Wheel__4.binvox,23,4,2.77628058,5453.420655,160
5024,Caster_8_Wheel__5.binvox,23,4,2.732089843,5274.462284,160
5025,Caster_8_Wheel__7.binvox,23,4,2.537510761,5658.246375,160
5026,Caster_8_Wheel__8.binvox,23,4,2.622852473,5319.463388,160
5027,Caster_9_Bolt__1.binvox,21,8,14.90665292,61664.10979,4
5028,Caster_9_Bolt__10.binvox,21,8,14.78197289,67509.28311,4
5029,Caster_9_Bolt__3.binvox,21,8,14.59967071,63681.36606,4
5030,Caster_9_Bolt__4.binvox,21,8,15.04344673,62605.82996,4
5031,Caster_9_Bolt__5.binvox,21,8,14.3786925,62596.32411,4
5032,Caster_9_Bolt__7.binvox,21,8,14.87877979,63435.63108,4
5033,Caster_9_Bolt__8.binvox,21,8,15.55964057,65336.51506,4
5034,Caster_9_Fork__1.binvox,24,4,1.934987632,8317.934209,50
5035,Caster_9_Fork__10.binvox,24,4,1.914591646,8649.933547,50
5036,Caster_9_Fork__3.binvox,24,4,1.965953956,8551.378239,50
5037,Caster_9_Fork__4.binvox,24,4,2.077515217,8859.246772,50
5038,Caster_9_Fork__5.binvox,24,4,2.000686605,8802.931987,50
5039,Caster_9_Fork__7.binvox,24,4,2.013445997,8854.080236,50
5040,Caster_9_Fork__8.binvox,24,4,1.969106803,8531.265888,50
5041,Caster_9_Nut__1.binvox,21,8,15.33538887,62774.72774,4
5042,Caster_9_Nut__10.binvox,21,8,14.30587368,65248.11912,4
5043,Caster_9_Nut__3.binvox,21,8,14.52596557,64414.18892,4
5044,Caster_9_Nut__4.binvox,21,8,14.38751559,63215.85315,4
5045,Caster_9_Nut__5.binvox,21,8,14.43718745,65575.65264,4
5046,Caster_9_Nut__7.binvox,21,8,14.80845027,66150.54748,4
5047,Caster_9_Nut__8.binvox,21,8,15.74642839,65355.8526,4
5048,Caster_9_TopPlate__1.binvox,23,4,6.964320461,31506.87486,50
5049,Caster_9_TopPlate__10.binvox,23,4,7.588281448,30233.13798,50
5050,Caster_9_TopPlate__3.binvox,23,4,7.216779148,30775.86649,50
5051,Caster_9_TopPlate__4.binvox,23,4,7.005820465,30567.62284,50
5052,Caster_9_TopPlate__5.binvox,23,4,7.247263075,32211.49689,50
5053,Caster_9_TopPlate__7.binvox,23,4,7.291325261,31607.43865,50
5054,Caster_9_TopPlate__8.binvox,23,4,7.095745845,32450.93821,50
5055,Caster_9_Wheel__1.binvox,23,4,2.693163676,5628.820063,160
5056,Caster_9_Wheel__10.binvox,23,4,2.76700101,5677.585316,160
5057,Caster_9_Wheel__3.binvox,23,4,2.68253944,5414.110553,160
5058,Caster_9_Wheel__4.binvox,23,4,2.78370655,5165.143009,160
5059,Caster_9_Wheel__5.binvox,23,4,2.759531579,5526.180523,160
5060,Caster_9_Wheel__7.binvox,23,4,2.604972052,5542.534864,160
5061,Caster_9_Wheel__8.binvox,23,4,2.60405332,5221.827047,160
5062,Clamp_10_Frame__1.binvox,23,4,7.61062567,26521.39546,80
5063,Clamp_10_Pad__1.binvox,21,4,3.695789018,12620.79556,100
5064,Clamp_10_PinScrew__1.binvox,21,4,15.18199963,66324.65739,4
5065,Clamp_11_Frame__1.binvox,23,4,7.274197217,26293.65722,80
5066,Clamp_11_Handle__1.binvox,21,4,3.786070516,13571.64089,80
5067,Clamp_11_Pad__1.binvox,21,4,3.784518139,12566.24058,100
5068,Clamp_11_PinScrew__1.binvox,21,4,14.64932031,64493.07224,4
5069,Clamp_12_Frame__1.binvox,23,4,7.428884689,26703.99003,80
5070,Clamp_12_Handle__1.binvox,21,4,3.499390828,14076.45613,80
5071,Clamp_12_Pad__1.binvox,21,4,3.590795415,12842.65878,100
5072,Clamp_12_PinScrew__1.binvox,21,4,14.77452942,67526.82868,4
5073,Clamp_13_Frame__1.binvox,23,4,7.182071084,28782.16272,80
5074,Clamp_13_Handle__1.binvox,21,4,3.593053837,14357.37409,80
5075,Clamp_13_Pad__1.binvox,21,4,3.736278941,12416.83404,100
5076,Clamp_13_PinScrew__1.binvox,21,4,14.5003187,67293.16656,4
5077,Clamp_15_Frame__1.binvox,23,4,7.359777808,27948.20984,80
5078,Clamp_15_Handle__1.binvox,21,4,3.758846101,14211.17021,80
5079,Clamp_15_Pad__1.binvox,21,4,3.697020868,11941.78708,100
5080,Clamp_15_PinScrew__1.binvox,21,4,14.51140629,67787.86545,4
5081,Clamp_16_Frame__1.binvox,23,4,7.675046659,28162.67366,80
5082,Clamp_16_Handle__1.binvox,21,4,3.60360152,14461.86974,80
5083,Clamp_16_Pad__1.binvox,21,4,3.521462351,12258.80262,100
5084,Clamp_16_PinScrew__1.binvox,21,4,15.11913615,62417.00945,4
5085,Clamp_17_Frame__1.binvox,23,4,7.436846401,27245.69861,80
5086,Clamp_17_Handle__1.binvox,21,4,3.643388854,13580.26173,80
5087,Clamp_17_Pad__1.binvox,21,4,3.762580198,12684.18849,100
5088,Clamp_17_PinScrew__1.binvox,21,4,14.390019,65178.36392,4
5089,Clamp_18_Frame__1.binvox,23,4,7.298006903,28445.12762,80
5090,Clamp_18_Handle__1.binvox,21,4,3.711488924,13570.15199,80
5091,Clamp_18_Pad__1.binvox,21,4,3.57013274,12826.80307,100
5092,Clamp_18_PinScrew__1.binvox,21,4,14.80026785,65706.81998,4
5093,Clamp_1_Frame__2.binvox,23,4,7.397915579,27206.37133,80
5094,Clamp_1_Frame__3.binvox,23,4,7.198553851,27554.78129,80
5095,Clamp_1_Frame__4.binvox,23,4,7.358308319,28947.48919,80
5096,Clamp_1_Frame__5.binvox,23,4,7.139744748,27147.45378,80
5097,Clamp_1_Frame__7.binvox,23,4,7.239177015,27896.66535,80
5098,Clamp_1_Frame__9.binvox,23,4,7.393230769,27072.81579,80
5099,Clamp_1_Handle__2.binvox,21,4,3.563022737,13755.96605,80
5100,Clamp_1_Handle__3.binvox,21,4,3.776827871,14042.07242,80
5101,Clamp_1_Handle__4.binvox,21,4,3.637267389,14178.71305,80
5102,Clamp_1_Handle__5.binvox,21,4,3.82698221,13345.42654,80
5103,Clamp_1_Handle__7.binvox,21,4,3.772644926,14511.33489,80
5104,Clamp_1_Handle__9.binvox,21,4,3.749434503,14064.35905,80
5105,Clamp_1_Pad__2.binvox,21,4,3.675091053,12964.23861,100
5106,Clamp_1_Pad__3.binvox,21,4,3.518937947,12663.91836,100
5107,Clamp_1_Pad__4.binvox,21,4,3.589141515,12700.96212,100
5108,Clamp_1_Pad__5.binvox,21,4,3.664014492,12462.15757,100
5109,Clamp_1_Pad__7.binvox,21,4,3.661744407,12004.78192,100
5110,Clamp_1_Pad__9.binvox,21,4,3.783486096,12847.24142,100
5111,Clamp_1_PinScrew__2.binvox,21,4,15.15728939,64026.7186,4
5112,Clamp_1_PinScrew__3.binvox,21,4,14.84350798,63208.76302,4
5113,Clamp_1_PinScrew__4.binvox,21,4,15.07496957,66589.74887,4
5114,Clamp_1_PinScrew__5.binvox,21,4,15.67066422,63387.63825,4
5115,Clamp_1_PinScrew__7.binvox,21,4,14.37976277,66915.01638,4
5116,Clamp_1_PinScrew__9.binvox,21,4,15.48054967,64423.59447,4
5117,Clamp_20_Frame__1.binvox,23,4,7.523879804,26566.81769,80
5118,Clamp_20_Handle__1.binvox,21,4,3.602891342,13558.59925,80
5119,Clamp_20_Pad__1.binvox,21,4,3.736253412,12945.22829,100
5120,Clamp_20_PinScrew__1.binvox,21,4,15.14670222,65154.98783,4
5121,Clamp_2_Frame__2.binvox,23,4,7.326358836,28353.9473,80
5122,Clamp_2_Frame__3.binvox,23,4,6.99901283,26892.2337,80
5123,Clamp_2_Frame__4.binvox,23,4,7.380825602,27721.91013,80
5124,Clamp_2_Frame__5.binvox,23,4,7.35998038,27580.82396,80
5125,Clamp_2_Frame__7.binvox,23,4,7.157762388,26889.73174,80
5126,Clamp_2_Frame__9.binvox,23,4,7.406252034,27894.11848,80
5127,Clamp_2_Handle__2.binvox,21,4,3.629651041,14385.394,80
5128,Clamp_2_Handle__3.binvox,21,4,3.537088942,13801.63659,80
5129,Clamp_2_Handle__4.binvox,21,4,3.759455096,13421.45611,80
5130,Clamp_2_Handle__5.binvox,21,4,3.59922754,13779.7272,80
5131,Clamp_2_Handle__7.binvox,21,4,3.681274225,13613.7087,80
5132,Clamp_2_Handle__9.binvox,21,4,3.826637835,13985.90579,80
5133,Clamp_2_Pad__2.binvox,21,4,3.537198915,12626.32051,100
5134,Clamp_2_Pad__3.binvox,21,4,3.755949052,12885.07367,100
5135,Clamp_2_Pad__4.binvox,21,4,3.504270996,12765.17754,100
5136,Clamp_2_Pad__5.binvox,21,4,3.534900792,12827.11335,100
5137,Clamp_2_Pad__7.binvox,21,4,3.689159792,12970.13957,100
5138,Clamp_2_Pad__9.binvox,21,4,3.761877289,12457.47494,100
5139,Clamp_2_PinScrew__2.binvox,21,4,14.38270764,65059.11173,4
5140,Clamp_2_PinScrew__3.binvox,21,4,14.93117967,66497.76881,4
5141,Clamp_2_PinScrew__4.binvox,21,4,15.54552717,64001.33059,4
5142,Clamp_2_PinScrew__5.binvox,21,4,14.27653443,62746.50186,4
5143,Clamp_2_PinScrew__7.binvox,21,4,15.27645159,66272.74404,4
5144,Clamp_2_PinScrew__9.binvox,21,4,15.10487793,65443.99073,4
5145,Clamp_3_Frame__2.binvox,23,4,7.194626167,28467.43495,80
5146,Clamp_3_Frame__3.binvox,23,4,7.141002125,27822.47323,80
5147,Clamp_3_Frame__4.binvox,23,4,7.185115807,26784.58116,80
5148,Clamp_3_Frame__5.binvox,23,4,7.517703479,28945.59038,80
5149,Clamp_3_Frame__7.binvox,23,4,7.62692157,26496.83188,80
5150,Clamp_3_Frame__9.binvox,23,4,7.68330953,28353.07922,80
5151,Clamp_3_Handle__2.binvox,21,4,3.539742308,13930.90108,80
5152,Clamp_3_Handle__3.binvox,21,4,3.734461391,13605.63609,80
5153,Clamp_3_Handle__4.binvox,21,4,3.483417133,13768.37969,80
5154,Clamp_3_Handle__5.binvox,21,4,3.732504449,13551.7604,80
5155,Clamp_3_Handle__7.binvox,21,4,3.528863878,13933.54089,80
5156,Clamp_3_Handle__9.binvox,21,4,3.503802953,13332.09006,80
5157,Clamp_3_Pad__2.binvox,21,4,3.661376988,13136.01906,100
5158,Clamp_3_Pad__3.binvox,21,4,3.645760742,12742.36537,100
5159,Clamp_3_Pad__4.binvox,21,4,3.773204275,12797.19497,100
5160,Clamp_3_Pad__5.binvox,21,4,3.779572487,12968.36505,100
5161,Clamp_3_Pad__7.binvox,21,4,3.583195671,12500.19432,100
5162,Clamp_3_Pad__9.binvox,21,4,3.621739644,12852.52879,100
5163,Clamp_3_PinScrew__2.binvox,21,4,15.71363452,64589.91131,4
5164,Clamp_3_PinScrew__3.binvox,21,4,15.595502,64885.1989,4
5165,Clamp_3_PinScrew__4.binvox,21,4,14.6559756,65277.99822,4
5166,Clamp_3_PinScrew__5.binvox,21,4,14.81394964,61691.18562,4
5167,Clamp_3_PinScrew__7.binvox,21,4,14.72300373,67498.85877,4
5168,Clamp_3_PinScrew__9.binvox,21,4,15.38602939,66304.69866,4
5169,Clamp_4_Frame__2.binvox,23,4,7.475203938,27759.49573,80
5170,Clamp_4_Frame__3.binvox,23,4,7.170969139,26804.03218,80
5171,Clamp_4_Frame__4.binvox,23,4,7.142200599,28225.49764,80
5172,Clamp_4_Frame__5.binvox,23,4,7.311062199,27971.55663,80
5173,Clamp_4_Frame__7.binvox,23,4,7.502501667,27532.53703,80
5174,Clamp_4_Frame__9.binvox,23,4,7.102954633,27906.13351,80
5175,Clamp_4_PinScrew__2.binvox,21,4,15.68056894,64268.48046,4
5176,Clamp_4_PinScrew__3.binvox,21,4,14.71619585,63501.35154,4
5177,Clamp_4_PinScrew__4.binvox,21,4,15.20223608,62600.53853,4
5178,Clamp_4_PinScrew__5.binvox,21,4,15.27979858,65128.99778,4
5179,Clamp_4_PinScrew__7.binvox,21,4,15.03700555,64522.28777,4
5180,Clamp_4_PinScrew__9.binvox,21,4,14.9761928,64480.23375,4
5181,Clamp_5_Frame__2.binvox,23,4,7.300611288,26777.93965,80
5182,Clamp_5_Frame__3.binvox,23,4,7.210064952,28172.02875,80
5183,Clamp_5_Frame__4.binvox,23,4,7.638402722,28473.77074,80
5184,Clamp_5_Frame__5.binvox,23,4,7.451503726,26682.1524,80
5185,Clamp_5_Frame__7.binvox,23,4,7.276216307,26307.134,80
5186,Clamp_5_Frame__9.binvox,23,4,7.237992175,27784.61375,80
5187,Clamp_5_Handle__2.binvox,21,4,3.540489848,14317.51174,80
5188,Clamp_5_Handle__3.binvox,21,4,3.573350842,13302.85399,80
5189,Clamp_5_Handle__4.binvox,21,4,3.601955534,13906.32917,80
5190,Clamp_5_Handle__5.binvox,21,4,3.634607076,14023.99857,80
5191,Clamp_5_Handle__7.binvox,21,4,3.714268752,14138.08409,80
5192,Clamp_5_Handle__9.binvox,21,4,3.677295522,14231.07357,80
5193,Clamp_5_Pad__2.binvox,21,4,3.824003466,11908.49312,100
5194,Clamp_5_Pad__3.binvox,21,4,3.491147317,11979.63217,100
5195,Clamp_5_Pad__4.binvox,21,4,3.545864224,13030.59448,100
5196,Clamp_5_Pad__5.binvox,21,4,3.710810003,12305.34463,100
5197,Clamp_5_Pad__7.binvox,21,4,3.786230064,12411.13264,100
5198,Clamp_5_Pad__9.binvox,21,4,3.758913592,12213.41671,100
5199,Clamp_5_PinScrew__2.binvox,21,4,15.55504065,66242.39293,4
5200,Clamp_5_PinScrew__3.binvox,21,4,14.27990875,63414.81083,4
5201,Clamp_5_PinScrew__4.binvox,21,4,15.40420426,67004.04268,4
5202,Clamp_5_PinScrew__5.binvox,21,4,14.72038367,67052.92457,4
5203,Clamp_5_PinScrew__7.binvox,21,4,15.57706147,64261.09202,4
5204,Clamp_5_PinScrew__9.binvox,21,4,15.09618293,63851.07714,4
5205,Clamp_6_Frame__1.binvox,23,4,7.356827675,28208.30482,80
5206,Clamp_6_Pad__1.binvox,21,4,3.606992473,13095.41468,100
5207,Clamp_6_PinScrew__1.binvox,21,4,15.38925076,63535.27211,4
5208,Clamp_7_Frame__1.binvox,23,4,6.97135719,26503.60057,80
5209,Clamp_7_PinScrew__1.binvox,21,4,14.26646926,66403.0001,4
5210,Clamp_8_Frame__1.binvox,23,4,7.316435051,27713.37741,80
5211,Clamp_8_Handle__1.binvox,21,4,3.798322684,14022.95463,80
5212,Clamp_8_Pad__1.binvox,21,4,3.647311091,12189.96734,100
5213,Clamp_8_PinScrew__1.binvox,21,4,15.1959401,62636.12325,4
5214,Hinge_10_LeafLeft__1.binvox,24,4,3.611066247,13926.17097,80
5215,Hinge_10_LeafLeft__10.binvox,24,4,3.48978067,13955.87257,80
5216,Hinge_10_LeafLeft__3.binvox,24,4,3.506221744,14117.87653,80
5217,Hinge_10_LeafLeft__4.binvox,24,4,3.655379175,13349.45356,80
5218,Hinge_10_LeafLeft__5.binvox,24,4,3.68646798,13493.01134,80
5219,Hinge_10_LeafLeft__7.binvox,24,4,3.628606066,14439.00625,80
5220,Hinge_10_LeafLeft__8.binvox,24,4,3.507178832,13196.29974,80
5221,Hinge_10_LeafRight__1.binvox,24,4,3.570136725,14213.74557,80
5222,Hinge_10_LeafRight__10.binvox,24,4,3.747678457,14082.51748,80
5223,Hinge_10_LeafRight__3.binvox,24,4,3.698154267,14240.81702,80
5224,Hinge_10_LeafRight__4.binvox,24,4,3.7832394,13724.23641,80
5225,Hinge_10_LeafRight__5.binvox,24,4,3.718390444,13856.18522,80
5226,Hinge_10_LeafRight__7.binvox,24,4,3.819874226,13312.42167,80
5227,Hinge_10_LeafRight__8.binvox,24,4,3.528071114,14280.71964,80
5228,Hinge_10_Pin__1.binvox,21,4,2.096110174,7496.192721,80
5229,Hinge_10_Pin__10.binvox,21,4,1.968382184,7531.179407,80
5230,Hinge_10_Pin__3.binvox,21,4,2.09685715,7831.358093,80
5231,Hinge_10_Pin__4.binvox,21,4,1.976569356,7254.068976,80
5232,Hinge_10_Pin__5.binvox,21,4,2.072396819,7571.305884,80
5233,Hinge_10_Pin__7.binvox,21,4,2.034623325,7608.433018,80
5234,Hinge_10_Pin__8.binvox,21,4,1.937476413,7634.889127,80
5235,Hinge_1_LeafLeft__1.binvox,24,4,3.518349469,14439.72712,80
5236,Hinge_1_LeafLeft__10.binvox,24,4,3.695053969,13444.29351,80
5237,Hinge_1_LeafLeft__3.binvox,24,4,3.500606657,14393.33152,80
5238,Hinge_1_LeafLeft__4.binvox,24,4,3.517066824,14016.44152,80
5239,Hinge_1_LeafLeft__5.binvox,24,4,3.655851891,13803.93387,80
5240,Hinge_1_LeafLeft__7.binvox,24,4,3.806915089,13273.79088,80
5241,Hinge_1_LeafLeft__8.binvox,24,4,3.663076039,13321.30115,80
5242,Hinge_1_LeafRight__1.binvox,24,4,3.716889789,13329.55798,80
5243,Hinge_1_LeafRight__10.binvox,24,4,3.521665451,13401.51736,80
5244,Hinge_1_LeafRight__3.binvox,24,4,3.79868403,13618.32217,80
5245,Hinge_1_LeafRight__4.binvox,24,4,3.638751789,13301.95257,80
5246,Hinge_1_LeafRight__5.binvox,24,4,3.820973941,13816.7708,80
5247,Hinge_1_LeafRight__7.binvox,24,4,3.760901843,14123.52961,80
5248,Hinge_1_LeafRight__8.binvox,24,4,3.803281503,14471.9922,80
5249,Hinge_1_Pin__1.binvox,21,4,2.01721266,7661.895414,80
5250,Hinge_1_Pin__10.binvox,21,4,2.07329073,7365.785847,80
5251,Hinge_1_Pin__3.binvox,21,4,1.930304875,7831.101218,80
5252,Hinge_1_Pin__4.binvox,21,4,2.081164584,7801.431737,80
5253,Hinge_1_Pin__5.binvox,21,4,2.035531792,7832.469711,80
5254,Hinge_1_Pin__7.binvox,21,4,2.096371081,7400.207785,80
5255,Hinge_1_Pin__8.binvox,21,4,2.067187979,7362.155937,80
5256,Hinge_2_LeafLeft__1.binvox,24,4,3.722203877,13982.72552,80
5257,Hinge_2_LeafLeft__10.binvox,24,4,3.547489042,13709.01045,80
5258,Hinge_2_LeafLeft__3.binvox,24,4,3.490073333,14474.7919,80
5259,Hinge_2_LeafLeft__4.binvox,24,4,3.776416072,14455.97793,80
5260,Hinge_2_LeafLeft__5.binvox,24,4,3.6447683,13463.44996,80
5261,Hinge_2_LeafLeft__7.binvox,24,4,3.479301767,14354.14266,80
5262,Hinge_2_LeafLeft__8.binvox,24,4,3.83292283,14064.79574,80
5263,Hinge_2_LeafRight__1.binvox,24,4,3.697816241,14310.84924,80
5264,Hinge_2_LeafRight__10.binvox,24,4,3.709169235,13820.8258,80
5265,Hinge_2_LeafRight__3.binvox,24,4,3.662922383,13807.11442,80
5266,Hinge_2_LeafRight__4.binvox,24,4,3.564173156,14104.53898,80
5267,Hinge_2_LeafRight__5.binvox,24,4,3.531492835,13979.44794,80
5268,Hinge_2_LeafRight__7.binvox,24,4,3.509578552,14397.04085,80
5269,Hinge_2_LeafRight__8.binvox,24,4,3.645809972,14157.38323,80
5270,Hinge_2_Pin__1.binvox,21,4,2.027605757,7809.713278,80
5271,Hinge_2_Pin__10.binvox,21,4,2.046855145,7718.760298,80
5272,Hinge_2_Pin__3.binvox,21,4,1.942737627,7905.361931,80
5273,Hinge_2_Pin__4.binvox,21,4,2.000138105,7247.457551,80
5274,Hinge_2_Pin__5.binvox,21,4,1.946018296,7308.640144,80
5275,Hinge_2_Pin__7.binvox,21,4,2.061699509,7527.704386,80
5276,Hinge_2_Pin__8.binvox,21,4,2.074147347,7824.992496,80
5277,Hinge_3_LeafLeft__1.binvox,24,4,3.823256571,14325.05324,80
5278,Hinge_3_LeafLeft__10.binvox,24,4,3.52290333,14114.5026,80
5279,Hinge_3_LeafLeft__3.binvox,24,4,3.795081153,14184.98761,80
5280,Hinge_3_LeafLeft__4.binvox,24,4,3.627447244,13154.91296,80
5281,Hinge_3_LeafLeft__5.binvox,24,4,3.718590348,14102.26109,80
5282,Hinge_3_LeafLeft__7.binvox,24,4,3.596748031,14147.41392,80
5283,Hinge_3_LeafLeft__8.binvox,24,4,3.663357312,14360.31612,80
5284,Hinge_3_LeafRight__1.binvox,24,4,3.812200837,13512.12908,80
5285,Hinge_3_LeafRight__10.binvox,24,4,3.701559685,13743.40809,80
5286,Hinge_3_LeafRight__3.binvox,24,4,3.478306976,13956.73598,80
5287,Hinge_3_LeafRight__4.binvox,24,4,3.823228638,13621.91055,80
5288,Hinge_3_LeafRight__5.binvox,24,4,3.638565136,13644.3493,80
5289,Hinge_3_LeafRight__7.binvox,24,4,3.583941787,13810.57208,80
5290,Hinge_3_LeafRight__8.binvox,24,4,3.571723509,13285.80519,80
5291,Hinge_3_Pin__1.binvox,21,4,1.910972875,7505.016562,80
5292,Hinge_3_Pin__10.binvox,21,4,1.938095172,7910.228613,80
5293,Hinge_3_Pin__3.binvox,21,4,2.095523018,7706.837004,80
5294,Hinge_3_Pin__4.binvox,21,4,1.988439576,7198.796451,80
5295,Hinge_3_Pin__5.binvox,21,4,1.988759951,7495.040534,80
5296,Hinge_3_Pin__7.binvox,21,4,1.92453437,7289.825129,80
5297,Hinge_3_Pin__8.binvox,21,4,1.938091875,7897.086024,80
5298,Hinge_4_LeafLeft__1.binvox,24,4,3.645021706,14477.20489,80
5299,Hinge_4_LeafLeft__10.binvox,24,4,3.772228732,14523.41111,80
5300,Hinge_4_LeafLeft__3.binvox,24,4,3.802609881,13367.09634,80
5301,Hinge_4_LeafLeft__4.binvox,24,4,3.810494544,13739.76983,80
5302,Hinge_4_LeafLeft__5.binvox,24,4,3.619238145,14499.78347,80
5303,Hinge_4_LeafLeft__7.binvox,24,4,3.503160015,14002.86649,80
5304,Hinge_4_LeafLeft__8.binvox,24,4,3.582956849,14451.27059,80
5305,Hinge_4_LeafRight__1.binvox,24,4,3.519049263,14153.23853,80
5306,Hinge_4_LeafRight__10.binvox,24,4,3.50296514,13401.35496,80
5307,Hinge_4_LeafRight__3.binvox,24,4,3.717904481,13959.72539,80
5308,Hinge_4_LeafRight__4.binvox,24,4,3.644468759,13147.1948,80
5309,Hinge_4_LeafRight__5.binvox,24,4,3.838231584,14310.35466,80
5310,Hinge_4_LeafRight__7.binvox,24,4,3.707981369,13571.27893,80
5311,Hinge_4_LeafRight__8.binvox,24,4,3.598937454,13253.65667,80
5312,Hinge_4_Pin__1.binvox,21,4,1.946371674,7764.435311,80
5313,Hinge_4_Pin__10.binvox,21,4,1.992057025,7872.106141,80
5314,Hinge_4_Pin__3.binvox,21,4,2.004274699,7671.836094,80
5315,Hinge_4_Pin__4.binvox,21,4,2.013916503,7896.5796,80
5316,Hinge_4_Pin__5.binvox,21,4,1.908367974,7796.015477,80
5317,Hinge_4_Pin__7.binvox,21,4,2.072875469,7469.906985,80
5318,Hinge_4_Pin__8.binvox,21,4,2.0315008,7616.999789,80
5319,Hinge_5_LeafLeft__1.binvox,24,4,3.78476222,14104.59562,80
5320,Hinge_5_LeafLeft__10.binvox,24,4,3.648092811,13532.03822,80
5321,Hinge_5_LeafLeft__3.binvox,24,4,3.688572432,14241.75978,80
5322,Hinge_5_LeafLeft__4.binvox,24,4,3.539937279,13348.86591,80
5323,Hinge_5_LeafLeft__5.binvox,24,4,3.792168207,14383.49899,80
5324,Hinge_5_LeafLeft__7.binvox,24,4,3.758421003,14021.36345,80
5325,Hinge_5_LeafLeft__8.binvox,24,4,3.548442928,13875.06674,80
5326,Hinge_5_LeafRight__1.binvox,24,4,3.537014967,13574.30962,80
5327,Hinge_5_LeafRight__10.binvox,24,4,3.550747363,13638.5412,80
5328,Hinge_5_LeafRight__3.binvox,24,4,3.706071469,13218.77135,80
5329,Hinge_5_LeafRight__4.binvox,24,4,3.603344702,14023.74675,80
5330,Hinge_5_LeafRight__5.binvox,24,4,3.605755824,13435.64786,80
5331,Hinge_5_LeafRight__7.binvox,24,4,3.712143096,13482.57394,80
5332,Hinge_5_LeafRight__8.binvox,24,4,3.564461142,14113.56478,80
5333,Hinge_5_Pin__1.binvox,21,4,2.011263508,7332.839679,80
5334,Hinge_5_Pin__10.binvox,21,4,1.9172251,7416.688254,80
5335,Hinge_5_Pin__3.binvox,21,4,2.00799432,7887.301324,80
5336,Hinge_5_Pin__4.binvox,21,4,1.978249712,7346.62937,80
5337,Hinge_5_Pin__5.binvox,21,4,2.092759274,7585.273167,80
5338,Hinge_5_Pin__7.binvox,21,4,2.06820095,7615.943678,80
5339,Hinge_5_Pin__8.binvox,21,4,1.963776647,7191.771015,80
5340,Hinge_6_LeafLeft__1.binvox,24,4,3.538812946,14373.60821,80
5341,Hinge_6_LeafLeft__10.binvox,24,4,3.717368567,13745.49401,80
5342,Hinge_6_LeafLeft__3.binvox,24,4,3.795021775,13173.96505,80
5343,Hinge_6_LeafLeft__4.binvox,24,4,3.535983001,13185.14786,80
5344,Hinge_6_LeafLeft__5.binvox,24,4,3.764942051,13394.90352,80
5345,Hinge_6_LeafLeft__7.binvox,24,4,3.668115777,13616.41201,80
5346,Hinge_6_LeafLeft__8.binvox,24,4,3.633283016,13586.65195,80
5347,Hinge_6_LeafRight__1.binvox,24,4,3.682385193,13702.33684,80
5348,Hinge_6_LeafRight__10.binvox,24,4,3.493605968,13183.4607,80
5349,Hinge_6_LeafRight__3.binvox,24,4,3.597507373,13148.79343,80
5350,Hinge_6_LeafRight__4.binvox,24,4,3.768917678,13247.22689,80
5351,Hinge_6_LeafRight__5.binvox,24,4,3.600074326,13456.038,80
5352,Hinge_6_LeafRight__7.binvox,24,4,3.703767374,14307.10149,80
5353,Hinge_6_LeafRight__8.binvox,24,4,3.700892947,13892.25859,80
5354,Hinge_6_Pin__1.binvox,21,4,2.022785198,7631.098029,80
5355,Hinge_6_Pin__10.binvox,21,4,1.949980555,7686.177307,80
5356,Hinge_6_Pin__3.binvox,21,4,2.078120201,7453.38559,80
5357,Hinge_6_Pin__4.binvox,21,4,2.009730666,7371.954215,80
5358,Hinge_6_Pin__5.binvox,21,4,2.009321033,7586.230078,80
5359,Hinge_6_Pin__7.binvox,21,4,1.945441351,7684.633419,80
5360,Hinge_6_Pin__8.binvox,21,4,2.044246759,7576.951602,80
5361,Hinge_7_LeafLeft__1.binvox,24,4,3.521901259,13267.1731,80
5362,Hinge_7_LeafLeft__10.binvox,24,4,3.833675785,13870.22945,80
5363,Hinge_7_LeafLeft__3.binvox,24,4,3.763392776,13314.98146,80
5364,Hinge_7_LeafLeft__4.binvox,24,4,3.739228574,13157.27231,80
5365,Hinge_7_LeafLeft__5.binvox,24,4,3.741827193,13619.51983,80
5366,Hinge_7_LeafLeft__7.binvox,24,4,3.797876803,14297.12962,80
5367,Hinge_7_LeafLeft__8.binvox,24,4,3.583671381,13232.25076,80
5368,Hinge_7_LeafRight__1.binvox,24,4,3.524160163,14077.86456,80
5369,Hinge_7_LeafRight__10.binvox,24,4,3.612636704,13529.55466,80
5370,Hinge_7_LeafRight__3.binvox,24,4,3.547934944,14226.19835,80
5371,Hinge_7_LeafRight__4.binvox,24,4,3.633762268,13666.845,80
5372,Hinge_7_LeafRight__5.binvox,24,4,3.748011866,14009.14008,80
5373,Hinge_7_LeafRight__7.binvox,24,4,3.823582832,14116.65649,80
5374,Hinge_7_LeafRight__8.binvox,24,4,3.769087339,14306.84847,80
5375,Hinge_7_Pin__1.binvox,21,4,2.054002686,7253.212895,80
5376,Hinge_7_Pin__10.binvox,21,4,1.939165391,7328.774706,80
5377,Hinge_7_Pin__3.binvox,21,4,2.0689587,7702.648115,80
5378,Hinge_7_Pin__4.binvox,21,4,2.003623809,7521.29555,80
5379,Hinge_7_Pin__5.binvox,21,4,1.916587574,7431.04746,80
5380,Hinge_7_Pin__7.binvox,21,4,2.009298626,7264.453697,80
5381,Hinge_7_Pin__8.binvox,21,4,2.049968454,7884.778641,80
5382,Hinge_8_LeafLeft__1.binvox,24,4,3.772576556,13507.76006,80
5383,Hinge_8_LeafLeft__10.binvox,24,4,3.549910286,14441.67984,80
5384,Hinge_8_LeafLeft__3.binvox,24,4,3.788929306,13809.14853,80
5385,Hinge_8_LeafLeft__4.binvox,24,4,3.623366297,14041.40928,80
5386,Hinge_8_LeafLeft__5.binvox,24,4,3.662010159,14348.72936,80
5387,Hinge_8_LeafLeft__7.binvox,24,4,3.7939002,14054.52899,80
5388,Hinge_8_LeafLeft__8.binvox,24,4,3.784059638,13166.6934,80
5389,Hinge_8_LeafRight__1.binvox,24,4,3.747960703,13994.29192,80
5390,Hinge_8_LeafRight__10.binvox,24,4,3.675936087,13382.72421,80
5391,Hinge_8_LeafRight__3.binvox,24,4,3.836612777,14169.79132,80
5392,Hinge_8_LeafRight__4.binvox,24,4,3.522848044,13434.44005,80
5393,Hinge_8_LeafRight__5.binvox,24,4,3.582876652,14135.112,80
5394,Hinge_8_LeafRight__7.binvox,24,4,3.777138866,13572.61192,80
5395,Hinge_8_LeafRight__8.binvox,24,4,3.75449041,13669.37961,80
5396,Hinge_8_Pin__1.binvox,21,4,1.900491464,7829.387874,80
5397,Hinge_8_Pin__10.binvox,21,4,2.025962948,7575.82362,80
5398,Hinge_8_Pin__3.binvox,21,4,2.024837601,7440.936952,80
5399,Hinge_8_Pin__4.binvox,21,4,1.983374563,7565.58682,80
5400,Hinge_8_Pin__5.binvox,21,4,2.01266546,7732.328292,80
5401,Hinge_8_Pin__7.binvox,21,4,2.023279913,7635.096712,80
5402,Hinge_8_Pin__8.binvox,21,4,1.977122655,7269.028022,80
5403,Hinge_9_LeafLeft__1.binvox,24,4,3.544233487,13380.00153,80
5404,Hinge_9_LeafLeft__10.binvox,24,4,3.595699138,13793.29149,80
5405,Hinge_9_LeafLeft__3.binvox,24,4,3.513415487,13739.54876,80
5406,Hinge_9_LeafLeft__4.binvox,24,4,3.489987472,13627.28309,80
5407,Hinge_9_LeafLeft__5.binvox,24,4,3.531685138,14340.38748,80
5408,Hinge_9_LeafLeft__7.binvox,24,4,3.628598237,13305.97149,80
5409,Hinge_9_LeafLeft__8.binvox,24,4,3.68952917,13864.82979,80
5410,Hinge_9_LeafRight__1.binvox,24,4,3.548548785,13404.12448,80
5411,Hinge_9_LeafRight__10.binvox,24,4,3.702750771,13192.13324,80
5412,Hinge_9_LeafRight__3.binvox,24,4,3.76631443,13606.00784,80
5413,Hinge_9_LeafRight__4.binvox,24,4,3.692446027,13977.92301,80
5414,Hinge_9_LeafRight__5.binvox,24,4,3.620658429,13896.57055,80
5415,Hinge_9_LeafRight__7.binvox,24,4,3.731374579,13878.88157,80
5416,Hinge_9_LeafRight__8.binvox,24,4,3.575351652,13510.10175,80
5417,Hinge_9_Pin__1.binvox,21,4,1.997677314,7555.743006,80
5418,Hinge_9_Pin__10.binvox,21,4,1.94652482,7613.493201,80
5419,Hinge_9_Pin__3.binvox,21,4,1.946826081,7415.493765,80
5420,Hinge_9_Pin__4.binvox,21,4,1.984712836,7925.265979,80
5421,Hinge_9_Pin__5.binvox,21,4,2.071455636,7674.67187,80
5422,Hinge_9_Pin__7.binvox,21,4,1.989825,7717.921509,80
5423,Hinge_9_Pin__8.binvox,21,4,2.007480098,7226.301008,80
5424,Latch_10_BottomPlate__1.binvox,24,4,3.570609333,13424.21766,80
5425,Latch_10_BottomPlate__10.binvox,24,4,3.836541406,14229.14602,80
5426,Latch_10_BottomPlate__3.binvox,24,4,3.795231878,14295.68638,80
5427,Latch_10_BottomPlate__4.binvox,24,4,3.605493026,13729.79212,80
5428,Latch_10_BottomPlate__5.binvox,24,4,3.718807375,13434.91206,80
5429,Latch_10_BottomPlate__7.binvox,24,4,3.742943418,13286.99619,80
5430,Latch_10_BottomPlate__8.binvox,24,4,3.60250798,13705.11615,80
5431,Latch_10_BuckledRing__1.binvox,24,4,2.087455068,7660.697705,80
5432,Latch_10_BuckledRing__10.binvox,24,4,2.075606094,7562.131426,80
5433,Latch_10_BuckledRing__3.binvox,24,4,1.922766053,7539.234457,80
5434,Latch_10_BuckledRing__4.binvox,24,4,1.987224893,7908.871227,80
5435,Latch_10_BuckledRing__5.binvox,24,4,1.953019507,7858.387191,80
5436,Latch_10_BuckledRing__7.binvox,24,4,2.055273911,7663.136313,80
5437,Latch_10_BuckledRing__8.binvox,24,4,1.933452833,7864.296369,80
5438,Latch_10_ControlPanel__1.binvox,24,4,3.563008015,13160.43511,80
5439,Latch_10_ControlPanel__10.binvox,24,4,3.81440613,13826.12633,80
5440,Latch_10_ControlPanel__3.binvox,24,4,3.826236196,14106.56594,80
5441,Latch_10_ControlPanel__4.binvox,24,4,3.540490653,13556.39163,80
5442,Latch_10_ControlPanel__5.binvox,24,4,3.830861585,14003.18862,80
5443,Latch_10_ControlPanel__7.binvox,24,4,3.713735368,13592.57354,80
5444,Latch_10_ControlPanel__8.binvox,24,4,3.712992081,13219.60975,80
5445,Latch_10_Rivet__1.binvox,21,4,3.114248771,10900.22043,80
5446,Latch_10_Rivet__10.binvox,21,4,3.088365698,11671.66619,80
5447,Latch_10_Rivet__3.binvox,21,4,2.903727629,11893.0653,80
5448,Latch_10_Rivet__4.binvox,21,4,2.859284204,11140.4677,80
5449,Latch_10_Rivet__5.binvox,21,4,2.966288528,11889.93811,80
5450,Latch_10_Rivet__7.binvox,21,4,3.143677961,11888.82878,80
5451,Latch_10_Rivet__8.binvox,21,4,3.119599556,11875.192,80
5452,Latch_10_StrikePlate__1.binvox,24,4,3.800778191,14000.95524,80
5453,Latch_10_StrikePlate__10.binvox,24,4,3.572718267,14056.18844,80
5454,Latch_10_StrikePlate__3.binvox,24,4,3.746597436,13213.43996,80
5455,Latch_10_StrikePlate__4.binvox,24,4,3.607001346,13784.47843,80
5456,Latch_10_StrikePlate__5.binvox,24,4,3.671179861,14250.5102,80
5457,Latch_10_StrikePlate__7.binvox,24,4,3.66499247,14512.08277,80
5458,Latch_10_StrikePlate__8.binvox,24,4,3.773869083,14374.82946,80
5459,Latch_1_BottomPlate__1.binvox,24,4,3.584767083,13484.85464,80
5460,Latch_1_BottomPlate__10.binvox,24,4,3.555819281,14238.3767,80
5461,Latch_1_BottomPlate__3.binvox,24,4,3.564606862,14051.12587,80
5462,Latch_1_BottomPlate__4.binvox,24,4,3.807278961,13175.06039,80
5463,Latch_1_BottomPlate__5.binvox,24,4,3.617364743,13671.30258,80
5464,Latch_1_BottomPlate__7.binvox,24,4,3.479112896,14341.04323,80
5465,Latch_1_BottomPlate__8.binvox,24,4,3.777130926,13234.45473,80
5466,Latch_1_BuckledRing__1.binvox,24,4,2.042269035,7381.14367,80
5467,Latch_1_BuckledRing__10.binvox,24,4,1.90593443,7348.229,80
5468,Latch_1_BuckledRing__3.binvox,24,4,2.040434995,7857.796134,80
5469,Latch_1_BuckledRing__4.binvox,24,4,1.974332005,7612.546474,80
5470,Latch_1_BuckledRing__5.binvox,24,4,1.973008841,7305.242405,80
5471,Latch_1_BuckledRing__7.binvox,24,4,1.927467612,7336.229006,80
5472,Latch_1_BuckledRing__8.binvox,24,4,2.02842484,7525.323871,80
5473,Latch_1_ControlPanel__1.binvox,24,4,3.689664215,14432.55405,80
5474,Latch_1_ControlPanel__10.binvox,24,4,3.486693972,13593.85416,80
5475,Latch_1_ControlPanel__3.binvox,24,4,3.636660584,13269.19819,80
5476,Latch_1_ControlPanel__4.binvox,24,4,3.479949751,14489.3176,80
5477,Latch_1_ControlPanel__5.binvox,24,4,3.69441797,13206.61687,80
5478,Latch_1_ControlPanel__7.binvox,24,4,3.557908425,13739.91224,80
5479,Latch_1_ControlPanel__8.binvox,24,4,3.485141011,14462.71456,80
5480,Latch_1_Rivet__1.binvox,21,4,3.018623807,10792.63875,80
5481,Latch_1_Rivet__10.binvox,21,4,2.962020795,11371.66388,80
5482,Latch_1_Rivet__3.binvox,21,4,3.002685582,11347.79097,80
5483,Latch_1_Rivet__4.binvox,21,4,3.139021665,11156.91988,80
5484,Latch_1_Rivet__5.binvox,21,4,3.136584884,11637.54567,80
5485,Latch_1_Rivet__7.binvox,21,4,3.149810896,11209.82265,80
5486,Latch_1_Rivet__8.binvox,21,4,2.999130588,11497.37784,80
5487,Latch_1_StrikePlate__1.binvox,24,4,3.815722896,14146.99647,80
5488,Latch_1_StrikePlate__10.binvox,24,4,3.50843234,14368.71415,80
5489,Latch_1_StrikePlate__3.binvox,24,4,3.50651626,13373.80285,80
5490,Latch_1_StrikePlate__4.binvox,24,4,3.681339214,14118.72366,80
5491,Latch_1_StrikePlate__5.binvox,24,4,3.62420011,14257.01566,80
5492,Latch_1_StrikePlate__7.binvox,24,4,3.480580156,14183.46144,80
5493,Latch_1_StrikePlate__8.binvox,24,4,3.541162899,13548.84293,80
5494,Latch_2_BottomPlate__1.binvox,24,4,3.683047253,13242.05886,80
5495,Latch_2_BottomPlate__10.binvox,24,4,3.481037702,13482.96607,80
5496,Latch_2_BottomPlate__3.binvox,24,4,3.805773416,13938.94591,80
5497,Latch_2_BottomPlate__4.binvox,24,4,3.510618794,13538.15381,80
5498,Latch_2_BottomPlate__5.binvox,24,4,3.817101496,13160.5218,80
5499,Latch_2_BottomPlate__7.binvox,24,4,3.594957228,13150.95453,80
5500,Latch_2_BottomPlate__8.binvox,24,4,3.696450498,13487.09908,80
5501,Latch_2_BuckledRing__1.binvox,24,4,1.995370155,7361.686672,80
5502,Latch_2_BuckledRing__10.binvox,24,4,1.958717021,7335.947544,80
5503,Latch_2_BuckledRing__3.binvox,24,4,1.964054084,7716.036228,80
5504,Latch_2_BuckledRing__4.binvox,24,4,2.061184635,7259.274325,80
5505,Latch_2_BuckledRing__5.binvox,24,4,1.957657021,7863.337873,80
5506,Latch_2_BuckledRing__7.binvox,24,4,1.949159711,7865.808587,80
5507,Latch_2_BuckledRing__8.binvox,24,4,2.07866527,7639.74901,80
5508,Latch_2_ControlPanel__1.binvox,24,4,3.71281417,13363.84205,80
5509,Latch_2_ControlPanel__10.binvox,24,4,3.5130365,14080.14617,80
5510,Latch_2_ControlPanel__3.binvox,24,4,3.779465477,13775.6055,80
5511,Latch_2_ControlPanel__4.binvox,24,4,3.506751452,14342.1526,80
5512,Latch_2_ControlPanel__5.binvox,24,4,3.53365037,13669.74539,80
5513,Latch_2_ControlPanel__7.binvox,24,4,3.574299224,14300.19866,80
5514,Latch_2_ControlPanel__8.binvox,24,4,3.647681255,14037.66204,80
5515,Latch_2_Rivet__1.binvox,21,4,2.923480277,11346.64485,80
5516,Latch_2_Rivet__10.binvox,21,4,2.893082997,11206.79022,80
5517,Latch_2_Rivet__3.binvox,21,4,3.106052645,11827.81664,80
5518,Latch_2_Rivet__4.binvox,21,4,2.955210261,11835.23158,80
5519,Latch_2_Rivet__5.binvox,21,4,2.88393519,11044.57122,80
5520,Latch_2_Rivet__7.binvox,21,4,2.954504258,10869.5083,80
5521,Latch_2_Rivet__8.binvox,21,4,2.857051645,11862.81959,80
5522,Latch_2_StrikePlate__1.binvox,24,4,3.648915288,13388.05788,80
5523,Latch_2_StrikePlate__10.binvox,24,4,3.835508524,13758.53181,80
5524,Latch_2_StrikePlate__3.binvox,24,4,3.78863898,13475.10011,80
5525,Latch_2_StrikePlate__4.binvox,24,4,3.502317801,13863.63288,80
5526,Latch_2_StrikePlate__5.binvox,24,4,3.693243382,14370.1731,80
5527,Latch_2_StrikePlate__7.binvox,24,4,3.835657514,14120.81758,80
5528,Latch_2_StrikePlate__8.binvox,24,4,3.566050825,14402.86069,80
5529,Latch_3_BottomPlate__1.binvox,24,4,3.595228293,13996.2387,80
5530,Latch_3_BottomPlate__10.binvox,24,4,3.709046284,13154.85004,80
5531,Latch_3_BottomPlate__3.binvox,24,4,3.691858708,14341.20189,80
5532,Latch_3_BottomPlate__4.binvox,24,4,3.767638357,14325.82047,80
5533,Latch_3_BottomPlate__5.binvox,24,4,3.496652217,13697.3369,80
5534,Latch_3_BottomPlate__7.binvox,24,4,3.778752259,14292.53203,80
5535,Latch_3_BottomPlate__8.binvox,24,4,3.764811231,13752.92816,80
5536,Latch_3_BuckledRing__1.binvox,24,4,1.988347771,7437.519286,80
5537,Latch_3_BuckledRing__10.binvox,24,4,1.935896797,7932.098195,80
5538,Latch_3_BuckledRing__3.binvox,24,4,2.089409993,7269.632643,80
5539,Latch_3_BuckledRing__4.binvox,24,4,1.996278377,7682.725959,80
5540,Latch_3_BuckledRing__5.binvox,24,4,1.968045714,7509.757418,80
5541,Latch_3_BuckledRing__7.binvox,24,4,2.020842529,7739.010722,80
5542,Latch_3_BuckledRing__8.binvox,24,4,1.974923332,7249.383056,80
5543,Latch_3_ControlPanel__1.binvox,24,4,3.600537195,14514.23311,80
5544,Latch_3_ControlPanel__10.binvox,24,4,3.677628567,13446.33541,80
5545,Latch_3_ControlPanel__3.binvox,24,4,3.754509935,13433.40724,80
5546,Latch_3_ControlPanel__4.binvox,24,4,3.641785528,14192.38342,80
5547,Latch_3_ControlPanel__5.binvox,24,4,3.496989057,14064.01038,80
5548,Latch_3_ControlPanel__7.binvox,24,4,3.689686987,13610.9558,80
5549,Latch_3_ControlPanel__8.binvox,24,4,3.611679256,13551.14259,80
5550,Latch_3_Rivet__1.binvox,21,4,2.9238516,11236.09868,80
5551,Latch_3_Rivet__10.binvox,21,4,2.868878197,11360.70749,80
5552,Latch_3_Rivet__3.binvox,21,4,2.885323575,11822.49132,80
5553,Latch_3_Rivet__4.binvox,21,4,3.060470471,11478.88428,80
5554,Latch_3_Rivet__5.binvox,21,4,2.970492208,11647.26371,80
5555,Latch_3_Rivet__7.binvox,21,4,2.97083851,10884.1716,80
5556,Latch_3_Rivet__8.binvox,21,4,2.902457281,10816.45136,80
5557,Latch_3_StrikePlate__1.binvox,24,4,3.582194148,14294.09623,80
5558,Latch_3_StrikePlate__10.binvox,24,4,3.520896284,13508.87565,80
5559,Latch_3_StrikePlate__3.binvox,24,4,3.600527161,13304.32311,80
5560,Latch_3_StrikePlate__4.binvox,24,4,3.542965338,13362.65847,80
5561,Latch_3_StrikePlate__5.binvox,24,4,3.793449288,14417.41664,80
5562,Latch_3_StrikePlate__7.binvox,24,4,3.800845852,13711.0425,80
5563,Latch_3_StrikePlate__8.binvox,24,4,3.671803505,13793.92101,80
5564,Latch_4_BottomPlate__1.binvox,24,4,3.604781665,13791.75694,80
5565,Latch_4_BottomPlate__10.binvox,24,4,3.767058296,14082.97655,80
5566,Latch_4_BottomPlate__3.binvox,24,4,3.836961295,13959.94982,80
5567,Latch_4_BottomPlate__4.binvox,24,4,3.630782894,14306.32522,80
5568,Latch_4_BottomPlate__5.binvox,24,4,3.513766771,14101.62879,80
5569,Latch_4_BottomPlate__7.binvox,24,4,3.656146195,13659.43328,80
5570,Latch_4_BottomPlate__8.binvox,24,4,3.821933602,13784.48771,80
5571,Latch_4_BuckledRing__1.binvox,24,4,2.043839949,7631.833457,80
5572,Latch_4_BuckledRing__10.binvox,24,4,2.02323793,7637.032673,80
5573,Latch_4_BuckledRing__3.binvox,24,4,2.036256854,7874.819618,80
5574,Latch_4_BuckledRing__4.binvox,24,4,1.964512055,7523.212521,80
5575,Latch_4_BuckledRing__5.binvox,24,4,2.086708696,7253.737673,80
5576,Latch_4_BuckledRing__7.binvox,24,4,2.064041501,7835.449916,80
5577,Latch_4_BuckledRing__8.binvox,24,4,1.985073416,7691.626368,80
5578,Latch_4_ControlPanel__1.binvox,24,4,3.660276937,13232.69099,80
5579,Latch_4_ControlPanel__10.binvox,24,4,3.576950811,14409.16709,80
5580,Latch_4_ControlPanel__3.binvox,24,4,3.757494067,14280.86532,80
5581,Latch_4_ControlPanel__4.binvox,24,4,3.636125654,14160.83557,80
5582,Latch_4_ControlPanel__5.binvox,24,4,3.808115868,14429.19562,80
5583,Latch_4_ControlPanel__7.binvox,24,4,3.51390814,13506.31944,80
5584,Latch_4_ControlPanel__8.binvox,24,4,3.788362854,13475.87694,80
5585,Latch_4_Rivet__1.binvox,21,4,3.127576421,11795.22425,80
5586,Latch_4_Rivet__10.binvox,21,4,3.101046273,11062.00897,80
5587,Latch_4_Rivet__3.binvox,21,4,2.856679051,11883.63678,80
5588,Latch_4_Rivet__4.binvox,21,4,2.962678884,11336.39352,80
5589,Latch_4_Rivet__5.binvox,21,4,3.051452524,11487.2868,80
5590,Latch_4_Rivet__7.binvox,21,4,3.141420703,10775.50559,80
5591,Latch_4_Rivet__8.binvox,21,4,2.948864067,10836.19996,80
5592,Latch_4_StrikePlate__1.binvox,24,4,3.557127578,14328.43343,80
5593,Latch_4_StrikePlate__10.binvox,24,4,3.838527024,13312.06568,80
5594,Latch_4_StrikePlate__3.binvox,24,4,3.597711655,13198.55638,80
5595,Latch_4_StrikePlate__4.binvox,24,4,3.722977136,13286.35516,80
5596,Latch_4_StrikePlate__5.binvox,24,4,3.654866642,14385.8186,80
5597,Latch_4_StrikePlate__7.binvox,24,4,3.588410474,13383.83508,80
5598,Latch_4_StrikePlate__8.binvox,24,4,3.656506975,13352.7658,80
5599,Latch_5_BottomPlate__1.binvox,24,4,3.564352813,14035.52798,80
5600,Latch_5_BottomPlate__10.binvox,24,4,3.555227527,13428.11848,80
5601,Latch_5_BottomPlate__3.binvox,24,4,3.723514522,13851.02475,80
5602,Latch_5_BottomPlate__4.binvox,24,4,3.555986368,13242.96839,80
5603,Latch_5_BottomPlate__5.binvox,24,4,3.737796443,13785.36203,80
5604,Latch_5_BottomPlate__7.binvox,24,4,3.486444652,13914.31701,80
5605,Latch_5_BottomPlate__8.binvox,24,4,3.720844015,14498.20495,80
5606,Latch_5_BuckledRing__1.binvox,24,4,2.030259991,7232.078915,80
5607,Latch_5_BuckledRing__10.binvox,24,4,2.069839651,7348.994031,80
5608,Latch_5_BuckledRing__3.binvox,24,4,1.994753168,7450.629926,80
5609,Latch_5_BuckledRing__4.binvox,24,4,2.01760248,7823.177766,80
5610,Latch_5_BuckledRing__5.binvox,24,4,1.924327044,7312.123745,80
5611,Latch_5_BuckledRing__7.binvox,24,4,1.966529332,7230.722956,80
5612,Latch_5_BuckledRing__8.binvox,24,4,2.088705128,7873.781303,80
5613,Latch_5_ControlPanel__1.binvox,24,4,3.791485563,13840.46804,80
5614,Latch_5_ControlPanel__10.binvox,24,4,3.525742866,14371.15462,80
5615,Latch_5_ControlPanel__3.binvox,24,4,3.551415841,13216.77408,80
5616,Latch_5_ControlPanel__4.binvox,24,4,3.663221358,14207.93856,80
5617,Latch_5_ControlPanel__5.binvox,24,4,3.646645344,14204.76994,80
5618,Latch_5_ControlPanel__7.binvox,24,4,3.773794347,13432.28411,80
5619,Latch_5_ControlPanel__8.binvox,24,4,3.477826624,13375.0979,80
5620,Latch_5_Rivet__1.binvox,21,4,2.900333617,11480.39093,80
5621,Latch_5_Rivet__10.binvox,21,4,2.942732539,11489.3046,80
5622,Latch_5_Rivet__3.binvox,21,4,2.907699736,11498.10502,80
5623,Latch_5_Rivet__4.binvox,21,4,2.988282866,11225.04457,80
5624,Latch_5_Rivet__5.binvox,21,4,3.119912421,10932.81376,80
5625,Latch_5_Rivet__7.binvox,21,4,3.010974893,11177.62143,80
5626,Latch_5_Rivet__8.binvox,21,4,2.992954396,11356.30911,80
5627,Latch_5_StrikePlate__1.binvox,24,4,3.842759786,13610.87656,80
5628,Latch_5_StrikePlate__10.binvox,24,4,3.83767431,13422.43424,80
5629,Latch_5_StrikePlate__3.binvox,24,4,3.581952785,13152.88063,80
5630,Latch_5_StrikePlate__4.binvox,24,4,3.50533205,14098.59418,80
5631,Latch_5_StrikePlate__5.binvox,24,4,3.635795427,13171.19883,80
5632,Latch_5_StrikePlate__7.binvox,24,4,3.678596582,13369.75173,80
5633,Latch_5_StrikePlate__8.binvox,24,4,3.562778382,13224.39828,80
5634,Latch_6_BottomPlate__1.binvox,24,4,3.664585533,13432.33192,80
5635,Latch_6_BottomPlate__10.binvox,24,4,3.694961141,13224.5833,80
5636,Latch_6_BottomPlate__3.binvox,24,4,3.517931307,14482.91451,80
5637,Latch_6_BottomPlate__4.binvox,24,4,3.541995986,13542.29125,80
5638,Latch_6_BottomPlate__5.binvox,24,4,3.749830006,14177.48842,80
5639,Latch_6_BottomPlate__7.binvox,24,4,3.789350385,14357.96599,80
5640,Latch_6_BottomPlate__8.binvox,24,4,3.712359072,14054.56408,80
5641,Latch_6_BuckledRing__1.binvox,24,4,1.984647878,7934.958017,80
5642,Latch_6_BuckledRing__10.binvox,24,4,1.949149083,7749.142948,80
5643,Latch_6_BuckledRing__3.binvox,24,4,2.096046274,7552.351244,80
5644,Latch_6_BuckledRing__4.binvox,24,4,1.907383886,7750.171092,80
5645,Latch_6_BuckledRing__5.binvox,24,4,1.95337653,7919.143581,80
5646,Latch_6_BuckledRing__7.binvox,24,4,2.024985737,7871.782507,80
5647,Latch_6_BuckledRing__8.binvox,24,4,1.900881081,7550.420521,80
5648,Latch_6_ControlPanel__1.binvox,24,4,3.63576141,14210.26186,80
5649,Latch_6_ControlPanel__10.binvox,24,4,3.601313706,13379.58845,80
5650,Latch_6_ControlPanel__3.binvox,24,4,3.841927347,14190.08715,80
5651,Latch_6_ControlPanel__4.binvox,24,4,3.837248151,14198.35327,80
5652,Latch_6_ControlPanel__5.binvox,24,4,3.534623479,13417.83773,80
5653,Latch_6_ControlPanel__7.binvox,24,4,3.606327951,14390.92836,80
5654,Latch_6_ControlPanel__8.binvox,24,4,3.761948599,13210.26219,80
5655,Latch_6_Rivet__1.binvox,21,4,3.031728892,11832.38886,80
5656,Latch_6_Rivet__10.binvox,21,4,3.050558649,11554.72942,80
5657,Latch_6_Rivet__3.binvox,21,4,2.864309005,11016.69237,80
5658,Latch_6_Rivet__4.binvox,21,4,3.112420843,11781.95607,80
5659,Latch_6_Rivet__5.binvox,21,4,3.13333729,11597.66764,80
5660,Latch_6_Rivet__7.binvox,21,4,2.924290169,11826.10081,80
5661,Latch_6_Rivet__8.binvox,21,4,3.088797277,11203.56987,80
5662,Latch_6_StrikePlate__1.binvox,24,4,3.642467518,13617.79462,80
5663,Latch_6_StrikePlate__10.binvox,24,4,3.529893986,14342.79509,80
5664,Latch_6_StrikePlate__3.binvox,24,4,3.782746574,14496.65689,80
5665,Latch_6_StrikePlate__4.binvox,24,4,3.495644843,13918.25612,80
5666,Latch_6_StrikePlate__5.binvox,24,4,3.527398055,14519.5299,80
5667,Latch_6_StrikePlate__7.binvox,24,4,3.560398759,14014.5476,80
5668,Latch_6_StrikePlate__8.binvox,24,4,3.490216621,13859.63774,80
5669,Latch_7_BottomPlate__1.binvox,24,4,3.667637264,13426.0585,80
5670,Latch_7_BottomPlate__10.binvox,24,4,3.54784117,14430.65329,80
5671,Latch_7_BottomPlate__3.binvox,24,4,3.619973352,13555.40707,80
5672,Latch_7_BottomPlate__4.binvox,24,4,3.59042229,14432.62563,80
5673,Latch_7_BottomPlate__5.binvox,24,4,3.646812835,14350.22103,80
5674,Latch_7_BottomPlate__7.binvox,24,4,3.790809254,13692.55458,80
5675,Latch_7_BottomPlate__8.binvox,24,4,3.487009654,13307.12097,80
5676,Latch_7_BuckledRing__1.binvox,24,4,2.058848992,7358.601718,80
5677,Latch_7_BuckledRing__10.binvox,24,4,2.078998133,7195.455639,80
5678,Latch_7_BuckledRing__3.binvox,24,4,2.093247081,7716.585858,80
5679,Latch_7_BuckledRing__4.binvox,24,4,2.011609205,7482.318708,80
5680,Latch_7_BuckledRing__5.binvox,24,4,2.094957176,7371.164007,80
5681,Latch_7_BuckledRing__7.binvox,24,4,2.09208548,7348.572702,80
5682,Latch_7_BuckledRing__8.binvox,24,4,1.9936555,7482.887024,80
5683,Latch_7_ControlPanel__1.binvox,24,4,3.757425769,13314.10126,80
5684,Latch_7_ControlPanel__10.binvox,24,4,3.600351441,13191.22957,80
5685,Latch_7_ControlPanel__3.binvox,24,4,3.777282057,13965.80553,80
5686,Latch_7_ControlPanel__4.binvox,24,4,3.733740338,13772.61531,80
5687,Latch_7_ControlPanel__5.binvox,24,4,3.802084249,14055.41363,80
5688,Latch_7_ControlPanel__7.binvox,24,4,3.801550662,13403.0692,80
5689,Latch_7_ControlPanel__8.binvox,24,4,3.788050962,14316.40155,80
5690,Latch_7_Rivet__1.binvox,21,4,2.966185682,11683.93803,80
5691,Latch_7_Rivet__10.binvox,21,4,2.961381187,11373.43151,80
5692,Latch_7_Rivet__3.binvox,21,4,2.898390014,10832.08415,80
5693,Latch_7_Rivet__4.binvox,21,4,3.122106983,11155.11472,80
5694,Latch_7_Rivet__5.binvox,21,4,2.862718075,11906.85623,80
5695,Latch_7_Rivet__7.binvox,21,4,3.014054567,10848.04537,80
5696,Latch_7_Rivet__8.binvox,21,4,3.031080902,11697.62755,80
5697,Latch_7_StrikePlate__1.binvox,24,4,3.583732351,13472.61888,80
5698,Latch_7_StrikePlate__10.binvox,24,4,3.643684957,13950.7867,80
5699,Latch_7_StrikePlate__3.binvox,24,4,3.522576617,13627.07474,80
5700,Latch_7_StrikePlate__4.binvox,24,4,3.823198811,13149.90995,80
5701,Latch_7_StrikePlate__5.binvox,24,4,3.477697595,14412.8946,80
5702,Latch_7_StrikePlate__7.binvox,24,4,3.70742613,13215.86345,80
5703,Latch_7_StrikePlate__8.binvox,24,4,3.695867013,13594.00008,80
5704,Latch_8_BottomPlate__1.binvox,24,4,3.657991578,13187.60728,80
5705,Latch_8_BottomPlate__10.binvox,24,4,3.820980565,14051.71124,80
5706,Latch_8_BottomPlate__3.binvox,24,4,3.633172243,14295.48805,80
5707,Latch_8_BottomPlate__4.binvox,24,4,3.66033137,14087.63876,80
5708,Latch_8_BottomPlate__5.binvox,24,4,3.617255897,13273.23494,80
5709,Latch_8_BottomPlate__7.binvox,24,4,3.638851644,13297.99325,80
5710,Latch_8_BottomPlate__8.binvox,24,4,3.830693504,14353.7669,80
5711,Latch_8_BuckledRing__1.binvox,24,4,1.983522039,7433.152079,80
5712,Latch_8_BuckledRing__10.binvox,24,4,1.97049234,7506.27707,80
5713,Latch_8_BuckledRing__3.binvox,24,4,1.955863531,7909.302559,80
5714,Latch_8_BuckledRing__4.binvox,24,4,1.921608047,7803.669603,80
5715,Latch_8_BuckledRing__5.binvox,24,4,2.002436334,7699.768092,80
5716,Latch_8_BuckledRing__7.binvox,24,4,1.979624003,7299.140798,80
5717,Latch_8_BuckledRing__8.binvox,24,4,1.925165911,7335.398706,80
5718,Latch_8_ControlPanel__1.binvox,24,4,3.820957327,13197.55503,80
5719,Latch_8_ControlPanel__10.binvox,24,4,3.771653794,13641.68309,80
5720,Latch_8_ControlPanel__3.binvox,24,4,3.480700138,13812.09628,80
5721,Latch_8_ControlPanel__4.binvox,24,4,3.490837615,13897.13188,80
5722,Latch_8_ControlPanel__5.binvox,24,4,3.54510733,14184.02121,80
5723,Latch_8_ControlPanel__7.binvox,24,4,3.579541597,13650.99361,80
5724,Latch_8_ControlPanel__8.binvox,24,4,3.611138338,13634.33116,80
5725,Latch_8_Rivet__1.binvox,21,4,2.866485755,10858.68325,80
5726,Latch_8_Rivet__10.binvox,21,4,2.965386328,10813.95675,80
5727,Latch_8_Rivet__3.binvox,21,4,3.013988081,11763.00916,80
5728,Latch_8_Rivet__4.binvox,21,4,2.867963847,11502.16845,80
5729,Latch_8_Rivet__5.binvox,21,4,2.958385355,11082.57757,80
5730,Latch_8_Rivet__7.binvox,21,4,3.030474899,11638.87341,80
5731,Latch_8_Rivet__8.binvox,21,4,3.11435012,11851.57272,80
5732,Latch_8_StrikePlate__1.binvox,24,4,3.604984756,13706.13436,80
5733,Latch_8_StrikePlate__10.binvox,24,4,3.603444592,13413.23229,80
5734,Latch_8_StrikePlate__3.binvox,24,4,3.638519697,13252.6457,80
5735,Latch_8_StrikePlate__4.binvox,24,4,3.626980942,14343.18612,80
5736,Latch_8_StrikePlate__5.binvox,24,4,3.594980788,13837.169,80
5737,Latch_8_StrikePlate__7.binvox,24,4,3.598695579,13506.02971,80
5738,Latch_8_StrikePlate__8.binvox,24,4,3.546702164,13491.93256,80
5739,Latch_9_BottomPlate__1.binvox,24,4,3.591332613,13764.62371,80
5740,Latch_9_BottomPlate__10.binvox,24,4,3.557884536,14323.69436,80
5741,Latch_9_BottomPlate__3.binvox,24,4,3.623477476,14276.96905,80
5742,Latch_9_BottomPlate__4.binvox,24,4,3.821197966,14488.39459,80
5743,Latch_9_BottomPlate__5.binvox,24,4,3.490360466,13369.2043,80
5744,Latch_9_BottomPlate__7.binvox,24,4,3.548463744,14474.42278,80
5745,Latch_9_BottomPlate__8.binvox,24,4,3.719738356,13395.9451,80
5746,Latch_9_BuckledRing__1.binvox,24,4,2.06833638,7742.90993,80
5747,Latch_9_BuckledRing__10.binvox,24,4,1.97884342,7756.199163,80
5748,Latch_9_BuckledRing__3.binvox,24,4,1.941597186,7578.215641,80
5749,Latch_9_BuckledRing__4.binvox,24,4,1.961390543,7299.465344,80
5750,Latch_9_BuckledRing__5.binvox,24,4,1.934978152,7325.751528,80
5751,Latch_9_BuckledRing__7.binvox,24,4,2.026886509,7375.830986,80
5752,Latch_9_BuckledRing__8.binvox,24,4,1.970977727,7371.3886,80
5753,Latch_9_ControlPanel__1.binvox,24,4,3.801477448,13804.80632,80
5754,Latch_9_ControlPanel__10.binvox,24,4,3.493616655,13500.149,80
5755,Latch_9_ControlPanel__3.binvox,24,4,3.808107651,13351.68232,80
5756,Latch_9_ControlPanel__4.binvox,24,4,3.611198445,13675.23598,80
5757,Latch_9_ControlPanel__5.binvox,24,4,3.502382421,14508.7996,80
5758,Latch_9_ControlPanel__7.binvox,24,4,3.7743494,14287.91594,80
5759,Latch_9_ControlPanel__8.binvox,24,4,3.745578853,13617.01965,80
5760,Latch_9_Rivet__1.binvox,21,4,2.953341973,11181.72727,80
5761,Latch_9_Rivet__10.binvox,21,4,3.128945373,10831.1505,80
5762,Latch_9_Rivet__3.binvox,21,4,2.85000614,10809.81551,80
5763,Latch_9_Rivet__4.binvox,21,4,2.967102346,11871.91329,80
5764,Latch_9_Rivet__5.binvox,21,4,3.129823628,11009.77485,80
5765,Latch_9_Rivet__7.binvox,21,4,3.133330451,11111.73035,80
5766,Latch_9_Rivet__8.binvox,21,4,3.033376743,11761.85465,80
5767,Latch_9_StrikePlate__1.binvox,24,4,3.778731151,14378.26635,80
5768,Latch_9_StrikePlate__10.binvox,24,4,3.637486259,13304.31151,80
5769,Latch_9_StrikePlate__3.binvox,24,4,3.525587873,14089.42107,80
5770,Latch_9_StrikePlate__4.binvox,24,4,3.490296472,14262.79515,80
5771,Latch_9_StrikePlate__5.binvox,24,4,3.684044042,14461.70582,80
5772,Latch_9_StrikePlate__7.binvox,24,4,3.539710187,13686.32971,80
5773,Latch_9_StrikePlate__8.binvox,24,4,3.771131139,13170.1921,80
5774,Piston_11_ConnectingRod__1.binvox,22,4,64.60070173,279085.2123,4
5775,Piston_11_PistonHead__1.binvox,22,4,33.93863583,203247.4363,20
5776,Piston_11_WristPin__1.binvox,21,4,48.29949058,219885.9423,4
5777,Piston_16_ConnectingRod__1.binvox,22,4,61.42731203,253545.2167,4
5778,Piston_16_PistonHead__1.binvox,22,4,32.98734991,198734.7151,20
5779,Piston_16_RodBolt__1.binvox,21,8,15.23551087,62772.03923,4
5780,Piston_16_RodCap__1.binvox,22,4,43.08698413,182405.5013,4
5781,Piston_16_RodNut__1.binvox,21,8,14.98474445,67831.78315,4
5782,Piston_16_WristPin__1.binvox,21,4,52.18976593,212248.0937,4
5783,Piston_17_ConnectingRod__1.binvox,22,4,62.75244239,263830.7381,4
5784,Piston_17_PistonHead__1.binvox,22,8,32.12446906,189910.8913,20
5785,Piston_17_RodBolt__1.binvox,21,4,15.34117186,67780.81262,4
5786,Piston_17_RodCap__1.binvox,22,4,42.71203833,174823.486,4
5787,Piston_17_RodNut__1.binvox,21,8,15.24554331,65661.54652,4
5788,Piston_17_WristPin__1.binvox,21,4,49.33822422,220267.4255,4
5789,Piston_18_ConnectingRod__1.binvox,22,4,58.53365481,268975.7579,4
5790,Piston_18_PistonHead__1.binvox,22,4,32.60953318,198594.6122,20
5791,Piston_18_RodBolt__1.binvox,21,8,14.42969252,63560.56921,4
5792,Piston_18_RodCap__1.binvox,22,4,40.86748488,177521.984,4
5793,Piston_18_RodNut__1.binvox,21,8,14.76915852,65862.20011,4
5794,Piston_18_WristPin__1.binvox,21,4,51.74292442,212589.9821,4
5795,Piston_1_ConnectingRod__2.binvox,22,4,63.59880915,255553.4369,4
5796,Piston_1_ConnectingRod__3.binvox,22,4,60.87358528,269448.9416,4
5797,Piston_1_ConnectingRod__4.binvox,22,4,62.34404757,276987.55,4
5798,Piston_1_ConnectingRod__5.binvox,22,4,64.41197453,272651.7045,4
5799,Piston_1_ConnectingRod__7.binvox,22,4,63.4900605,259626.2009,4
5800,Piston_1_ConnectingRod__9.binvox,22,4,60.73304943,266760.4125,4
5801,Piston_1_PistonHead__2.binvox,22,4,31.85289199,185135.9048,20
5802,Piston_1_PistonHead__3.binvox,22,4,32.32973688,188004.4427,20
5803,Piston_1_PistonHead__4.binvox,22,4,32.98786186,190591.6725,20
5804,Piston_1_PistonHead__5.binvox,22,4,32.86812629,191455.8872,20
5805,Piston_1_PistonHead__7.binvox,22,4,33.55039535,193803.9239,20
5806,Piston_1_PistonHead__9.binvox,22,4,32.94705514,190750.3366,20
5807,Piston_1_WristPin__2.binvox,21,4,51.96768525,222365.5442,4
5808,Piston_1_WristPin__3.binvox,21,4,50.85349381,222839.9719,4
5809,Piston_1_WristPin__4.binvox,21,4,51.22640343,208149.8424,4
5810,Piston_1_WristPin__5.binvox,21,4,52.26083277,209423.8947,4
5811,Piston_1_WristPin__7.binvox,21,4,48.46822718,209784.9809,4
5812,Piston_1_WristPin__9.binvox,21,4,49.10836497,226536.4308,4
5813,Piston_21_ConnectingRod__1.binvox,22,4,59.05063636,269447.169,4
5814,Piston_21_PistonHead__1.binvox,22,4,31.88421304,199292.2111,20
5815,Piston_21_WristPin__1.binvox,21,4,49.52959203,215803.3062,4
5816,Piston_22_ConnectingRod__1.binvox,22,4,64.62737986,253294.9083,4
5817,Piston_22_PistonHead__1.binvox,22,4,32.53522734,193068.1292,20
5818,Piston_22_WristPin__1.binvox,21,4,50.18949335,212024.696,4
5819,Piston_23_ConnectingRod__1.binvox,22,4,61.96036363,275681.8411,4
5820,Piston_23_PistonHead__1.binvox,22,4,31.40725186,193355.0791,20
5821,Piston_23_WristPin__1.binvox,21,4,48.13346421,224652.9576,4
5822,Piston_24_ConnectingRod__1.binvox,22,4,60.79230507,262770.2507,4
5823,Piston_24_PistonHead__1.binvox,22,4,32.381702,196045.6614,20
5824,Piston_24_WristPin__1.binvox,21,4,52.04789264,222637.6173,4
5825,Piston_25_ConnectingRod__2.binvox,22,4,59.33095469,261720.6003,4
5826,Piston_25_ConnectingRod__3.binvox,22,4,64.15935146,268198.5465,4
5827,Piston_25_ConnectingRod__4.binvox,22,4,60.31770109,253568.1938,4
5828,Piston_25_ConnectingRod__5.binvox,22,4,59.94339658,253480.7579,4
5829,Piston_25_ConnectingRod__7.binvox,22,4,58.85598222,269253.319,4
5830,Piston_25_ConnectingRod__9.binvox,22,4,60.66861742,273637.0482,4
5831,Piston_25_PistonHead__2.binvox,22,4,32.76465079,192027.0012,20
5832,Piston_25_PistonHead__3.binvox,22,4,32.10916799,185417.4206,20
5833,Piston_25_PistonHead__4.binvox,22,4,31.72757351,196461.895,20
5834,Piston_25_PistonHead__5.binvox,22,4,32.82416651,202704.8982,20
5835,Piston_25_PistonHead__7.binvox,22,4,32.07851056,188015.5056,20
5836,Piston_25_PistonHead__9.binvox,22,4,34.19152617,202728.2716,20
5837,Piston_25_RodBolt__2.binvox,21,8,15.59621724,66133.67315,4
5838,Piston_25_RodBolt__3.binvox,21,8,14.50025188,67256.67973,4
5839,Piston_25_RodBolt__4.binvox,21,8,15.63143617,66565.26466,4
5840,Piston_25_RodBolt__5.binvox,21,8,15.38775556,65540.01544,4
5841,Piston_25_RodBolt__7.binvox,21,8,14.64678705,66174.35887,4
5842,Piston_25_RodBolt__9.binvox,21,8,14.46121503,67521.46152,4
5843,Piston_25_RodCap__2.binvox,22,4,41.02897081,177551.028,4
5844,Piston_25_RodCap__3.binvox,22,4,42.92581717,172926.5172,4
5845,Piston_25_RodCap__4.binvox,22,4,39.91934766,180672.2438,4
5846,Piston_25_RodCap__5.binvox,22,4,40.40797159,175254.6871,4
5847,Piston_25_RodCap__7.binvox,22,4,40.40629284,181673.1236,4
5848,Piston_25_RodCap__9.binvox,22,4,39.69281807,183782.6021,4
5849,Piston_25_WristPin__2.binvox,21,4,52.42168172,223776.5811,4
5850,Piston_25_WristPin__3.binvox,21,4,48.0505152,214857.2777,4
5851,Piston_25_WristPin__4.binvox,21,4,50.34482593,206724.0664,4
5852,Piston_25_WristPin__5.binvox,21,4,52.21885872,219883.2737,4
5853,Piston_25_WristPin__7.binvox,21,4,50.31296227,215336.4218,4
5854,Piston_25_WristPin__9.binvox,21,4,48.0926355,225152.3247,4
5855,Piston_27_ConnectingRod__1.binvox,22,4,63.06785891,276935.6989,4
5856,Piston_27_PistonHead__1.binvox,22,4,33.43175351,201758.325,20
5857,Piston_27_WristPin__1.binvox,21,4,48.64761895,213854.4176,4
5858,Piston_28_ConnectingRod__1.binvox,22,4,60.63718635,276721.8986,4
5859,Piston_28_PistonHead__1.binvox,22,4,32.49537944,186344.9621,20
5860,Piston_28_WristPin__1.binvox,21,4,49.68178975,210185.9573,4
5861,Piston_29_ConnectingRod__1.binvox,22,4,64.56365241,272390.624,4
5862,Piston_29_PistonHead__1.binvox,22,4,31.02825651,196327.7947,20
5863,Piston_29_WristPin__1.binvox,21,4,51.95432769,218074.8285,4
5864,Piston_2_ConnectingRod__2.binvox,22,4,62.76700197,272427.4208,4
5865,Piston_2_ConnectingRod__3.binvox,22,4,61.27643473,254289.0218,4
5866,Piston_2_ConnectingRod__4.binvox,22,4,63.22196744,271940.5341,4
5867,Piston_2_ConnectingRod__5.binvox,22,4,60.80102016,267959.9627,4
5868,Piston_2_ConnectingRod__7.binvox,22,4,58.66176615,273309.9981,4
5869,Piston_2_ConnectingRod__9.binvox,22,4,62.91138337,274469.6549,4
5870,Piston_2_PistonHead__2.binvox,22,4,33.1999212,201709.6415,20
5871,Piston_2_PistonHead__3.binvox,22,4,32.17604298,198093.4653,20
5872,Piston_2_PistonHead__4.binvox,22,4,33.5605807,195259.5301,20
5873,Piston_2_PistonHead__5.binvox,22,4,34.08695407,194612.4888,20
5874,Piston_2_PistonHead__7.binvox,22,4,31.54025834,187712.2548,20
5875,Piston_2_PistonHead__9.binvox,22,4,32.23599186,186202.7474,20
5876,Piston_2_WristPin__2.binvox,21,4,49.75391088,225033.5809,4
5877,Piston_2_WristPin__3.binvox,21,4,50.03696515,221158.9499,4
5878,Piston_2_WristPin__4.binvox,21,4,48.15541778,219202.223,4
5879,Piston_2_WristPin__5.binvox,21,4,48.95929268,210234.1123,4
5880,Piston_2_WristPin__7.binvox,21,4,51.09192718,213877.6768,4
5881,Piston_2_WristPin__9.binvox,21,4,51.25491743,211161.3439,4
5882,Piston_30_ConnectingRod__1.binvox,22,4,60.57796916,274803.9324,4
5883,Piston_30_PistonHead__1.binvox,22,4,33.22714353,190066.7755,20
5884,Piston_30_WristPin__1.binvox,21,4,49.3739824,218582.3357,4
5885,Piston_32_ConnectingRod__2.binvox,22,4,59.11516901,271868.5251,4
5886,Piston_32_ConnectingRod__3.binvox,22,4,61.48128596,270942.2404,4
5887,Piston_32_ConnectingRod__4.binvox,22,4,63.63727364,259333.3977,4
5888,Piston_32_ConnectingRod__5.binvox,22,4,60.53282485,278978.417,4
5889,Piston_32_PistonHead__2.binvox,22,4,33.69935015,190786.9914,20
5890,Piston_32_PistonHead__3.binvox,22,4,32.88109612,184555.3766,20
5891,Piston_32_PistonHead__4.binvox,22,4,31.47839245,193561.0228,20
5892,Piston_32_PistonHead__5.binvox,22,4,31.45413386,198155.9674,20
5893,Piston_32_RodBolt__2.binvox,21,8,15.18269828,61722.67799,4
5894,Piston_32_RodBolt__3.binvox,21,8,15.35865153,67109.34956,4
5895,Piston_32_RodBolt__4.binvox,21,8,14.42787643,63450.15124,4
5896,Piston_32_RodBolt__5.binvox,21,8,14.33072913,62771.69863,4
5897,Piston_32_RodCap__2.binvox,22,4,43.19633083,173066.85,4
5898,Piston_32_RodCap__3.binvox,22,4,41.4707593,176013.2712,4
5899,Piston_32_RodCap__4.binvox,22,4,39.58760862,177865.4045,4
5900,Piston_32_RodCap__5.binvox,22,4,40.39240833,188358.848,4
5901,Piston_32_RodNut__2.binvox,21,8,15.2559885,63654.65546,4
5902,Piston_32_RodNut__3.binvox,21,8,15.42777093,67268.17787,4
5903,Piston_32_RodNut__4.binvox,21,8,14.70828354,65516.03339,4
5904,Piston_32_RodNut__5.binvox,21,8,15.01267866,62172.4625,4
5905,Piston_32_WristPin__2.binvox,21,4,50.35525523,219455.4213,4
5906,Piston_32_WristPin__3.binvox,21,4,51.48782542,219047.3628,4
5907,Piston_32_WristPin__4.binvox,21,4,52.36955399,207883.4925,4
5908,Piston_32_WristPin__5.binvox,21,4,48.70043891,212961.1656,4
5909,Piston_3_ConnectingRod__2.binvox,22,4,60.20081215,264355.2631,4
5910,Piston_3_ConnectingRod__3.binvox,22,4,62.17828754,259959.3256,4
5911,Piston_3_ConnectingRod__4.binvox,22,4,59.62375862,262367.4193,4
5912,Piston_3_ConnectingRod__5.binvox,22,4,62.46621683,254264.8477,4
5913,Piston_3_ConnectingRod__7.binvox,22,4,62.69501309,259171.9419,4
5914,Piston_3_ConnectingRod__9.binvox,22,4,59.93187883,271439.437,4
5915,Piston_3_PistonHead__2.binvox,22,4,32.42596755,191485.4251,20
5916,Piston_3_PistonHead__3.binvox,22,4,33.56874021,197414.4157,20
5917,Piston_3_PistonHead__4.binvox,22,4,34.26805532,190274.5394,20
5918,Piston_3_PistonHead__5.binvox,22,4,34.04355415,194461.1354,20
5919,Piston_3_PistonHead__7.binvox,22,4,32.81549036,201193.431,20
5920,Piston_3_PistonHead__9.binvox,22,4,33.08931056,201816.4773,20
5921,Piston_3_WristPin__2.binvox,21,4,49.75788221,211854.2812,4
5922,Piston_3_WristPin__3.binvox,21,4,49.20816635,213963.6584,4
5923,Piston_3_WristPin__4.binvox,21,4,52.12239889,226668.5124,4
5924,Piston_3_WristPin__5.binvox,21,4,49.03591956,208052.5057,4
5925,Piston_3_WristPin__7.binvox,21,4,49.38273575,208304.7065,4
5926,Piston_3_WristPin__9.binvox,21,4,50.72989332,223195.9722,4
5927,Piston_5_ConnectingRod__2.binvox,22,4,64.54933096,263380.6473,4
5928,Piston_5_ConnectingRod__3.binvox,22,4,58.90398299,267166.729,4
5929,Piston_5_ConnectingRod__4.binvox,22,4,63.26248229,254929.0819,4
5930,Piston_5_ConnectingRod__5.binvox,22,4,59.04335543,276568.4307,4
5931,Piston_5_ConnectingRod__7.binvox,22,4,59.37249438,269891.6432,4
5932,Piston_5_ConnectingRod__9.binvox,22,4,58.75526026,270985.7481,4
5933,Piston_5_PistonHead__2.binvox,22,4,32.4933415,198007.3426,20
5934,Piston_5_PistonHead__3.binvox,22,4,33.88903867,200559.0506,20
5935,Piston_5_PistonHead__4.binvox,22,4,32.61512551,191141.8113,20
5936,Piston_5_PistonHead__5.binvox,22,4,32.41240791,199210.0195,20
5937,Piston_5_PistonHead__7.binvox,22,4,31.52491232,192698.3542,20
5938,Piston_5_PistonHead__9.binvox,22,4,32.79749315,202072.1288,20
5939,Piston_5_WristPin__2.binvox,21,4,50.83351065,207135.8922,4
5940,Piston_5_WristPin__3.binvox,21,4,48.1431662,218438.5786,4
5941,Piston_5_WristPin__4.binvox,21,4,49.81717917,224301.8577,4
5942,Piston_5_WristPin__5.binvox,21,4,50.25924344,212513.8565,4
5943,Piston_5_WristPin__7.binvox,21,4,51.83692395,218866.4288,4
5944,Piston_5_WristPin__9.binvox,21,4,51.93040309,212922.8637,4
5945,Piston_6_ConnectingRod__1.binvox,22,4,61.60737961,265160.6087,4
5946,Piston_6_PistonHead__1.binvox,22,4,33.02635704,194167.605,20
5947,Piston_6_WristPin__1.binvox,21,4,49.40945402,220616.3146,4
5948,Piston_7_ConnectingRod__2.binvox,22,4,60.74135945,254319.7574,4
5949,Piston_7_ConnectingRod__3.binvox,22,4,64.46702909,261374.6028,4
5950,Piston_7_ConnectingRod__4.binvox,22,4,61.84591488,260232.2616,4
5951,Piston_7_ConnectingRod__5.binvox,22,4,62.8560137,277112.6422,4
5952,Piston_7_ConnectingRod__7.binvox,22,4,64.04594587,260582.8936,4
5953,Piston_7_PistonHead__2.binvox,22,4,32.32758499,196302.9816,20
5954,Piston_7_PistonHead__3.binvox,22,4,34.08056002,199629.6071,20
5955,Piston_7_PistonHead__4.binvox,22,4,32.84750862,191908.6767,20
5956,Piston_7_PistonHead__5.binvox,22,4,31.50219004,196056.8502,20
5957,Piston_7_PistonHead__7.binvox,22,4,31.17147456,197023.7162,20
5958,Piston_7_RodBolt__2.binvox,21,8,14.44608283,65915.06796,4
5959,Piston_7_RodBolt__3.binvox,21,8,14.83760359,65693.77314,4
5960,Piston_7_RodBolt__4.binvox,21,8,14.74788403,65415.36068,4
5961,Piston_7_RodBolt__5.binvox,21,8,15.19279861,64651.66656,4
5962,Piston_7_RodBolt__7.binvox,21,8,15.28984235,63129.3272,4
5963,Piston_7_RodCap__2.binvox,22,4,40.20317325,185347.7674,4
5964,Piston_7_RodCap__3.binvox,22,4,42.72616386,177056.3034,4
5965,Piston_7_RodCap__4.binvox,22,4,42.98877612,187133.1803,4
5966,Piston_7_RodCap__5.binvox,22,4,39.62590088,187344.1055,4
5967,Piston_7_RodCap__7.binvox,22,4,42.22444374,174989.6307,4
5968,Piston_7_RodNut__2.binvox,21,8,14.53184802,63288.29464,4
5969,Piston_7_RodNut__3.binvox,21,8,15.05607711,65902.52987,4
5970,Piston_7_RodNut__4.binvox,21,8,14.41882158,62188.33882,4
5971,Piston_7_RodNut__5.binvox,21,8,15.51452278,66409.13941,4
5972,Piston_7_RodNut__7.binvox,21,8,15.47965458,66901.14546,4
5973,Piston_7_WristPin__2.binvox,21,4,51.47676513,207191.6944,4
5974,Piston_7_WristPin__3.binvox,21,4,47.58847268,207182.5538,4
5975,Piston_7_WristPin__4.binvox,21,4,52.22100695,211791.1636,4
5976,Piston_7_WristPin__5.binvox,21,4,50.81386537,211823.3393,4
5977,Piston_7_WristPin__7.binvox,21,4,49.15125597,215327.5878,4
5978,Piston_8_ConnectingRod__1.binvox,22,4,63.75030083,267537.7876,4
5979,Piston_8_PistonHead__1.binvox,22,4,32.41613423,192273.6846,20
5980,Piston_8_WristPin__1.binvox,21,4,49.03327451,225438.5769,4
5981,Piston_9_ConnectingRod__1.binvox,22,4,61.02496336,267566.299,4
5982,Piston_9_PistonHead__1.binvox,22,4,33.18262019,189162.348,20
5983,Piston_9_WristPin__1.binvox,21,4,50.39171491,217129.018,4
5984,Bearing_10_Ball__1.binvox,25,16,92.66917251,4202489.999,2
5985,Bearing_10_Ball__10.binvox,25,16,89.24850301,4522719.285,2
5986,Bearing_10_Ball__3.binvox,25,16,87.43250707,4358168.781,2
5987,Bearing_10_Ball__4.binvox,25,16,88.37026047,4253093.618,2
5988,Bearing_10_Ball__5.binvox,25,16,87.70057741,4336502.545,2
5989,Bearing_10_Ball__7.binvox,25,16,90.20019336,4342884.241,2
5990,Bearing_10_Ball__8.binvox,25,16,87.44676116,4527109.098,2
5991,Bearing_10_InnerRing__1.binvox,25,2,109.8559664,5213664.96,2
5992,Bearing_10_InnerRing__10.binvox,25,2,112.7866115,5165090.875,2
5993,Bearing_10_InnerRing__3.binvox,25,2,114.9030582,5096576.133,2
5994,Bearing_10_InnerRing__4.binvox,25,2,106.9740861,5324818.166,2
5995,Bearing_10_InnerRing__5.binvox,25,2,111.5750917,5241661.627,2
5996,Bearing_10_InnerRing__7.binvox,25,2,110.9431235,5351892.983,2
5997,Bearing_10_InnerRing__8.binvox,25,2,105.8977571,5385814.616,2
5998,Bearing_10_OuterRing__1.binvox,25,2,104.7960786,5518007.204,2
5999,Bearing_10_OuterRing__10.binvox,25,2,105.4746135,5568888.08,2
6000,Bearing_10_OuterRing__3.binvox,25,2,109.1017602,5433293.116,2
6001,Bearing_10_OuterRing__4.binvox,25,2,115.428891,5568644.084,2
6002,Bearing_10_OuterRing__5.binvox,25,2,105.199908,5574069.368,2
6003,Bearing_10_OuterRing__7.binvox,25,2,108.2910187,5413418.686,2
6004,Bearing_10_OuterRing__8.binvox,25,2,110.6656433,5268545.317,2
6005,Bearing_10_Seal__1.binvox,26,4,0.392864888,2058.146521,50
6006,Bearing_10_Seal__10.binvox,26,4,0.409989734,2035.025992,50
6007,Bearing_10_Seal__3.binvox,26,4,0.383951249,2046.129175,50
6008,Bearing_10_Seal__4.binvox,26,4,0.404708418,2083.777205,50
6009,Bearing_10_Seal__5.binvox,26,4,0.381239177,1911.392923,50
6010,Bearing_10_Seal__7.binvox,26,4,0.393787128,1985.323621,50
6011,Bearing_10_Seal__8.binvox,26,4,0.388317862,1928.358608,50
6012,Bearing_1_Ball__1.binvox,25,16,92.74756789,4445306.603,2
6013,Bearing_1_Ball__10.binvox,25,16,89.08705542,4263573.893,2
6014,Bearing_1_Ball__3.binvox,25,16,87.70895706,4233076.848,2
6015,Bearing_1_Ball__4.binvox,25,16,88.45643347,4526988.784,2
6016,Bearing_1_Ball__5.binvox,25,16,94.30540263,4436094.857,2
6017,Bearing_1_Ball__7.binvox,25,16,87.28108307,4204043.528,2
6018,Bearing_1_Ball__8.binvox,25,16,89.93177783,4498086.068,2
6019,Bearing_1_Cage__1.binvox,25,4,4.033852492,266066.5548,25
6020,Bearing_1_Cage__10.binvox,25,4,3.985075527,257930.0835,25
6021,Bearing_1_Cage__3.binvox,25,4,4.168496296,264356.5815,25
6022,Bearing_1_Cage__4.binvox,25,4,3.910054714,276158.9098,25
6023,Bearing_1_Cage__5.binvox,25,4,4.005839378,270344.8807,25
6024,Bearing_1_Cage__7.binvox,25,4,3.903975035,254377.9952,25
6025,Bearing_1_Cage__8.binvox,25,4,3.890112645,262826.8405,25
6026,Bearing_1_InnerRing__1.binvox,25,2,109.0966284,5517492.363,2
6027,Bearing_1_InnerRing__10.binvox,25,2,111.4564954,5114758.895,2
6028,Bearing_1_InnerRing__3.binvox,25,2,106.2974412,5488999.743,2
6029,Bearing_1_InnerRing__4.binvox,25,2,108.9290525,5593691.74,2
6030,Bearing_1_InnerRing__5.binvox,25,2,113.1325066,5222280.103,2
6031,Bearing_1_InnerRing__7.binvox,25,2,113.9164547,5295533.002,2
6032,Bearing_1_InnerRing__8.binvox,25,2,111.7625825,5201022.536,2
6033,Bearing_1_OuterRing__1.binvox,25,2,109.6633528,5503165.126,2
6034,Bearing_1_OuterRing__10.binvox,25,2,109.0554245,5284615.367,2
6035,Bearing_1_OuterRing__3.binvox,25,2,104.556591,5151486.279,2
6036,Bearing_1_OuterRing__4.binvox,25,2,111.1116344,5339781.147,2
6037,Bearing_1_OuterRing__5.binvox,25,2,111.8678859,5286556.472,2
6038,Bearing_1_OuterRing__7.binvox,25,2,112.3158366,5145129.044,2
6039,Bearing_1_OuterRing__8.binvox,25,2,113.6249855,5534819.695,2
6040,Bearing_2_Ball__1.binvox,25,16,85.99126895,4458449.216,2
6041,Bearing_2_Ball__10.binvox,25,16,89.03255352,4318918.096,2
6042,Bearing_2_Ball__3.binvox,25,16,93.43016504,4490789.924,2
6043,Bearing_2_Ball__4.binvox,25,16,89.48204627,4543215.549,2
6044,Bearing_2_Ball__5.binvox,25,16,92.7656971,4336298.112,2
6045,Bearing_2_Ball__7.binvox,25,16,92.61593673,4172640.112,2
6046,Bearing_2_Ball__8.binvox,25,16,94.23813457,4322462.052,2
6047,Bearing_2_InnerRing__1.binvox,25,2,113.9521674,5445884.137,2
6048,Bearing_2_InnerRing__10.binvox,25,2,114.451359,5433423.746,2
6049,Bearing_2_InnerRing__3.binvox,25,2,113.2853769,5267672.81,2
6050,Bearing_2_InnerRing__4.binvox,25,2,112.4053275,5580952.262,2
6051,Bearing_2_InnerRing__5.binvox,25,2,105.414785,5271989.066,2
6052,Bearing_2_InnerRing__7.binvox,25,2,105.7457436,5224290.283,2
6053,Bearing_2_InnerRing__8.binvox,25,2,115.0460539,5093669.164,2
6054,Bearing_2_OuterRing__1.binvox,25,2,113.8437591,5605319.647,2
6055,Bearing_2_OuterRing__10.binvox,25,2,105.7556135,5467824.203,2
6056,Bearing_2_OuterRing__3.binvox,25,2,112.563126,5368096.293,2
6057,Bearing_2_OuterRing__4.binvox,25,2,112.6702512,5276931.961,2
6058,Bearing_2_OuterRing__5.binvox,25,2,107.3751129,5586267.497,2
6059,Bearing_2_OuterRing__7.binvox,25,2,112.7277075,5218113.99,2
6060,Bearing_2_OuterRing__8.binvox,25,2,105.3995706,5450768.477,2
6061,Bearing_3_Ball__1.binvox,25,16,91.80867959,4296225.448,2
6062,Bearing_3_Ball__10.binvox,25,16,88.29834788,4249398.472,2
6063,Bearing_3_Ball__3.binvox,25,16,93.37510336,4373779.271,2
6064,Bearing_3_Ball__4.binvox,25,16,91.35110096,4416696.431,2
6065,Bearing_3_Ball__5.binvox,25,16,87.51858318,4219977.69,2
6066,Bearing_3_Ball__7.binvox,25,16,86.84723928,4577585.448,2
6067,Bearing_3_Ball__8.binvox,25,16,90.6210049,4446959.985,2
6068,Bearing_3_InnerRing__1.binvox,25,2,106.6338291,5247650.887,2
6069,Bearing_3_InnerRing__10.binvox,25,2,108.3765519,5114869.28,2
6070,Bearing_3_InnerRing__3.binvox,25,2,111.5394872,5435677.868,2
6071,Bearing_3_InnerRing__4.binvox,25,2,109.143284,5483702.501,2
6072,Bearing_3_InnerRing__5.binvox,25,2,106.1006389,5421040.075,2
6073,Bearing_3_InnerRing__7.binvox,25,2,107.3949449,5421060.694,2
6074,Bearing_3_InnerRing__8.binvox,25,2,110.8501907,5467588.959,2
6075,Bearing_3_OuterRing__1.binvox,25,2,108.0382987,5456379.349,2
6076,Bearing_3_OuterRing__10.binvox,25,2,108.2800784,5428243.042,2
6077,Bearing_3_OuterRing__3.binvox,25,2,107.209221,5325128.259,2
6078,Bearing_3_OuterRing__4.binvox,25,2,111.2322702,5128089.6,2
6079,Bearing_3_OuterRing__5.binvox,25,2,108.7610561,5202310.301,2
6080,Bearing_3_OuterRing__7.binvox,25,2,109.734696,5393328.923,2
6081,Bearing_3_OuterRing__8.binvox,25,2,112.6773266,5364710.172,2
6082,Bearing_4_Ball__1.binvox,25,16,93.92840888,4354700.222,2
6083,Bearing_4_Ball__10.binvox,25,16,88.47234564,4277925.638,2
6084,Bearing_4_Ball__3.binvox,25,16,91.94737897,4392857.081,2
6085,Bearing_4_Ball__4.binvox,25,16,87.03859277,4280803.983,2
6086,Bearing_4_Ball__5.binvox,25,16,94.03361179,4475673.815,2
6087,Bearing_4_Ball__7.binvox,25,16,93.8489544,4537255.736,2
6088,Bearing_4_Ball__8.binvox,25,16,87.89776516,4317606.807,2
6089,Bearing_4_InnerRing__1.binvox,25,2,108.8617732,5475107.121,2
6090,Bearing_4_InnerRing__10.binvox,25,2,113.3739502,5388921.216,2
6091,Bearing_4_InnerRing__3.binvox,25,2,110.3890136,5096219.294,2
6092,Bearing_4_InnerRing__4.binvox,25,2,108.6548492,5273091.311,2
6093,Bearing_4_InnerRing__5.binvox,25,2,105.4892949,5466536.924,2
6094,Bearing_4_InnerRing__7.binvox,25,2,109.9693064,5323428.653,2
6095,Bearing_4_InnerRing__8.binvox,25,2,105.51959,5194717.43,2
6096,Bearing_4_OuterRing__1.binvox,25,2,105.3046196,5114168.355,2
6097,Bearing_4_OuterRing__10.binvox,25,2,113.3230907,5592224.629,2
6098,Bearing_4_OuterRing__3.binvox,25,2,113.2366241,5143858.344,2
6099,Bearing_4_OuterRing__4.binvox,25,2,106.8519275,5464944.199,2
6100,Bearing_4_OuterRing__5.binvox,25,2,112.1880705,5618780.46,2
6101,Bearing_4_OuterRing__7.binvox,25,2,115.2597273,5611599.799,2
6102,Bearing_4_OuterRing__8.binvox,25,2,109.3802489,5601136.385,2
6103,Bearing_5_Ball__1.binvox,25,16,91.91277382,4511640.442,2
6104,Bearing_5_Ball__10.binvox,25,16,87.93639904,4508098.117,2
6105,Bearing_5_Ball__3.binvox,25,16,85.91736372,4412432.298,2
6106,Bearing_5_Ball__4.binvox,25,16,91.51082984,4300351.587,2
6107,Bearing_5_Ball__5.binvox,25,16,86.61034403,4270573.698,2
6108,Bearing_5_Ball__7.binvox,25,16,91.33886648,4525326.229,2
6109,Bearing_5_Ball__8.binvox,25,16,88.04503406,4173362.962,2
6110,Bearing_5_Cage__1.binvox,25,4,4.04390708,276495.2971,25
6111,Bearing_5_Cage__10.binvox,25,4,3.914360511,259621.0392,25
6112,Bearing_5_Cage__3.binvox,25,4,4.099201571,269666.4928,25
6113,Bearing_5_Cage__4.binvox,25,4,4.071328786,265555.7221,25
6114,Bearing_5_Cage__5.binvox,25,4,3.871157119,268311.5591,25
6115,Bearing_5_Cage__7.binvox,25,4,3.989191143,253403.1018,25
6116,Bearing_5_Cage__8.binvox,25,4,3.991260516,275849.8062,25
6117,Bearing_5_InnerRing__1.binvox,25,2,110.8426779,5253411.37,2
6118,Bearing_5_InnerRing__10.binvox,25,2,106.0260716,5133245.383,2
6119,Bearing_5_InnerRing__3.binvox,25,2,108.8502343,5347679.816,2
6120,Bearing_5_InnerRing__4.binvox,25,2,105.1079762,5231164.148,2
6121,Bearing_5_InnerRing__5.binvox,25,2,110.4261235,5156571.677,2
6122,Bearing_5_InnerRing__7.binvox,25,2,114.6708966,5584064.198,2
6123,Bearing_5_InnerRing__8.binvox,25,2,105.0410302,5102606.855,2
6124,Bearing_5_OuterRing__1.binvox,25,2,108.3454788,5366055.471,2
6125,Bearing_5_OuterRing__10.binvox,25,2,107.8712663,5485301.339,2
6126,Bearing_5_OuterRing__3.binvox,25,2,112.7239637,5390606.842,2
6127,Bearing_5_OuterRing__4.binvox,25,2,114.4914137,5506374.148,2
6128,Bearing_5_OuterRing__5.binvox,25,2,109.3561307,5611169.56,2
6129,Bearing_5_OuterRing__7.binvox,25,2,114.2335934,5611018.441,2
6130,Bearing_5_OuterRing__8.binvox,25,2,105.6591299,5121596.238,2
6131,Bearing_5_Seal__1.binvox,26,4,0.380952144,1991.091487,50
6132,Bearing_5_Seal__10.binvox,26,4,0.386563928,2082.275281,50
6133,Bearing_5_Seal__3.binvox,26,4,0.412334025,2029.907682,50
6134,Bearing_5_Seal__4.binvox,26,4,0.406672772,2026.655913,50
6135,Bearing_5_Seal__5.binvox,26,4,0.387698271,2075.247878,50
6136,Bearing_5_Seal__7.binvox,26,4,0.385937171,1907.100652,50
6137,Bearing_5_Seal__8.binvox,26,4,0.396054644,1951.420676,50
6138,Bearing_6_Ball__1.binvox,25,16,87.38055692,4371353.334,2
6139,Bearing_6_Ball__10.binvox,25,16,92.72271598,4315781.168,2
6140,Bearing_6_Ball__3.binvox,25,16,88.61974986,4594385.632,2
6141,Bearing_6_Ball__4.binvox,25,16,85.52216286,4574733.79,2
6142,Bearing_6_Ball__5.binvox,25,16,89.21968108,4463950.795,2
6143,Bearing_6_Ball__7.binvox,25,16,90.74956157,4320032.274,2
6144,Bearing_6_Ball__8.binvox,25,16,93.59784401,4442407.365,2
6145,Bearing_6_InnerRing__1.binvox,25,2,104.7019102,5514029.424,2
6146,Bearing_6_InnerRing__10.binvox,25,2,109.2019727,5482919.522,2
6147,Bearing_6_InnerRing__3.binvox,25,2,106.7315966,5387089.176,2
6148,Bearing_6_InnerRing__4.binvox,25,2,105.8449943,5167964.21,2
6149,Bearing_6_InnerRing__5.binvox,25,2,107.1028767,5154842.033,2
6150,Bearing_6_InnerRing__7.binvox,25,2,111.2577324,5110211.699,2
6151,Bearing_6_InnerRing__8.binvox,25,2,113.1829194,5336359.825,2
6152,Bearing_6_OuterRing__1.binvox,25,2,106.0161555,5296328.417,2
6153,Bearing_6_OuterRing__10.binvox,25,2,113.4062169,5504287.774,2
6154,Bearing_6_OuterRing__3.binvox,25,2,108.2564853,5556362.319,2
6155,Bearing_6_OuterRing__4.binvox,25,2,106.6937732,5135501.178,2
6156,Bearing_6_OuterRing__5.binvox,25,2,112.796165,5608965.946,2
6157,Bearing_6_OuterRing__7.binvox,25,2,104.8064308,5343051.223,2
6158,Bearing_6_OuterRing__8.binvox,25,2,112.981637,5326689.781,2
6159,Bearing_7_Ball__1.binvox,25,16,85.94719456,4486067.025,2
6160,Bearing_7_Ball__10.binvox,25,16,93.25452576,4439793.766,2
6161,Bearing_7_Ball__3.binvox,25,16,90.87822678,4335092.143,2
6162,Bearing_7_Ball__4.binvox,25,16,93.99199122,4502601.085,2
6163,Bearing_7_Ball__5.binvox,25,16,87.17438751,4307830.299,2
6164,Bearing_7_Ball__7.binvox,25,16,86.17106426,4418652.427,2
6165,Bearing_7_Ball__8.binvox,25,16,94.13879468,4329876.647,2
6166,Bearing_7_InnerRing__1.binvox,25,2,109.5860426,5094956.806,2
6167,Bearing_7_InnerRing__10.binvox,25,2,110.7404453,5365225.914,2
6168,Bearing_7_InnerRing__3.binvox,25,2,113.4405897,5498776.057,2
6169,Bearing_7_InnerRing__4.binvox,25,2,110.5960858,5385264.252,2
6170,Bearing_7_InnerRing__5.binvox,25,2,108.3132917,5528874.294,2
6171,Bearing_7_InnerRing__7.binvox,25,2,108.7235651,5175455.556,2
6172,Bearing_7_InnerRing__8.binvox,25,2,110.2413667,5426684.177,2
6173,Bearing_7_OuterRing__1.binvox,25,2,107.0448495,5212374.376,2
6174,Bearing_7_OuterRing__10.binvox,25,2,113.9274554,5161506.658,2
6175,Bearing_7_OuterRing__3.binvox,25,2,111.0705572,5186743.308,2
6176,Bearing_7_OuterRing__4.binvox,25,2,106.6315399,5170068.041,2
6177,Bearing_7_OuterRing__5.binvox,25,2,112.6181773,5086413.276,2
6178,Bearing_7_OuterRing__7.binvox,25,2,107.4982616,5385317.791,2
6179,Bearing_7_OuterRing__8.binvox,25,2,110.6663906,5216965.919,2
6180,Bearing_8_Ball__1.binvox,25,16,87.73305706,4187769.428,2
6181,Bearing_8_Ball__10.binvox,25,16,85.63786386,4209620.089,2
6182,Bearing_8_Ball__3.binvox,25,16,91.55778851,4191162.595,2
6183,Bearing_8_Ball__4.binvox,25,16,93.57500687,4413145.27,2
6184,Bearing_8_Ball__5.binvox,25,16,89.50721478,4515981.334,2
6185,Bearing_8_Ball__7.binvox,25,16,92.91274964,4522757.718,2
6186,Bearing_8_Ball__8.binvox,25,16,92.5892115,4493023.729,2
6187,Bearing_8_InnerRing__1.binvox,25,2,112.1092396,5402177.572,2
6188,Bearing_8_InnerRing__10.binvox,25,2,108.0891901,5549631.8,2
6189,Bearing_8_InnerRing__3.binvox,25,2,104.6167591,5149267.086,2
6190,Bearing_8_InnerRing__4.binvox,25,2,113.9033483,5486044.033,2
6191,Bearing_8_InnerRing__5.binvox,25,2,104.6738049,5555042.691,2
6192,Bearing_8_InnerRing__7.binvox,25,2,113.1741729,5554386.725,2
6193,Bearing_8_InnerRing__8.binvox,25,2,111.7512825,5534094.902,2
6194,Bearing_8_OuterRing__1.binvox,25,2,109.7065723,5263669.795,2
6195,Bearing_8_OuterRing__10.binvox,25,2,111.1618357,5356429.76,2
6196,Bearing_8_OuterRing__3.binvox,25,2,111.9641791,5231561.176,2
6197,Bearing_8_OuterRing__4.binvox,25,2,113.021821,5404741.906,2
6198,Bearing_8_OuterRing__5.binvox,25,2,113.176458,5255956.012,2
6199,Bearing_8_OuterRing__7.binvox,25,2,106.1941579,5466349.01,2
6200,Bearing_8_OuterRing__8.binvox,25,2,108.370079,5490836.879,2
6201,Bearing_9_Ball__1.binvox,25,16,93.39158223,4458741.738,2
6202,Bearing_9_Ball__10.binvox,25,16,92.89485181,4294479.455,2
6203,Bearing_9_Ball__3.binvox,25,16,89.40022907,4412531.342,2
6204,Bearing_9_Ball__4.binvox,25,16,86.5183695,4497632.226,2
6205,Bearing_9_Ball__5.binvox,25,16,93.73977814,4269805.023,2
6206,Bearing_9_Ball__7.binvox,25,16,90.79978269,4340822.199,2
6207,Bearing_9_Ball__8.binvox,25,16,86.34264731,4253368.458,2
6208,Bearing_9_InnerRing__1.binvox,25,2,106.3050429,5535001.591,2
6209,Bearing_9_InnerRing__10.binvox,25,2,113.3979799,5579376.93,2
6210,Bearing_9_InnerRing__3.binvox,25,2,112.2521496,5449461.703,2
6211,Bearing_9_InnerRing__4.binvox,25,2,110.7098965,5478821.615,2
6212,Bearing_9_InnerRing__5.binvox,25,2,107.6124527,5578374.387,2
6213,Bearing_9_InnerRing__7.binvox,25,2,113.290493,5099788.44,2
6214,Bearing_9_InnerRing__8.binvox,25,2,106.8113813,5309094.744,2
6215,Bearing_9_OuterRing__1.binvox,25,2,113.8867028,5282358.937,2
6216,Bearing_9_OuterRing__10.binvox,25,2,105.7157893,5423051.529,2
6217,Bearing_9_OuterRing__3.binvox,25,2,107.8123334,5200155.235,2
6218,Bearing_9_OuterRing__4.binvox,25,2,104.8258652,5195856.956,2
6219,Bearing_9_OuterRing__5.binvox,25,2,106.9328306,5562180.214,2
6220,Bearing_9_OuterRing__7.binvox,25,2,113.5943073,5263376.368,2
6221,Bearing_9_OuterRing__8.binvox,25,2,105.0703974,5289218.734,2
6222,Bearing_9_Seal__1.binvox,26,4,0.395439171,2051.048129,50
6223,Bearing_9_Seal__10.binvox,26,4,0.404705473,2030.78962,50
6224,Bearing_9_Seal__3.binvox,26,4,0.401357392,1946.178493,50
6225,Bearing_9_Seal__4.binvox,26,4,0.390751757,2009.301559,50
6226,Bearing_9_Seal__5.binvox,26,4,0.394076794,2057.030192,50
6227,Bearing_9_Seal__7.binvox,26,4,0.397313769,1923.144302,50
6228,Bearing_9_Seal__8.binvox,26,4,0.382370572,2080.418789,50
6229,Caster_10_Bolt__1.binvox,27,4,31.02270302,1393087.774,2
6230,Caster_10_Bolt__10.binvox,27,4,31.35476701,1461133.767,2
6231,Caster_10_Bolt__3.binvox,27,4,29.31228367,1409097.427,2
6232,Caster_10_Bolt__4.binvox,27,4,28.79140198,1417733.142,2
6233,Caster_10_Bolt__5.binvox,27,4,28.64456735,1396965.724,2
6234,Caster_10_Bolt__7.binvox,27,4,28.98055977,1448567.493,2
6235,Caster_10_Bolt__8.binvox,27,4,28.55533702,1516427.537,2
6236,Caster_10_Fork__1.binvox,30,2,20.40277793,1012421.526,2
6237,Caster_10_Fork__10.binvox,30,2,19.31176565,997380.6557,2
6238,Caster_10_Fork__3.binvox,30,2,19.43660456,953307.7822,2
6239,Caster_10_Fork__4.binvox,30,2,19.8303004,993555.7629,2
6240,Caster_10_Fork__5.binvox,30,2,20.09862121,942010.8191,2
6241,Caster_10_Fork__7.binvox,30,2,20.42870601,926187.1472,2
6242,Caster_10_Fork__8.binvox,30,2,20.95282494,945863.7499,2
6243,Caster_10_Nut__1.binvox,27,4,31.19160691,1426274.275,2
6244,Caster_10_Nut__10.binvox,27,4,28.50989017,1501474.818,2
6245,Caster_10_Nut__3.binvox,27,4,31.4219983,1489351.499,2
6246,Caster_10_Nut__4.binvox,27,4,31.19486098,1519591.065,2
6247,Caster_10_Nut__5.binvox,27,4,31.14453232,1480555.997,2
6248,Caster_10_Nut__7.binvox,27,4,28.87455165,1414923.687,2
6249,Caster_10_Nut__8.binvox,27,4,29.45682506,1477630.752,2
6250,Caster_10_TopPlate__1.binvox,29,2,75.28804179,3717182.156,2
6251,Caster_10_TopPlate__10.binvox,29,2,73.42487332,3690935.368,2
6252,Caster_10_TopPlate__3.binvox,29,2,70.17245608,3709078.497,2
6253,Caster_10_TopPlate__4.binvox,29,2,69.73210889,3660876.669,2
6254,Caster_10_TopPlate__5.binvox,29,2,69.87100033,3682266.284,2
6255,Caster_10_TopPlate__7.binvox,29,2,71.25192088,3385387.007,2
6256,Caster_10_TopPlate__8.binvox,29,2,71.52435009,3590248.231,2
6257,Caster_10_WheelRubber__1.binvox,26,2,0.402589602,1906.098519,50
6258,Caster_10_WheelRubber__10.binvox,26,2,0.405051391,2066.365105,50
6259,Caster_10_WheelRubber__3.binvox,26,2,0.381241044,1919.463229,50
6260,Caster_10_WheelRubber__4.binvox,26,2,0.384052268,2091.040649,50
6261,Caster_10_WheelRubber__5.binvox,26,2,0.400339023,2059.463402,50
6262,Caster_10_WheelRubber__7.binvox,26,2,0.382408282,1938.742971,50
6263,Caster_10_WheelRubber__8.binvox,26,2,0.416136923,2063.61297,50
6264,Caster_10_Wheel__1.binvox,29,2,5.353863933,19579.11298,80
6265,Caster_10_Wheel__10.binvox,29,2,5.374325088,19630.37557,80
6266,Caster_10_Wheel__3.binvox,29,2,5.302509588,19923.22397,80
6267,Caster_10_Wheel__4.binvox,29,2,5.196210078,19987.63724,80
6268,Caster_10_Wheel__5.binvox,29,2,5.50875462,20987.07654,80
6269,Caster_10_Wheel__7.binvox,29,2,5.545462819,20305.44167,80
6270,Caster_10_Wheel__8.binvox,29,2,5.282983875,20479.19047,80
6271,Caster_1_Bolt__1.binvox,27,4,31.47116794,1415643.286,2
6272,Caster_1_Bolt__10.binvox,27,4,30.74044849,1519333.608,2
6273,Caster_1_Bolt__3.binvox,27,4,30.64005169,1456309.549,2
6274,Caster_1_Bolt__4.binvox,27,4,31.1718891,1455036.589,2
6275,Caster_1_Bolt__5.binvox,27,4,29.53810772,1479791.553,2
6276,Caster_1_Bolt__7.binvox,27,4,29.07329035,1475493.284,2
6277,Caster_1_Bolt__8.binvox,27,4,29.82877815,1421318.287,2
6278,Caster_1_Fork__1.binvox,30,2,19.99885099,925792.1601,2
6279,Caster_1_Fork__10.binvox,30,2,20.44145368,932065.2974,2
6280,Caster_1_Fork__3.binvox,30,2,20.13440866,987090.4415,2
6281,Caster_1_Fork__4.binvox,30,2,20.42372045,961754.6538,2
6282,Caster_1_Fork__5.binvox,30,2,19.61500626,961037.6051,2
6283,Caster_1_Fork__7.binvox,30,2,20.29956369,1002560.564,2
6284,Caster_1_Fork__8.binvox,30,2,19.21605794,934520.0167,2
6285,Caster_1_Nut__1.binvox,27,4,30.48933148,1455577.064,2
6286,Caster_1_Nut__10.binvox,27,4,30.56822858,1489130.368,2
6287,Caster_1_Nut__3.binvox,27,4,28.94050474,1422177.655,2
6288,Caster_1_Nut__4.binvox,27,4,30.14496144,1455407.212,2
6289,Caster_1_Nut__5.binvox,27,4,30.31817196,1439123.98,2
6290,Caster_1_Nut__7.binvox,27,4,30.32814265,1457907.623,2
6291,Caster_1_Nut__8.binvox,27,4,30.61220049,1417754.463,2
6292,Caster_1_Wheel__1.binvox,29,2,5.299912797,19372.27326,80
6293,Caster_1_Wheel__10.binvox,29,2,5.546855277,20295.30425,80
6294,Caster_1_Wheel__3.binvox,29,2,5.381389134,20537.58399,80
6295,Caster_1_Wheel__4.binvox,29,2,5.254340359,21006.33114,80
6296,Caster_1_Wheel__5.binvox,29,2,5.512917154,19861.53025,80
6297,Caster_1_Wheel__7.binvox,29,2,5.325708913,19794.68991,80
6298,Caster_1_Wheel__8.binvox,29,2,5.573045398,20409.40232,80
6299,Caster_2_Bolt__1.binvox,27,4,31.13704349,1532246.835,2
6300,Caster_2_Bolt__10.binvox,27,4,29.102504,1519706.424,2
6301,Caster_2_Bolt__3.binvox,27,4,30.13075859,1530661.727,2
6302,Caster_2_Bolt__4.binvox,27,4,30.12878616,1485814.607,2
6303,Caster_2_Bolt__5.binvox,27,4,30.33752893,1402812.776,2
6304,Caster_2_Bolt__7.binvox,27,4,30.13756058,1461228.402,2
6305,Caster_2_Bolt__8.binvox,27,4,28.68199923,1496018.108,2
6306,Caster_2_Fork__1.binvox,30,2,19.47575281,998315.7588,2
6307,Caster_2_Fork__10.binvox,30,2,20.3506486,1008793.062,2
6308,Caster_2_Fork__3.binvox,30,2,20.22574485,945351.7999,2
6309,Caster_2_Fork__4.binvox,30,2,20.41304481,974294.617,2
6310,Caster_2_Fork__5.binvox,30,2,19.06441051,984972.286,2
6311,Caster_2_Fork__7.binvox,30,2,20.29408758,980793.9399,2
6312,Caster_2_Fork__8.binvox,30,2,20.97463234,960648.2116,2
6313,Caster_2_Nut__1.binvox,27,4,28.96458271,1387733.837,2
6314,Caster_2_Nut__10.binvox,27,4,28.97852529,1484395.474,2
6315,Caster_2_Nut__3.binvox,27,4,30.68289993,1469827.071,2
6316,Caster_2_Nut__4.binvox,27,4,29.46759554,1524854.057,2
6317,Caster_2_Nut__5.binvox,27,4,30.51603895,1453790.433,2
6318,Caster_2_Nut__7.binvox,27,4,29.09484154,1502626.845,2
6319,Caster_2_Nut__8.binvox,27,4,31.15841715,1408579.898,2
6320,Caster_2_Wheel__1.binvox,29,2,5.415458021,19873.89571,80
6321,Caster_2_Wheel__10.binvox,29,2,5.12666839,19851.26465,80
6322,Caster_2_Wheel__3.binvox,29,2,5.087902941,20991.89005,80
6323,Caster_2_Wheel__4.binvox,29,2,5.342269008,19641.47063,80
6324,Caster_2_Wheel__5.binvox,29,2,5.553399675,20146.98343,80
6325,Caster_2_Wheel__7.binvox,29,2,5.295518467,19590.28051,80
6326,Caster_2_Wheel__8.binvox,29,2,5.145875139,19696.72681,80
6327,Caster_3_Bolt__1.binvox,27,4,31.11011311,1392286.124,2
6328,Caster_3_Bolt__10.binvox,27,4,29.93015058,1393756.827,2
6329,Caster_3_Bolt__3.binvox,27,4,29.18003434,1402315.612,2
6330,Caster_3_Bolt__4.binvox,27,4,29.78167293,1426774.905,2
6331,Caster_3_Bolt__5.binvox,27,4,30.71131363,1530052.407,2
6332,Caster_3_Bolt__7.binvox,27,4,30.77521003,1521741.704,2
6333,Caster_3_Bolt__8.binvox,27,4,29.44996482,1532827.207,2
6334,Caster_3_Fork__1.binvox,30,2,19.41693067,974820.2766,2
6335,Caster_3_Fork__10.binvox,30,2,20.7539156,992277.9756,2
6336,Caster_3_Fork__3.binvox,30,2,19.24598994,997794.7184,2
6337,Caster_3_Fork__4.binvox,30,2,19.46472089,942829.6305,2
6338,Caster_3_Fork__5.binvox,30,2,20.68052115,935619.8145,2
6339,Caster_3_Fork__7.binvox,30,2,19.31765491,991107.9862,2
6340,Caster_3_Fork__8.binvox,30,2,20.64561325,944104.8463,2
6341,Caster_3_Nut__1.binvox,27,4,30.31050826,1401792.377,2
6342,Caster_3_Nut__10.binvox,27,4,29.85436875,1532380.689,2
6343,Caster_3_Nut__3.binvox,27,4,31.03842281,1422981.725,2
6344,Caster_3_Nut__4.binvox,27,4,30.43587579,1502652.511,2
6345,Caster_3_Nut__5.binvox,27,4,31.49478245,1468143.904,2
6346,Caster_3_Nut__7.binvox,27,4,29.11184106,1502788.28,2
6347,Caster_3_Nut__8.binvox,27,4,31.13062472,1498571.784,2
6348,Caster_3_Wheel__1.binvox,29,2,5.519391003,19481.49156,80
6349,Caster_3_Wheel__10.binvox,29,2,5.424831843,20775.27447,80
6350,Caster_3_Wheel__3.binvox,29,2,5.545974455,19892.76531,80
6351,Caster_3_Wheel__4.binvox,29,2,5.276450917,20575.48132,80
6352,Caster_3_Wheel__5.binvox,29,2,5.074038703,21026.54139,80
6353,Caster_3_Wheel__7.binvox,29,2,5.269712222,20251.45526,80
6354,Caster_3_Wheel__8.binvox,29,2,5.575059395,21092.84541,80
6355,Caster_4_Bolt__1.binvox,27,4,29.36934651,1526312.029,2
6356,Caster_4_Bolt__10.binvox,27,4,31.35979368,1425554.102,2
6357,Caster_4_Bolt__3.binvox,27,4,31.49472028,1532028.984,2
6358,Caster_4_Bolt__4.binvox,27,4,29.31951136,1459616.869,2
6359,Caster_4_Bolt__5.binvox,27,4,28.71383698,1515069.827,2
6360,Caster_4_Bolt__7.binvox,27,4,30.35370561,1456545.132,2
6361,Caster_4_Bolt__8.binvox,27,4,29.73420215,1502249.63,2
6362,Caster_4_Fork__1.binvox,30,2,20.91969718,1016451.876,2
6363,Caster_4_Fork__10.binvox,30,2,20.97414981,1009478.475,2
6364,Caster_4_Fork__3.binvox,30,2,19.02464295,927337.124,2
6365,Caster_4_Fork__4.binvox,30,2,19.64082094,925863.9229,2
6366,Caster_4_Fork__5.binvox,30,2,20.36624587,1018736.299,2
6367,Caster_4_Fork__7.binvox,30,2,19.24211994,931667.7821,2
6368,Caster_4_Fork__8.binvox,30,2,20.34715313,958454.9859,2
6369,Caster_4_Nut__1.binvox,27,4,30.95098549,1414534.002,2
6370,Caster_4_Nut__10.binvox,27,4,30.40935184,1438480.979,2
6371,Caster_4_Nut__3.binvox,27,4,28.82989599,1467527.715,2
6372,Caster_4_Nut__4.binvox,27,4,30.09976621,1508610.435,2
6373,Caster_4_Nut__5.binvox,27,4,29.81903429,1411981.447,2
6374,Caster_4_Nut__7.binvox,27,4,28.75837892,1452720.997,2
6375,Caster_4_Nut__8.binvox,27,4,30.73701598,1530273.852,2
6376,Caster_4_WheelRubber__1.binvox,26,2,0.389100585,1964.830709,50
6377,Caster_4_WheelRubber__10.binvox,26,2,0.392726481,1960.510001,50
6378,Caster_4_WheelRubber__3.binvox,26,2,0.386210235,2011.887478,50
6379,Caster_4_WheelRubber__4.binvox,26,2,0.402087207,2038.938502,50
6380,Caster_4_WheelRubber__5.binvox,26,2,0.389112012,2006.130897,50
6381,Caster_4_WheelRubber__7.binvox,26,2,0.400983388,2080.585937,50
6382,Caster_4_WheelRubber__8.binvox,26,2,0.412546268,2083.974311,50
6383,Caster_4_Wheel__1.binvox,29,2,5.133092914,19150.91774,80
6384,Caster_4_Wheel__10.binvox,29,2,5.176404715,20583.62355,80
6385,Caster_4_Wheel__3.binvox,29,2,5.250002239,19244.15973,80
6386,Caster_4_Wheel__4.binvox,29,2,5.257060571,19632.45308,80
6387,Caster_4_Wheel__5.binvox,29,2,5.377553321,19299.23219,80
6388,Caster_4_Wheel__7.binvox,29,2,5.059175892,19338.37126,80
6389,Caster_4_Wheel__8.binvox,29,2,5.127648924,20178.02856,80
6390,Caster_5_Bolt__1.binvox,27,4,28.79998,1446899.161,2
6391,Caster_5_Bolt__10.binvox,27,4,30.04371529,1477759.661,2
6392,Caster_5_Bolt__3.binvox,27,4,29.26833855,1476275.119,2
6393,Caster_5_Bolt__4.binvox,27,4,28.59049078,1499472.202,2
6394,Caster_5_Bolt__5.binvox,27,4,30.34801108,1393719.852,2
6395,Caster_5_Bolt__7.binvox,27,4,30.7290641,1415650.058,2
6396,Caster_5_Bolt__8.binvox,27,4,29.1149408,1502610.267,2
6397,Caster_5_Fork__1.binvox,30,2,19.40673882,1005312.732,2
6398,Caster_5_Fork__10.binvox,30,2,20.53146591,995578.5711,2
6399,Caster_5_Fork__3.binvox,30,2,19.74939266,998532.0724,2
6400,Caster_5_Fork__4.binvox,30,2,19.95240349,946640.2648,2
6401,Caster_5_Fork__5.binvox,30,2,20.46759578,961121.2452,2
6402,Caster_5_Fork__7.binvox,30,2,19.91358352,993417.127,2
6403,Caster_5_Fork__8.binvox,30,2,19.48182004,989603.9784,2
6404,Caster_5_Nut__1.binvox,27,4,31.13369699,1456988.851,2
6405,Caster_5_Nut__10.binvox,27,4,30.92017682,1474257.174,2
6406,Caster_5_Nut__3.binvox,27,4,29.03092447,1520812.994,2
6407,Caster_5_Nut__4.binvox,27,4,30.7476095,1418809.241,2
6408,Caster_5_Nut__5.binvox,27,4,28.97924927,1437420.024,2
6409,Caster_5_Nut__7.binvox,27,4,28.56447513,1491512.604,2
6410,Caster_5_Nut__8.binvox,27,4,30.56979591,1453788.741,2
6411,Caster_5_Wheel__1.binvox,29,2,5.378276113,20191.25698,80
6412,Caster_5_Wheel__10.binvox,29,2,5.492075374,19557.83691,80
6413,Caster_5_Wheel__3.binvox,29,2,5.258437325,19934.86751,80
6414,Caster_5_Wheel__4.binvox,29,2,5.495995031,19562.59575,80
6415,Caster_5_Wheel__5.binvox,29,2,5.092429269,20850.76091,80
6416,Caster_5_Wheel__7.binvox,29,2,5.580776647,20328.54424,80
6417,Caster_5_Wheel__8.binvox,29,2,5.568477426,20177.78001,80
6418,Caster_6_Bolt__1.binvox,27,4,31.40112525,1498578.232,2
6419,Caster_6_Bolt__10.binvox,27,4,30.78431741,1462791.853,2
6420,Caster_6_Bolt__3.binvox,27,4,31.27068363,1404748.523,2
6421,Caster_6_Bolt__4.binvox,27,4,29.48168675,1511943.567,2
6422,Caster_6_Bolt__5.binvox,27,4,29.62794426,1403497.387,2
6423,Caster_6_Bolt__7.binvox,27,4,28.91344467,1477103.525,2
6424,Caster_6_Bolt__8.binvox,27,4,30.38439098,1463309.774,2
6425,Caster_6_Fork__1.binvox,30,2,19.03257369,935819.7291,2
6426,Caster_6_Fork__10.binvox,30,2,19.34233233,992284.3494,2
6427,Caster_6_Fork__3.binvox,30,2,19.88755019,929194.6436,2
6428,Caster_6_Fork__4.binvox,30,2,20.41625802,938855.6208,2
6429,Caster_6_Fork__5.binvox,30,2,19.20731879,1006426.16,2
6430,Caster_6_Fork__7.binvox,30,2,20.4524255,1002823.313,2
6431,Caster_6_Fork__8.binvox,30,2,19.43935945,934623.8156,2
6432,Caster_6_Nut__1.binvox,27,4,31.3202296,1421353.803,2
6433,Caster_6_Nut__10.binvox,27,4,31.18017781,1417973.796,2
6434,Caster_6_Nut__3.binvox,27,4,28.95151049,1398016.15,2
6435,Caster_6_Nut__4.binvox,27,4,28.82124983,1419978.012,2
6436,Caster_6_Nut__5.binvox,27,4,30.03363597,1408032.837,2
6437,Caster_6_Nut__7.binvox,27,4,28.92242822,1411083.396,2
6438,Caster_6_Nut__8.binvox,27,4,31.39555239,1528634.282,2
6439,Caster_6_TopPlate__1.binvox,29,2,69.93814956,3422155.116,2
6440,Caster_6_TopPlate__10.binvox,29,2,75.53694155,3720543.746,2
6441,Caster_6_TopPlate__3.binvox,29,2,73.31904894,3593363.994,2
6442,Caster_6_TopPlate__4.binvox,29,2,70.87210407,3397392.741,2
6443,Caster_6_TopPlate__5.binvox,29,2,74.2222315,3733957.056,2
6444,Caster_6_TopPlate__7.binvox,29,2,73.33054287,3617657.352,2
6445,Caster_6_TopPlate__8.binvox,29,2,72.63955328,3633326.193,2
6446,Caster_6_Wheel__1.binvox,29,2,5.109825637,19767.07924,80
6447,Caster_6_Wheel__10.binvox,29,2,5.286069362,20126.60689,80
6448,Caster_6_Wheel__3.binvox,29,2,5.365841579,19257.25111,80
6449,Caster_6_Wheel__4.binvox,29,2,5.368954366,19313.9472,80
6450,Caster_6_Wheel__5.binvox,29,2,5.213769954,20422.48087,80
6451,Caster_6_Wheel__7.binvox,29,2,5.402315229,19976.21589,80
6452,Caster_6_Wheel__8.binvox,29,2,5.145545248,19335.86524,80
6453,Caster_7_Bolt__1.binvox,27,4,30.73269752,1455216.934,2
6454,Caster_7_Bolt__10.binvox,27,4,30.51046641,1456697.819,2
6455,Caster_7_Bolt__3.binvox,27,4,29.72980158,1409254.308,2
6456,Caster_7_Bolt__4.binvox,27,4,28.52447721,1441189.588,2
6457,Caster_7_Bolt__5.binvox,27,4,29.66359105,1400382.784,2
6458,Caster_7_Bolt__7.binvox,27,4,30.71500789,1513574.46,2
6459,Caster_7_Bolt__8.binvox,27,4,28.83612974,1473391.935,2
6460,Caster_7_Fork__1.binvox,30,2,20.26456072,945546.9189,2
6461,Caster_7_Fork__10.binvox,30,2,20.67036466,974487.2862,2
6462,Caster_7_Fork__3.binvox,30,2,19.04346964,1015322.515,2
6463,Caster_7_Fork__4.binvox,30,2,19.30508897,1015143.716,2
6464,Caster_7_Fork__5.binvox,30,2,20.50303594,977114.1192,2
6465,Caster_7_Fork__7.binvox,30,2,19.30781118,994802.8211,2
6466,Caster_7_Fork__8.binvox,30,2,20.27922127,982687.775,2
6467,Caster_7_Nut__1.binvox,27,4,30.79288659,1531942.95,2
6468,Caster_7_Nut__10.binvox,27,4,30.2706391,1506724.546,2
6469,Caster_7_Nut__3.binvox,27,4,28.95956048,1495533.442,2
6470,Caster_7_Nut__4.binvox,27,4,30.5936454,1480511.618,2
6471,Caster_7_Nut__5.binvox,27,4,30.96688936,1518994.37,2
6472,Caster_7_Nut__7.binvox,27,4,28.7535505,1424656.027,2
6473,Caster_7_Nut__8.binvox,27,4,30.00262159,1412055.56,2
6474,Caster_7_TopPlate__1.binvox,29,2,71.37665287,3511769.085,2
6475,Caster_7_TopPlate__10.binvox,29,2,71.57915755,3689964.811,2
6476,Caster_7_TopPlate__3.binvox,29,2,73.62603305,3729765.029,2
6477,Caster_7_TopPlate__4.binvox,29,2,69.59842304,3698931.056,2
6478,Caster_7_TopPlate__5.binvox,29,2,71.8124975,3450183.828,2
6479,Caster_7_TopPlate__7.binvox,29,2,72.67564596,3596620.857,2
6480,Caster_7_TopPlate__8.binvox,29,2,75.7571243,3575489.35,2
6481,Caster_7_Wheel__1.binvox,29,2,5.574712573,20625.92389,80
6482,Caster_7_Wheel__10.binvox,29,2,5.373643042,20779.91409,80
6483,Caster_7_Wheel__3.binvox,29,2,5.469001295,21070.87122,80
6484,Caster_7_Wheel__4.binvox,29,2,5.465934179,19605.07325,80
6485,Caster_7_Wheel__5.binvox,29,2,5.358271666,19671.97436,80
6486,Caster_7_Wheel__7.binvox,29,2,5.500733974,19306.68933,80
6487,Caster_7_Wheel__8.binvox,29,2,5.072953016,19984.07422,80
6488,Caster_8_Bolt__1.binvox,27,4,30.94140247,1400965.793,2
6489,Caster_8_Bolt__10.binvox,27,4,30.77682758,1430145.546,2
6490,Caster_8_Bolt__3.binvox,27,4,30.29318551,1402985.632,2
6491,Caster_8_Bolt__4.binvox,27,4,29.42237592,1477224.735,2
6492,Caster_8_Bolt__5.binvox,27,4,28.6407322,1511077.995,2
6493,Caster_8_Bolt__7.binvox,27,4,29.37966226,1436947.666,2
6494,Caster_8_Bolt__8.binvox,27,4,29.35870491,1393492.128,2
6495,Caster_8_Fork__1.binvox,30,2,20.30235498,1019616.523,2
6496,Caster_8_Fork__10.binvox,30,2,20.61011486,971742.5481,2
6497,Caster_8_Fork__3.binvox,30,2,20.65008719,1020590.106,2
6498,Caster_8_Fork__4.binvox,30,2,19.65893468,947314.863,2
6499,Caster_8_Fork__5.binvox,30,2,19.89460915,960948.1027,2
6500,Caster_8_Fork__7.binvox,30,2,19.2631619,939497.0822,2
6501,Caster_8_Fork__8.binvox,30,2,19.47452673,954969.0536,2
6502,Caster_8_Nut__1.binvox,27,4,29.6812495,1524830.074,2
6503,Caster_8_Nut__10.binvox,27,4,30.28132923,1427582.376,2
6504,Caster_8_Nut__3.binvox,27,4,30.01189276,1415250.99,2
6505,Caster_8_Nut__4.binvox,27,4,29.99297149,1453381.52,2
6506,Caster_8_Nut__5.binvox,27,4,29.41431444,1444010.22,2
6507,Caster_8_Nut__7.binvox,27,4,28.89609611,1436297.718,2
6508,Caster_8_Nut__8.binvox,27,4,31.34925858,1525027.506,2
6509,Caster_8_TopPlate__1.binvox,29,2,74.94767897,3390692.47,2
6510,Caster_8_TopPlate__10.binvox,29,2,76.09875566,3560318.735,2
6511,Caster_8_TopPlate__3.binvox,29,2,71.05380869,3694649.456,2
6512,Caster_8_TopPlate__4.binvox,29,2,74.65952305,3588902.072,2
6513,Caster_8_TopPlate__5.binvox,29,2,76.03891519,3494642.596,2
6514,Caster_8_TopPlate__7.binvox,29,2,76.31872079,3632028.563,2
6515,Caster_8_TopPlate__8.binvox,29,2,74.68047348,3672242.556,2
6516,Caster_8_Wheel__1.binvox,29,2,5.300387683,19185.89574,80
6517,Caster_8_Wheel__10.binvox,29,2,5.332543294,20921.69587,80
6518,Caster_8_Wheel__3.binvox,29,2,5.246623761,19888.53156,80
6519,Caster_8_Wheel__4.binvox,29,2,5.15480721,19504.46826,80
6520,Caster_8_Wheel__5.binvox,29,2,5.521771788,20103.69801,80
6521,Caster_8_Wheel__7.binvox,29,2,5.054736668,19599.0106,80
6522,Caster_8_Wheel__8.binvox,29,2,5.230192273,20702.58276,80
6523,Caster_9_Bolt__1.binvox,27,4,28.93160323,1499592.136,2
6524,Caster_9_Bolt__10.binvox,27,4,29.39876934,1503018.085,2
6525,Caster_9_Bolt__3.binvox,27,4,30.44973778,1526270.95,2
6526,Caster_9_Bolt__4.binvox,27,4,30.3328239,1526319.386,2
6527,Caster_9_Bolt__5.binvox,27,4,29.5653109,1503880.418,2
6528,Caster_9_Bolt__7.binvox,27,4,28.92819125,1421340.157,2
6529,Caster_9_Bolt__8.binvox,27,4,29.85122682,1416590.581,2
6530,Caster_9_Fork__1.binvox,30,2,20.1829262,981435.3353,2
6531,Caster_9_Fork__10.binvox,30,2,19.15024437,992080.8829,2
6532,Caster_9_Fork__3.binvox,30,2,19.32817463,967822.4,2
6533,Caster_9_Fork__4.binvox,30,2,19.14171709,975933.1678,2
6534,Caster_9_Fork__5.binvox,30,2,19.44915268,997074.7455,2
6535,Caster_9_Fork__7.binvox,30,2,20.0449755,968349.2935,2
6536,Caster_9_Fork__8.binvox,30,2,20.35744443,986450.9145,2
6537,Caster_9_Nut__1.binvox,27,4,28.57578673,1487003.414,2
6538,Caster_9_Nut__10.binvox,27,4,29.57158733,1435400.15,2
6539,Caster_9_Nut__3.binvox,27,4,30.55449975,1512866.144,2
6540,Caster_9_Nut__4.binvox,27,4,31.33210322,1455701.132,2
6541,Caster_9_Nut__5.binvox,27,4,30.83885266,1429933.774,2
6542,Caster_9_Nut__7.binvox,27,4,28.74424958,1406407.809,2
6543,Caster_9_Nut__8.binvox,27,4,29.34952796,1492138.637,2
6544,Caster_9_TopPlate__1.binvox,29,2,70.84124895,3467742.613,2
6545,Caster_9_TopPlate__10.binvox,29,2,70.5817247,3517700.175,2
6546,Caster_9_TopPlate__3.binvox,29,2,70.50130456,3483961.112,2
6547,Caster_9_TopPlate__4.binvox,29,2,76.79481779,3736869.499,2
6548,Caster_9_TopPlate__5.binvox,29,2,70.21273311,3628942.043,2
6549,Caster_9_TopPlate__7.binvox,29,2,71.19968847,3532003.706,2
6550,Caster_9_TopPlate__8.binvox,29,2,75.19514377,3557364.677,2
6551,Caster_9_Wheel__1.binvox,29,2,5.560882051,20326.36489,80
6552,Caster_9_Wheel__10.binvox,29,2,5.066041817,19108.81951,80
6553,Caster_9_Wheel__3.binvox,29,2,5.381036996,20582.56654,80
6554,Caster_9_Wheel__4.binvox,29,2,5.500908451,20229.37733,80
6555,Caster_9_Wheel__5.binvox,29,2,5.438998439,19897.07226,80
6556,Caster_9_Wheel__7.binvox,29,2,5.385709777,20846.48761,80
6557,Caster_9_Wheel__8.binvox,29,2,5.477426522,20437.11207,80
6558,Clamp_10_Frame__1.binvox,29,2,76.05344191,3451358.977,2
6559,Clamp_10_Pad__1.binvox,27,2,3.661421313,17554.84754,50
6560,Clamp_10_PinScrew__1.binvox,27,2,31.48674031,1527393.042,2
6561,Clamp_11_Frame__1.binvox,29,2,76.26495959,3462714.491,2
6562,Clamp_11_Handle__1.binvox,27,2,35.26534606,1701312.755,2
6563,Clamp_11_Pad__1.binvox,27,2,3.7045756,18796.79367,50
6564,Clamp_11_PinScrew__1.binvox,27,2,28.90463507,1426828.423,2
6565,Clamp_12_Frame__1.binvox,29,2,75.11738097,3460704.758,2
6566,Clamp_12_Handle__1.binvox,27,2,37.51131865,1759570.193,2
6567,Clamp_12_Pad__1.binvox,27,2,3.66962243,19010.33123,50
6568,Clamp_12_PinScrew__1.binvox,27,2,29.33474234,1436665.657,2
6569,Clamp_13_Frame__1.binvox,29,2,70.11134627,3476749.306,2
6570,Clamp_13_Handle__1.binvox,27,2,35.97417171,1828582.002,2
6571,Clamp_13_Pad__1.binvox,27,2,3.766754792,19124.4574,50
6572,Clamp_13_PinScrew__1.binvox,27,2,29.57299637,1472331.214,2
6573,Clamp_15_Frame__1.binvox,29,2,76.23480428,3433526.238,2
6574,Clamp_15_Handle__1.binvox,27,2,37.67239546,1772537.178,2
6575,Clamp_15_Pad__1.binvox,27,2,3.492648093,18370.23399,50
6576,Clamp_15_PinScrew__1.binvox,27,2,30.44889376,1462124.46,2
6577,Clamp_16_Frame__1.binvox,29,2,73.35943364,3613725.687,2
6578,Clamp_16_Handle__1.binvox,27,2,36.69161737,1713511.496,2
6579,Clamp_16_Pad__1.binvox,27,2,3.528571687,17477.4781,50
6580,Clamp_16_PinScrew__1.binvox,27,2,29.7670085,1422899.805,2
6581,Clamp_17_Frame__1.binvox,29,2,69.72568442,3665289.495,2
6582,Clamp_17_Handle__1.binvox,27,2,38.16344329,1841724.111,2
6583,Clamp_17_Pad__1.binvox,27,2,3.83910533,18948.43512,50
6584,Clamp_17_PinScrew__1.binvox,27,2,30.70221153,1497426.449,2
6585,Clamp_18_Frame__1.binvox,29,2,73.39243998,3392400.461,2
6586,Clamp_18_Handle__1.binvox,27,2,35.01103906,1852039,2
6587,Clamp_18_Pad__1.binvox,27,2,3.542857613,19123.91208,50
6588,Clamp_18_PinScrew__1.binvox,27,2,30.58238761,1529153.168,2
6589,Clamp_1_Frame__2.binvox,29,2,76.00476274,3644416.605,2
6590,Clamp_1_Frame__3.binvox,29,2,74.80710702,3481204.07,2
6591,Clamp_1_Frame__4.binvox,29,2,76.67081947,3521911.952,2
6592,Clamp_1_Frame__5.binvox,29,2,70.05396689,3676869.341,2
6593,Clamp_1_Frame__7.binvox,29,2,75.3587145,3717841.344,2
6594,Clamp_1_Frame__9.binvox,29,2,72.1720163,3485809.017,2
6595,Clamp_1_Handle__2.binvox,27,2,37.98512891,1763143.032,2
6596,Clamp_1_Handle__3.binvox,27,2,37.83994957,1759207.44,2
6597,Clamp_1_Handle__4.binvox,27,2,36.20683094,1693560.046,2
6598,Clamp_1_Handle__5.binvox,27,2,36.26817652,1769451.077,2
6599,Clamp_1_Handle__7.binvox,27,2,38.08401141,1740394,2
6600,Clamp_1_Handle__9.binvox,27,2,36.73742865,1715447.322,2
6601,Clamp_1_Pad__2.binvox,27,2,3.670862616,17623.31375,50
6602,Clamp_1_Pad__3.binvox,27,2,3.697196257,18708.21806,50
6603,Clamp_1_Pad__4.binvox,27,2,3.491752578,18256.3583,50
6604,Clamp_1_Pad__5.binvox,27,2,3.547123784,18373.82454,50
6605,Clamp_1_Pad__7.binvox,27,2,3.799672168,18867.68321,50
6606,Clamp_1_Pad__9.binvox,27,2,3.74525218,19104.45667,50
6607,Clamp_1_PinScrew__2.binvox,27,2,30.52043347,1401356.209,2
6608,Clamp_1_PinScrew__3.binvox,27,2,30.56883309,1448106.559,2
6609,Clamp_1_PinScrew__4.binvox,27,2,31.32534889,1429251.292,2
6610,Clamp_1_PinScrew__5.binvox,27,2,30.69472026,1466957.406,2
6611,Clamp_1_PinScrew__7.binvox,27,2,30.38089605,1532241.321,2
6612,Clamp_1_PinScrew__9.binvox,27,2,29.1625886,1399099.529,2
6613,Clamp_20_Frame__1.binvox,29,2,71.50619048,3454215.05,2
6614,Clamp_20_Handle__1.binvox,27,2,37.59196314,1791056.825,2
6615,Clamp_20_Pad__1.binvox,27,2,3.576403102,17928.962,50
6616,Clamp_20_PinScrew__1.binvox,27,2,28.66604902,1491685.773,2
6617,Clamp_2_Frame__2.binvox,29,2,71.10017234,3593505.985,2
6618,Clamp_2_Frame__3.binvox,29,2,70.71344392,3463155.457,2
6619,Clamp_2_Frame__4.binvox,29,2,73.07592654,3729534.284,2
6620,Clamp_2_Frame__5.binvox,29,2,73.6247832,3440403.099,2
6621,Clamp_2_Frame__7.binvox,29,2,74.08276598,3505231.593,2
6622,Clamp_2_Frame__9.binvox,29,2,70.39519712,3654454.905,2
6623,Clamp_2_Handle__2.binvox,27,2,37.60977058,1743738.743,2
6624,Clamp_2_Handle__3.binvox,27,2,34.99260023,1720208.698,2
6625,Clamp_2_Handle__4.binvox,27,2,37.78439726,1718053.003,2
6626,Clamp_2_Handle__5.binvox,27,2,35.76530877,1791370.993,2
6627,Clamp_2_Handle__7.binvox,27,2,34.9310944,1853579.735,2
6628,Clamp_2_Handle__9.binvox,27,2,36.7964657,1795180.642,2
6629,Clamp_2_Pad__2.binvox,27,2,3.79170845,18718.61301,50
6630,Clamp_2_Pad__3.binvox,27,2,3.597720655,17694.25241,50
6631,Clamp_2_Pad__4.binvox,27,2,3.655776939,17607.40766,50
6632,Clamp_2_Pad__5.binvox,27,2,3.530890096,18221.20366,50
6633,Clamp_2_Pad__7.binvox,27,2,3.608304583,19004.17712,50
6634,Clamp_2_Pad__9.binvox,27,2,3.676784297,17764.87183,50
6635,Clamp_2_PinScrew__2.binvox,27,2,29.95700815,1508949.666,2
6636,Clamp_2_PinScrew__3.binvox,27,2,30.69389839,1505337.081,2
6637,Clamp_2_PinScrew__4.binvox,27,2,29.78050599,1518409.93,2
6638,Clamp_2_PinScrew__5.binvox,27,2,31.12529958,1495427.406,2
6639,Clamp_2_PinScrew__7.binvox,27,2,29.65943927,1409315.461,2
6640,Clamp_2_PinScrew__9.binvox,27,2,30.7104693,1472769.768,2
6641,Clamp_3_Frame__2.binvox,29,2,72.26583224,3541348.07,2
6642,Clamp_3_Frame__3.binvox,29,2,74.37897043,3506208.24,2
6643,Clamp_3_Frame__4.binvox,29,2,76.27157897,3465794.919,2
6644,Clamp_3_Frame__5.binvox,29,2,76.67482382,3434119.623,2
6645,Clamp_3_Frame__7.binvox,29,2,76.46980212,3536453.311,2
6646,Clamp_3_Frame__9.binvox,29,2,75.7152034,3493817.32,2
6647,Clamp_3_Handle__2.binvox,27,2,36.11926476,1754007.187,2
6648,Clamp_3_Handle__3.binvox,27,2,36.5439257,1810506.316,2
6649,Clamp_3_Handle__4.binvox,27,2,36.16155878,1777516.26,2
6650,Clamp_3_Handle__5.binvox,27,2,37.31194511,1726371.356,2
6651,Clamp_3_Handle__7.binvox,27,2,36.99005689,1767968.137,2
6652,Clamp_3_Handle__9.binvox,27,2,35.11612383,1744567.685,2
6653,Clamp_3_Pad__2.binvox,27,2,3.639907439,18584.65025,50
6654,Clamp_3_Pad__3.binvox,27,2,3.616344278,17967.10496,50
6655,Clamp_3_Pad__4.binvox,27,2,3.484056089,17919.73211,50
6656,Clamp_3_Pad__5.binvox,27,2,3.549784915,18566.12459,50
6657,Clamp_3_Pad__7.binvox,27,2,3.775111294,17822.11845,50
6658,Clamp_3_Pad__9.binvox,27,2,3.509520009,18350.0826,50
6659,Clamp_3_PinScrew__2.binvox,27,2,29.53197756,1416117.114,2
6660,Clamp_3_PinScrew__3.binvox,27,2,30.90012782,1422503.619,2
6661,Clamp_3_PinScrew__4.binvox,27,2,30.64838531,1503336.984,2
6662,Clamp_3_PinScrew__5.binvox,27,2,29.49893536,1474819.115,2
6663,Clamp_3_PinScrew__7.binvox,27,2,28.78780243,1485705.332,2
6664,Clamp_3_PinScrew__9.binvox,27,2,29.98636847,1506810.481,2
6665,Clamp_4_Frame__2.binvox,29,2,70.72840009,3398320.971,2
6666,Clamp_4_Frame__3.binvox,29,2,72.16333597,3577510.816,2
6667,Clamp_4_Frame__4.binvox,29,2,70.53089076,3471613.664,2
6668,Clamp_4_Frame__5.binvox,29,2,73.59237945,3421198.481,2
6669,Clamp_4_Frame__7.binvox,29,2,75.56402083,3563441.023,2
6670,Clamp_4_Frame__9.binvox,29,2,74.11613051,3431516.228,2
6671,Clamp_4_PinScrew__2.binvox,27,2,31.48868115,1457945.682,2
6672,Clamp_4_PinScrew__3.binvox,27,2,31.39665359,1517120.632,2
6673,Clamp_4_PinScrew__4.binvox,27,2,29.19734071,1387921.459,2
6674,Clamp_4_PinScrew__5.binvox,27,2,29.51946971,1477490.43,2
6675,Clamp_4_PinScrew__7.binvox,27,2,29.76982952,1521267.71,2
6676,Clamp_4_PinScrew__9.binvox,27,2,29.52840816,1396958.244,2
6677,Clamp_5_Frame__2.binvox,29,2,69.85079144,3623334.741,2
6678,Clamp_5_Frame__3.binvox,29,2,71.80816158,3638654.725,2
6679,Clamp_5_Frame__4.binvox,29,2,71.15737588,3670739.199,2
6680,Clamp_5_Frame__5.binvox,29,2,69.94959212,3651979.979,2
6681,Clamp_5_Frame__7.binvox,29,2,72.20803855,3418821.88,2
6682,Clamp_5_Frame__9.binvox,29,2,72.81732473,3722905.178,2
6683,Clamp_5_Handle__2.binvox,27,2,37.33012258,1748582.224,2
6684,Clamp_5_Handle__3.binvox,27,2,36.90195252,1705571.949,2
6685,Clamp_5_Handle__4.binvox,27,2,36.81695322,1813036.276,2
6686,Clamp_5_Handle__5.binvox,27,2,37.76105342,1861667.508,2
6687,Clamp_5_Handle__7.binvox,27,2,36.94412961,1738526.857,2
6688,Clamp_5_Handle__9.binvox,27,2,37.73775683,1824650.475,2
6689,Clamp_5_Pad__2.binvox,27,2,3.529774432,17396.50508,50
6690,Clamp_5_Pad__3.binvox,27,2,3.754683465,18943.07798,50
6691,Clamp_5_Pad__4.binvox,27,2,3.735272666,18127.56866,50
6692,Clamp_5_Pad__5.binvox,27,2,3.807462236,18829.5773,50
6693,Clamp_5_Pad__7.binvox,27,2,3.775447966,17758.52298,50
6694,Clamp_5_Pad__9.binvox,27,2,3.531163558,19152.54305,50
6695,Clamp_5_PinScrew__2.binvox,27,2,31.36881852,1455262.845,2
6696,Clamp_5_PinScrew__3.binvox,27,2,30.53850546,1531924.252,2
6697,Clamp_5_PinScrew__4.binvox,27,2,30.70050702,1434101.213,2
6698,Clamp_5_PinScrew__5.binvox,27,2,28.8147676,1504513.856,2
6699,Clamp_5_PinScrew__7.binvox,27,2,29.61907749,1465354.511,2
6700,Clamp_5_PinScrew__9.binvox,27,2,29.38460471,1531081.954,2
6701,Clamp_6_Frame__1.binvox,29,2,69.80699455,3736848.069,2
6702,Clamp_6_Pad__1.binvox,27,2,3.676312326,18638.13787,50
6703,Clamp_6_PinScrew__1.binvox,27,2,30.3897251,1492602.823,2
6704,Clamp_7_Frame__1.binvox,29,2,71.52707439,3667819.421,2
6705,Clamp_7_PinScrew__1.binvox,27,2,28.63651374,1456853.959,2
6706,Clamp_8_Frame__1.binvox,29,2,76.00885823,3527824.314,2
6707,Clamp_8_Handle__1.binvox,27,2,37.77809498,1806156.625,2
6708,Clamp_8_Pad__1.binvox,27,2,3.816129995,18619.62234,50
6709,Clamp_8_PinScrew__1.binvox,27,2,30.68544796,1501686.566,2
6710,Hinge_10_LeafLeft__1.binvox,30,2,38.3765198,1697600.925,2
6711,Hinge_10_LeafLeft__10.binvox,30,2,38.1427026,1759120.137,2
6712,Hinge_10_LeafLeft__3.binvox,30,2,35.73367792,1861837.737,2
6713,Hinge_10_LeafLeft__4.binvox,30,2,37.66167046,1862804.506,2
6714,Hinge_10_LeafLeft__5.binvox,30,2,36.37091419,1818048.551,2
6715,Hinge_10_LeafLeft__7.binvox,30,2,37.04865344,1714370.522,2
6716,Hinge_10_LeafLeft__8.binvox,30,2,35.59540543,1694931.102,2
6717,Hinge_10_LeafRight__1.binvox,30,2,37.16737417,1693663.467,2
6718,Hinge_10_LeafRight__10.binvox,30,2,37.35166346,1825657.725,2
6719,Hinge_10_LeafRight__3.binvox,30,2,35.8239091,1719614.045,2
6720,Hinge_10_LeafRight__4.binvox,30,2,36.25542026,1854087.554,2
6721,Hinge_10_LeafRight__5.binvox,30,2,38.27022858,1858561.496,2
6722,Hinge_10_LeafRight__7.binvox,30,2,36.77106024,1807843.668,2
6723,Hinge_10_LeafRight__8.binvox,30,2,35.78654525,1735865.848,2
6724,Hinge_10_Pin__1.binvox,27,2,20.28975715,1020303.175,2
6725,Hinge_10_Pin__10.binvox,27,2,19.25606668,975951.4376,2
6726,Hinge_10_Pin__3.binvox,27,2,19.51542943,949779.4992,2
6727,Hinge_10_Pin__4.binvox,27,2,20.75993644,956705.3655,2
6728,Hinge_10_Pin__5.binvox,27,2,19.63417491,991142.6293,2
6729,Hinge_10_Pin__7.binvox,27,2,19.28108573,963635.1667,2
6730,Hinge_10_Pin__8.binvox,27,2,20.68604227,947875.797,2
6731,Hinge_1_LeafLeft__1.binvox,30,2,35.55613243,1701973.682,2
6732,Hinge_1_LeafLeft__10.binvox,30,2,36.60298474,1755227.413,2
6733,Hinge_1_LeafLeft__3.binvox,30,2,35.96481792,1768222.201,2
6734,Hinge_1_LeafLeft__4.binvox,30,2,37.97627175,1731878.048,2
6735,Hinge_1_LeafLeft__5.binvox,30,2,36.56438693,1765987.937,2
6736,Hinge_1_LeafLeft__7.binvox,30,2,38.22143599,1821015.142,2
6737,Hinge_1_LeafLeft__8.binvox,30,2,36.46887141,1741833.189,2
6738,Hinge_1_LeafRight__1.binvox,30,2,37.71826895,1825148.161,2
6739,Hinge_1_LeafRight__10.binvox,30,2,35.96037251,1731961.74,2
6740,Hinge_1_LeafRight__3.binvox,30,2,35.12336516,1856442.639,2
6741,Hinge_1_LeafRight__4.binvox,30,2,35.00079505,1840969.702,2
6742,Hinge_1_LeafRight__5.binvox,30,2,35.08053209,1825169.022,2
6743,Hinge_1_LeafRight__7.binvox,30,2,35.06057272,1700070.07,2
6744,Hinge_1_LeafRight__8.binvox,30,2,36.19937751,1766026.782,2
6745,Hinge_1_Pin__1.binvox,27,2,19.63439385,987237.2938,2
6746,Hinge_1_Pin__10.binvox,27,2,19.96098986,987165.916,2
6747,Hinge_1_Pin__3.binvox,27,2,20.40440852,1004574.13,2
6748,Hinge_1_Pin__4.binvox,27,2,19.19580513,937815.3668,2
6749,Hinge_1_Pin__5.binvox,27,2,20.88261028,936955.0971,2
6750,Hinge_1_Pin__7.binvox,27,2,19.03419364,973198.1386,2
6751,Hinge_1_Pin__8.binvox,27,2,20.47525965,961879.3804,2
6752,Hinge_2_LeafLeft__1.binvox,30,2,37.93232683,1847859.536,2
6753,Hinge_2_LeafLeft__10.binvox,30,2,36.46916282,1862170.535,2
6754,Hinge_2_LeafLeft__3.binvox,30,2,37.11353166,1798816.316,2
6755,Hinge_2_LeafLeft__4.binvox,30,2,35.17849706,1860740.826,2
6756,Hinge_2_LeafLeft__5.binvox,30,2,34.97978067,1769978.942,2
6757,Hinge_2_LeafLeft__7.binvox,30,2,35.95443423,1847325.943,2
6758,Hinge_2_LeafLeft__8.binvox,30,2,38.34498318,1776093.614,2
6759,Hinge_2_LeafRight__1.binvox,30,2,36.05569093,1732772.634,2
6760,Hinge_2_LeafRight__10.binvox,30,2,35.25984351,1834885.033,2
6761,Hinge_2_LeafRight__3.binvox,30,2,36.79472438,1717182.134,2
6762,Hinge_2_LeafRight__4.binvox,30,2,35.7176207,1844610.541,2
6763,Hinge_2_LeafRight__5.binvox,30,2,38.09683401,1720018.304,2
6764,Hinge_2_LeafRight__7.binvox,30,2,37.98762923,1802322.807,2
6765,Hinge_2_LeafRight__8.binvox,30,2,37.55378688,1844050.435,2
6766,Hinge_2_Pin__1.binvox,27,2,19.96540436,997390.9544,2
6767,Hinge_2_Pin__10.binvox,27,2,20.27987813,1016848.654,2
6768,Hinge_2_Pin__3.binvox,27,2,20.83166743,948303.7072,2
6769,Hinge_2_Pin__4.binvox,27,2,20.24145629,966962.0326,2
6770,Hinge_2_Pin__5.binvox,27,2,19.70400347,1016244.201,2
6771,Hinge_2_Pin__7.binvox,27,2,19.26730357,992594.2521,2
6772,Hinge_2_Pin__8.binvox,27,2,20.92075302,970032.8275,2
6773,Hinge_3_LeafLeft__1.binvox,30,2,38.35058991,1807014.972,2
6774,Hinge_3_LeafLeft__10.binvox,30,2,36.12991674,1755545.107,2
6775,Hinge_3_LeafLeft__3.binvox,30,2,36.98010991,1725436.941,2
6776,Hinge_3_LeafLeft__4.binvox,30,2,34.99176469,1860654.583,2
6777,Hinge_3_LeafLeft__5.binvox,30,2,37.61789029,1779481.39,2
6778,Hinge_3_LeafLeft__7.binvox,30,2,36.30564716,1751961.9,2
6779,Hinge_3_LeafLeft__8.binvox,30,2,36.2523734,1759669.558,2
6780,Hinge_3_LeafRight__1.binvox,30,2,35.04777491,1705663.276,2
6781,Hinge_3_LeafRight__10.binvox,30,2,35.64008646,1712688.172,2
6782,Hinge_3_LeafRight__3.binvox,30,2,36.40690798,1697457.705,2
6783,Hinge_3_LeafRight__4.binvox,30,2,38.38667357,1828355.344,2
6784,Hinge_3_LeafRight__5.binvox,30,2,36.77742817,1834979.293,2
6785,Hinge_3_LeafRight__7.binvox,30,2,38.01398615,1702178.082,2
6786,Hinge_3_LeafRight__8.binvox,30,2,35.85837026,1832540.874,2
6787,Hinge_3_Pin__1.binvox,27,2,19.87028357,963139.5961,2
6788,Hinge_3_Pin__10.binvox,27,2,20.65513116,960048.446,2
6789,Hinge_3_Pin__3.binvox,27,2,19.30875348,999339.1482,2
6790,Hinge_3_Pin__4.binvox,27,2,19.09029213,940520.3997,2
6791,Hinge_3_Pin__5.binvox,27,2,19.43395371,950475.5689,2
6792,Hinge_3_Pin__7.binvox,27,2,20.29114354,948155.9551,2
6793,Hinge_3_Pin__8.binvox,27,2,19.13197038,1011097.411,2
6794,Hinge_4_LeafLeft__1.binvox,30,2,35.77570303,1779515.005,2
6795,Hinge_4_LeafLeft__10.binvox,30,2,37.41620136,1859479.196,2
6796,Hinge_4_LeafLeft__3.binvox,30,2,36.71454436,1807404.636,2
6797,Hinge_4_LeafLeft__4.binvox,30,2,38.18389007,1695986.974,2
6798,Hinge_4_LeafLeft__5.binvox,30,2,36.05161314,1763596.728,2
6799,Hinge_4_LeafLeft__7.binvox,30,2,34.85918923,1732735.727,2
6800,Hinge_4_LeafLeft__8.binvox,30,2,35.98784339,1717514.677,2
6801,Hinge_4_LeafRight__1.binvox,30,2,35.44151602,1861068.963,2
6802,Hinge_4_LeafRight__10.binvox,30,2,34.93947999,1755993.236,2
6803,Hinge_4_LeafRight__3.binvox,30,2,37.0293377,1784072.924,2
6804,Hinge_4_LeafRight__4.binvox,30,2,36.60575115,1814111.415,2
6805,Hinge_4_LeafRight__5.binvox,30,2,37.16312629,1767748.549,2
6806,Hinge_4_LeafRight__7.binvox,30,2,38.13994888,1757899.305,2
6807,Hinge_4_LeafRight__8.binvox,30,2,35.43441019,1835406.059,2
6808,Hinge_4_Pin__1.binvox,27,2,20.98281809,954664.7685,2
6809,Hinge_4_Pin__10.binvox,27,2,19.4956873,925430.2327,2
6810,Hinge_4_Pin__3.binvox,27,2,20.86423881,1003320.05,2
6811,Hinge_4_Pin__4.binvox,27,2,20.20342097,951370.2486,2
6812,Hinge_4_Pin__5.binvox,27,2,20.60592664,977779.9729,2
6813,Hinge_4_Pin__7.binvox,27,2,19.04190991,937004.491,2
6814,Hinge_4_Pin__8.binvox,27,2,20.99420421,1018975.882,2
6815,Hinge_5_LeafLeft__1.binvox,30,2,35.13158021,1811902.668,2
6816,Hinge_5_LeafLeft__10.binvox,30,2,37.72596624,1729881.081,2
6817,Hinge_5_LeafLeft__3.binvox,30,2,36.82445514,1854772.848,2
6818,Hinge_5_LeafLeft__4.binvox,30,2,35.87028336,1729181.363,2
6819,Hinge_5_LeafLeft__5.binvox,30,2,36.68156562,1705714.224,2
6820,Hinge_5_LeafLeft__7.binvox,30,2,37.88363867,1866292.972,2
6821,Hinge_5_LeafLeft__8.binvox,30,2,36.02425812,1815702.424,2
6822,Hinge_5_LeafRight__1.binvox,30,2,36.64751712,1825097.143,2
6823,Hinge_5_LeafRight__10.binvox,30,2,37.90227786,1716854.795,2
6824,Hinge_5_LeafRight__3.binvox,30,2,35.49443356,1710453.025,2
6825,Hinge_5_LeafRight__4.binvox,30,2,34.85176454,1835582.182,2
6826,Hinge_5_LeafRight__5.binvox,30,2,36.1296396,1794002.843,2
6827,Hinge_5_LeafRight__7.binvox,30,2,35.27220895,1799110.446,2
6828,Hinge_5_LeafRight__8.binvox,30,2,36.08610784,1715991.356,2
6829,Hinge_5_Pin__1.binvox,27,2,19.25860568,941411.0966,2
6830,Hinge_5_Pin__10.binvox,27,2,19.81141016,1002592.538,2
6831,Hinge_5_Pin__3.binvox,27,2,19.05929694,1003246.623,2
6832,Hinge_5_Pin__4.binvox,27,2,19.49254013,975435.3522,2
6833,Hinge_5_Pin__5.binvox,27,2,20.82502969,990973.974,2
6834,Hinge_5_Pin__7.binvox,27,2,20.11509761,982054.2941,2
6835,Hinge_5_Pin__8.binvox,27,2,19.57568722,972077.2322,2
6836,Hinge_6_LeafLeft__1.binvox,30,2,35.68398375,1855888.568,2
6837,Hinge_6_LeafLeft__10.binvox,30,2,38.31699976,1783177.753,2
6838,Hinge_6_LeafLeft__3.binvox,30,2,37.62268375,1810366.68,2
6839,Hinge_6_LeafLeft__4.binvox,30,2,35.89853009,1805264.81,2
6840,Hinge_6_LeafLeft__5.binvox,30,2,35.77187024,1731300.872,2
6841,Hinge_6_LeafLeft__7.binvox,30,2,37.24638033,1825525.148,2
6842,Hinge_6_LeafLeft__8.binvox,30,2,36.18873586,1866790.654,2
6843,Hinge_6_LeafRight__1.binvox,30,2,38.15997305,1721627.127,2
6844,Hinge_6_LeafRight__10.binvox,30,2,35.40677827,1715242.202,2
6845,Hinge_6_LeafRight__3.binvox,30,2,38.1650098,1739964.849,2
6846,Hinge_6_LeafRight__4.binvox,30,2,35.78944595,1701898.636,2
6847,Hinge_6_LeafRight__5.binvox,30,2,37.56573793,1836415.904,2
6848,Hinge_6_LeafRight__7.binvox,30,2,35.83960667,1780382.911,2
6849,Hinge_6_LeafRight__8.binvox,30,2,36.11044528,1778274.783,2
6850,Hinge_6_Pin__1.binvox,27,2,19.21185037,1018873.745,2
6851,Hinge_6_Pin__10.binvox,27,2,19.4222575,926785.985,2
6852,Hinge_6_Pin__3.binvox,27,2,20.77195952,1020050.237,2
6853,Hinge_6_Pin__4.binvox,27,2,20.12233945,951251.1117,2
6854,Hinge_6_Pin__5.binvox,27,2,19.02032356,927465.1707,2
6855,Hinge_6_Pin__7.binvox,27,2,19.93340342,972533.1957,2
6856,Hinge_6_Pin__8.binvox,27,2,19.17022739,988669.5893,2
6857,Hinge_7_LeafLeft__1.binvox,30,2,37.99377069,1699874.016,2
6858,Hinge_7_LeafLeft__10.binvox,30,2,36.48424683,1830180.009,2
6859,Hinge_7_LeafLeft__3.binvox,30,2,35.33969142,1842224.895,2
6860,Hinge_7_LeafLeft__4.binvox,30,2,36.46784768,1759979.481,2
6861,Hinge_7_LeafLeft__5.binvox,30,2,35.90193262,1824933.12,2
6862,Hinge_7_LeafLeft__7.binvox,30,2,37.32817039,1859677.339,2
6863,Hinge_7_LeafLeft__8.binvox,30,2,35.05539676,1777400.444,2
6864,Hinge_7_LeafRight__1.binvox,30,2,37.73889031,1835764.682,2
6865,Hinge_7_LeafRight__10.binvox,30,2,37.86933357,1710098.571,2
6866,Hinge_7_LeafRight__3.binvox,30,2,35.15406409,1742005.592,2
6867,Hinge_7_LeafRight__4.binvox,30,2,34.94276692,1739528.657,2
6868,Hinge_7_LeafRight__5.binvox,30,2,37.98031007,1714223.878,2
6869,Hinge_7_LeafRight__7.binvox,30,2,37.42357479,1805951.806,2
6870,Hinge_7_LeafRight__8.binvox,30,2,35.42768532,1866731.462,2
6871,Hinge_7_Pin__1.binvox,27,2,19.67785673,937173.4978,2
6872,Hinge_7_Pin__10.binvox,27,2,19.10695555,926680.5589,2
6873,Hinge_7_Pin__3.binvox,27,2,19.76310567,955577.3687,2
6874,Hinge_7_Pin__4.binvox,27,2,19.23310288,947152.2153,2
6875,Hinge_7_Pin__5.binvox,27,2,20.66795864,972426.0735,2
6876,Hinge_7_Pin__7.binvox,27,2,19.2162176,963476.8033,2
6877,Hinge_7_Pin__8.binvox,27,2,19.58044458,995639.7419,2
6878,Hinge_8_LeafLeft__1.binvox,30,2,36.80375818,1742130.422,2
6879,Hinge_8_LeafLeft__10.binvox,30,2,38.27151729,1720809.5,2
6880,Hinge_8_LeafLeft__3.binvox,30,2,37.3945586,1734578.867,2
6881,Hinge_8_LeafLeft__4.binvox,30,2,38.20345127,1796173.159,2
6882,Hinge_8_LeafLeft__5.binvox,30,2,37.98940657,1777669.679,2
6883,Hinge_8_LeafLeft__7.binvox,30,2,38.03861227,1778205.208,2
6884,Hinge_8_LeafLeft__8.binvox,30,2,38.26873486,1801182.595,2
6885,Hinge_8_LeafRight__1.binvox,30,2,35.76619633,1857883.362,2
6886,Hinge_8_LeafRight__10.binvox,30,2,37.72048901,1713355.983,2
6887,Hinge_8_LeafRight__3.binvox,30,2,37.44608463,1739165.82,2
6888,Hinge_8_LeafRight__4.binvox,30,2,37.70763445,1775130.508,2
6889,Hinge_8_LeafRight__5.binvox,30,2,38.15028364,1726688.481,2
6890,Hinge_8_LeafRight__7.binvox,30,2,37.49093545,1806171.002,2
6891,Hinge_8_LeafRight__8.binvox,30,2,35.11151813,1798677.173,2
6892,Hinge_8_Pin__1.binvox,27,2,20.52849707,966586.3224,2
6893,Hinge_8_Pin__10.binvox,27,2,19.62286799,926060.5021,2
6894,Hinge_8_Pin__3.binvox,27,2,19.68132545,988550.6373,2
6895,Hinge_8_Pin__4.binvox,27,2,20.74440975,1018011.248,2
6896,Hinge_8_Pin__5.binvox,27,2,19.14521669,928310.4722,2
6897,Hinge_8_Pin__7.binvox,27,2,20.63583604,934906.0085,2
6898,Hinge_8_Pin__8.binvox,27,2,19.66537039,1019438.163,2
6899,Hinge_9_LeafLeft__1.binvox,30,2,38.33309343,1741065.124,2
6900,Hinge_9_LeafLeft__10.binvox,30,2,38.39567238,1720908.584,2
6901,Hinge_9_LeafLeft__3.binvox,30,2,35.40758148,1731083.315,2
6902,Hinge_9_LeafLeft__4.binvox,30,2,34.9968009,1714737.947,2
6903,Hinge_9_LeafLeft__5.binvox,30,2,38.19329006,1758585.099,2
6904,Hinge_9_LeafLeft__7.binvox,30,2,37.99678699,1752700.749,2
6905,Hinge_9_LeafLeft__8.binvox,30,2,36.9947549,1729095.719,2
6906,Hinge_9_LeafRight__1.binvox,30,2,37.02849587,1714855.378,2
6907,Hinge_9_LeafRight__10.binvox,30,2,36.22263775,1865904.591,2
6908,Hinge_9_LeafRight__3.binvox,30,2,36.17510152,1768062.448,2
6909,Hinge_9_LeafRight__4.binvox,30,2,34.86875928,1816267.693,2
6910,Hinge_9_LeafRight__5.binvox,30,2,35.37202554,1794237.751,2
6911,Hinge_9_LeafRight__7.binvox,30,2,37.45373301,1866057.741,2
6912,Hinge_9_LeafRight__8.binvox,30,2,36.46220674,1728959.056,2
6913,Hinge_9_Pin__1.binvox,27,2,19.00704581,999920.6223,2
6914,Hinge_9_Pin__10.binvox,27,2,19.26454425,1018774.59,2
6915,Hinge_9_Pin__3.binvox,27,2,20.65456246,985246.756,2
6916,Hinge_9_Pin__4.binvox,27,2,19.40508316,1013516.215,2
6917,Hinge_9_Pin__5.binvox,27,2,19.09223603,970577.3101,2
6918,Hinge_9_Pin__7.binvox,27,2,20.46564218,972318.0491,2
6919,Hinge_9_Pin__8.binvox,27,2,19.38484812,931504.6364,2
6920,Latch_10_BottomPlate__1.binvox,30,2,37.27385251,1752803.956,2
6921,Latch_10_BottomPlate__10.binvox,30,2,37.16827765,1751356.688,2
6922,Latch_10_BottomPlate__3.binvox,30,2,36.04048885,1824883.572,2
6923,Latch_10_BottomPlate__4.binvox,30,2,37.57511702,1767320.663,2
6924,Latch_10_BottomPlate__5.binvox,30,2,34.9512539,1863123.674,2
6925,Latch_10_BottomPlate__7.binvox,30,2,37.56624961,1777948.831,2
6926,Latch_10_BottomPlate__8.binvox,30,2,37.02829021,1856950.335,2
6927,Latch_10_BuckledRing__1.binvox,30,2,19.05015692,971988.9398,2
6928,Latch_10_BuckledRing__10.binvox,30,2,19.35386752,991008.8838,2
6929,Latch_10_BuckledRing__3.binvox,30,2,20.63193645,927531.7221,2
6930,Latch_10_BuckledRing__4.binvox,30,2,20.59647387,1018408.129,2
6931,Latch_10_BuckledRing__5.binvox,30,2,20.99293969,926172.5993,2
6932,Latch_10_BuckledRing__7.binvox,30,2,19.81288193,979796.0159,2
6933,Latch_10_BuckledRing__8.binvox,30,2,19.37540823,998275.0868,2
6934,Latch_10_ControlPanel__1.binvox,30,2,7.676348129,45370.83218,20
6935,Latch_10_ControlPanel__10.binvox,30,2,7.607357497,44467.13497,20
6936,Latch_10_ControlPanel__3.binvox,30,2,7.108319041,41572.66442,20
6937,Latch_10_ControlPanel__4.binvox,30,2,7.635134785,42167.39521,20
6938,Latch_10_ControlPanel__5.binvox,30,2,7.634569623,42322.15217,20
6939,Latch_10_ControlPanel__7.binvox,30,2,7.242981993,41988.77968,20
6940,Latch_10_ControlPanel__8.binvox,30,2,7.154591514,41865.87747,20
6941,Latch_10_Rivet__1.binvox,27,2,5.766852147,35300.43181,20
6942,Latch_10_Rivet__10.binvox,27,2,6.073051035,34836.62977,20
6943,Latch_10_Rivet__3.binvox,27,2,5.91919281,35414.9318,20
6944,Latch_10_Rivet__4.binvox,27,2,5.752300305,34115.08919,20
6945,Latch_10_Rivet__5.binvox,27,2,6.265926009,36946.70415,20
6946,Latch_10_Rivet__7.binvox,27,2,6.016203569,36996.35626,20
6947,Latch_10_Rivet__8.binvox,27,2,5.861244099,36476.71636,20
6948,Latch_10_StrikePlate__1.binvox,30,2,35.91413569,1804048.132,2
6949,Latch_10_StrikePlate__10.binvox,30,2,35.09306995,1811260.672,2
6950,Latch_10_StrikePlate__3.binvox,30,2,37.60065914,1863239.06,2
6951,Latch_10_StrikePlate__4.binvox,30,2,34.83827548,1727779.929,2
6952,Latch_10_StrikePlate__5.binvox,30,2,37.59165155,1796500.388,2
6953,Latch_10_StrikePlate__7.binvox,30,2,37.20666506,1726871.513,2
6954,Latch_10_StrikePlate__8.binvox,30,2,36.83127697,1762184.17,2
6955,Latch_1_BottomPlate__1.binvox,30,2,38.051814,1755623.807,2
6956,Latch_1_BottomPlate__10.binvox,30,2,35.83088662,1859558.296,2
6957,Latch_1_BottomPlate__3.binvox,30,2,35.7597937,1714839.368,2
6958,Latch_1_BottomPlate__4.binvox,30,2,38.11715119,1737289.058,2
6959,Latch_1_BottomPlate__5.binvox,30,2,35.47190325,1776592.506,2
6960,Latch_1_BottomPlate__7.binvox,30,2,34.89431437,1752849.47,2
6961,Latch_1_BottomPlate__8.binvox,30,2,36.51230579,1783588.808,2
6962,Latch_1_BuckledRing__1.binvox,30,2,20.71553522,1020074.956,2
6963,Latch_1_BuckledRing__10.binvox,30,2,20.61693864,965583.3666,2
6964,Latch_1_BuckledRing__3.binvox,30,2,20.48312722,1010725.687,2
6965,Latch_1_BuckledRing__4.binvox,30,2,20.73392368,1002727.751,2
6966,Latch_1_BuckledRing__5.binvox,30,2,19.18029188,965798.1954,2
6967,Latch_1_BuckledRing__7.binvox,30,2,20.947724,954960.803,2
6968,Latch_1_BuckledRing__8.binvox,30,2,19.08802062,965479.0046,2
6969,Latch_1_ControlPanel__1.binvox,30,2,7.184959809,42647.62478,20
6970,Latch_1_ControlPanel__10.binvox,30,2,7.069273036,45408.61764,20
6971,Latch_1_ControlPanel__3.binvox,30,2,7.345818168,42797.10387,20
6972,Latch_1_ControlPanel__4.binvox,30,2,7.361206072,43371.18334,20
6973,Latch_1_ControlPanel__5.binvox,30,2,7.065736562,45399.84125,20
6974,Latch_1_ControlPanel__7.binvox,30,2,7.399873648,45108.62817,20
6975,Latch_1_ControlPanel__8.binvox,30,2,7.200121791,42507.82048,20
6976,Latch_1_Rivet__1.binvox,27,2,6.24298934,37324.52957,20
6977,Latch_1_Rivet__10.binvox,27,2,5.875020104,34915.26793,20
6978,Latch_1_Rivet__3.binvox,27,2,5.947379887,35168.47219,20
6979,Latch_1_Rivet__4.binvox,27,2,5.945267591,36190.86461,20
6980,Latch_1_Rivet__5.binvox,27,2,5.939009307,35169.92598,20
6981,Latch_1_Rivet__7.binvox,27,2,5.866690507,34803.06851,20
6982,Latch_1_Rivet__8.binvox,27,2,6.078546548,37096.31509,20
6983,Latch_1_StrikePlate__1.binvox,30,2,34.87065161,1828310.003,2
6984,Latch_1_StrikePlate__10.binvox,30,2,36.72291613,1857126.521,2
6985,Latch_1_StrikePlate__3.binvox,30,2,35.06839081,1807389.006,2
6986,Latch_1_StrikePlate__4.binvox,30,2,36.5617839,1694415.237,2
6987,Latch_1_StrikePlate__5.binvox,30,2,36.29096459,1817347.739,2
6988,Latch_1_StrikePlate__7.binvox,30,2,36.85284439,1736479.322,2
6989,Latch_1_StrikePlate__8.binvox,30,2,34.82550845,1701725.013,2
6990,Latch_2_BottomPlate__1.binvox,30,2,36.81245951,1847826.097,2
6991,Latch_2_BottomPlate__10.binvox,30,2,35.36512398,1754905.244,2
6992,Latch_2_BottomPlate__3.binvox,30,2,35.96760914,1736028.864,2
6993,Latch_2_BottomPlate__4.binvox,30,2,38.2664861,1854211.473,2
6994,Latch_2_BottomPlate__5.binvox,30,2,37.88571884,1858710.745,2
6995,Latch_2_BottomPlate__7.binvox,30,2,36.23335471,1853623.143,2
6996,Latch_2_BottomPlate__8.binvox,30,2,36.92917168,1746497.789,2
6997,Latch_2_BuckledRing__1.binvox,30,2,20.40658212,933065.6706,2
6998,Latch_2_BuckledRing__10.binvox,30,2,19.72005192,930614.4726,2
6999,Latch_2_BuckledRing__3.binvox,30,2,20.76905538,974169.0181,2
7000,Latch_2_BuckledRing__4.binvox,30,2,20.3778626,1015491.778,2
7001,Latch_2_BuckledRing__5.binvox,30,2,20.32623768,1012497.551,2
7002,Latch_2_BuckledRing__7.binvox,30,2,19.45961897,942635.5165,2
7003,Latch_2_BuckledRing__8.binvox,30,2,20.75927582,929174.7557,2
7004,Latch_2_ControlPanel__1.binvox,30,2,7.609923469,43979.16643,20
7005,Latch_2_ControlPanel__10.binvox,30,2,7.423296249,44568.62347,20
7006,Latch_2_ControlPanel__3.binvox,30,2,7.487181188,44799.00331,20
7007,Latch_2_ControlPanel__4.binvox,30,2,7.006598517,43546.11187,20
7008,Latch_2_ControlPanel__5.binvox,30,2,7.343829122,41516.44827,20
7009,Latch_2_ControlPanel__7.binvox,30,2,7.188791695,44678.93244,20
7010,Latch_2_ControlPanel__8.binvox,30,2,7.430532138,44055.56339,20
7011,Latch_2_Rivet__1.binvox,27,2,5.835477652,36247.93973,20
7012,Latch_2_Rivet__10.binvox,27,2,5.745657861,37011.45552,20
7013,Latch_2_Rivet__3.binvox,27,2,5.724914961,36845.72238,20
7014,Latch_2_Rivet__4.binvox,27,2,5.991180161,36472.17037,20
7015,Latch_2_Rivet__5.binvox,27,2,5.813165755,36370.33354,20
7016,Latch_2_Rivet__7.binvox,27,2,6.275789869,34970.38977,20
7017,Latch_2_Rivet__8.binvox,27,2,5.81829437,36287.4517,20
7018,Latch_2_StrikePlate__1.binvox,30,2,35.15741419,1701414.465,2
7019,Latch_2_StrikePlate__10.binvox,30,2,35.99748111,1851514.375,2
7020,Latch_2_StrikePlate__3.binvox,30,2,37.75902423,1850975.764,2
7021,Latch_2_StrikePlate__4.binvox,30,2,36.13004336,1706718.014,2
7022,Latch_2_StrikePlate__5.binvox,30,2,36.59195375,1723226.816,2
7023,Latch_2_StrikePlate__7.binvox,30,2,35.02796811,1756743.679,2
7024,Latch_2_StrikePlate__8.binvox,30,2,38.09417042,1703949.929,2
7025,Latch_3_BottomPlate__1.binvox,30,2,36.24852498,1741617.81,2
7026,Latch_3_BottomPlate__10.binvox,30,2,35.79885548,1829816.74,2
7027,Latch_3_BottomPlate__3.binvox,30,2,35.23018481,1766335.733,2
7028,Latch_3_BottomPlate__4.binvox,30,2,35.7842835,1778925.844,2
7029,Latch_3_BottomPlate__5.binvox,30,2,37.53511063,1770104.692,2
7030,Latch_3_BottomPlate__7.binvox,30,2,38.16365128,1853205.252,2
7031,Latch_3_BottomPlate__8.binvox,30,2,35.15921032,1759101.107,2
7032,Latch_3_BuckledRing__1.binvox,30,2,19.10952666,1012244.111,2
7033,Latch_3_BuckledRing__10.binvox,30,2,19.25715352,997478.5154,2
7034,Latch_3_BuckledRing__3.binvox,30,2,19.29026582,1021059.775,2
7035,Latch_3_BuckledRing__4.binvox,30,2,19.34457316,984437.699,2
7036,Latch_3_BuckledRing__5.binvox,30,2,19.53711215,988412.8071,2
7037,Latch_3_BuckledRing__7.binvox,30,2,19.24236966,1004944.111,2
7038,Latch_3_BuckledRing__8.binvox,30,2,19.04083038,996513.6933,2
7039,Latch_3_ControlPanel__1.binvox,30,2,7.443364013,44351.47209,20
7040,Latch_3_ControlPanel__10.binvox,30,2,7.031799122,42080.79382,20
7041,Latch_3_ControlPanel__3.binvox,30,2,7.476549896,41748.58002,20
7042,Latch_3_ControlPanel__4.binvox,30,2,7.193383866,44337.62545,20
7043,Latch_3_ControlPanel__5.binvox,30,2,7.465471561,44313.24299,20
7044,Latch_3_ControlPanel__7.binvox,30,2,7.477042011,43972.67088,20
7045,Latch_3_ControlPanel__8.binvox,30,2,7.529952728,44939.9875,20
7046,Latch_3_Rivet__1.binvox,27,2,6.139501959,34495.41843,20
7047,Latch_3_Rivet__10.binvox,27,2,6.194462791,35878.81135,20
7048,Latch_3_Rivet__3.binvox,27,2,6.208668591,35746.84652,20
7049,Latch_3_Rivet__4.binvox,27,2,5.966491332,35685.25454,20
7050,Latch_3_Rivet__5.binvox,27,2,6.021526411,35457.81159,20
7051,Latch_3_Rivet__7.binvox,27,2,5.879565335,34037.80363,20
7052,Latch_3_Rivet__8.binvox,27,2,6.029244852,35763.00886,20
7053,Latch_3_StrikePlate__1.binvox,30,2,36.63153218,1722319.643,2
7054,Latch_3_StrikePlate__10.binvox,30,2,37.30305885,1746346.879,2
7055,Latch_3_StrikePlate__3.binvox,30,2,37.03260088,1862034.959,2
7056,Latch_3_StrikePlate__4.binvox,30,2,35.9570315,1742072.706,2
7057,Latch_3_StrikePlate__5.binvox,30,2,34.95491535,1759179.971,2
7058,Latch_3_StrikePlate__7.binvox,30,2,38.16700153,1743218.162,2
7059,Latch_3_StrikePlate__8.binvox,30,2,36.40743224,1710733.985,2
7060,Latch_4_BottomPlate__1.binvox,30,2,35.98301694,1771904.771,2
7061,Latch_4_BottomPlate__10.binvox,30,2,35.43396267,1820922.724,2
7062,Latch_4_BottomPlate__3.binvox,30,2,36.77495717,1801840.169,2
7063,Latch_4_BottomPlate__4.binvox,30,2,36.19405869,1711149.462,2
7064,Latch_4_BottomPlate__5.binvox,30,2,36.36063722,1827244.423,2
7065,Latch_4_BottomPlate__7.binvox,30,2,36.39517979,1760003.713,2
7066,Latch_4_BottomPlate__8.binvox,30,2,35.25432972,1769023.001,2
7067,Latch_4_BuckledRing__1.binvox,30,2,19.45599968,987129.8141,2
7068,Latch_4_BuckledRing__10.binvox,30,2,20.67863297,928403.8519,2
7069,Latch_4_BuckledRing__3.binvox,30,2,19.25362419,1020776.84,2
7070,Latch_4_BuckledRing__4.binvox,30,2,20.88977147,994063.1045,2
7071,Latch_4_BuckledRing__5.binvox,30,2,19.7762429,949157.6574,2
7072,Latch_4_BuckledRing__7.binvox,30,2,19.95812737,993778.9439,2
7073,Latch_4_BuckledRing__8.binvox,30,2,20.91785738,992352.2707,2
7074,Latch_4_ControlPanel__1.binvox,30,2,7.133291775,44876.30614,20
7075,Latch_4_ControlPanel__10.binvox,30,2,7.014800195,42899.10406,20
7076,Latch_4_ControlPanel__3.binvox,30,2,7.414654635,45473.11109,20
7077,Latch_4_ControlPanel__4.binvox,30,2,7.106270273,41438.81933,20
7078,Latch_4_ControlPanel__5.binvox,30,2,7.250716643,45463.20721,20
7079,Latch_4_ControlPanel__7.binvox,30,2,7.615758914,45395.14997,20
7080,Latch_4_ControlPanel__8.binvox,30,2,7.428379704,43560.61001,20
7081,Latch_4_Rivet__1.binvox,27,2,5.924785792,34779.54595,20
7082,Latch_4_Rivet__10.binvox,27,2,5.834200016,35532.25201,20
7083,Latch_4_Rivet__3.binvox,27,2,6.014314006,36764.30083,20
7084,Latch_4_Rivet__4.binvox,27,2,5.831889832,34620.77839,20
7085,Latch_4_Rivet__5.binvox,27,2,5.943684879,35014.88693,20
7086,Latch_4_Rivet__7.binvox,27,2,5.744241724,36711.57396,20
7087,Latch_4_Rivet__8.binvox,27,2,6.045365843,36934.36868,20
7088,Latch_4_StrikePlate__1.binvox,30,2,36.41027021,1751484.053,2
7089,Latch_4_StrikePlate__10.binvox,30,2,35.8426494,1819138.754,2
7090,Latch_4_StrikePlate__3.binvox,30,2,35.22271657,1779343.423,2
7091,Latch_4_StrikePlate__4.binvox,30,2,34.92746219,1711998.077,2
7092,Latch_4_StrikePlate__5.binvox,30,2,35.06409082,1860896.739,2
7093,Latch_4_StrikePlate__7.binvox,30,2,36.32851274,1785685.501,2
7094,Latch_4_StrikePlate__8.binvox,30,2,35.08338687,1782927.449,2
7095,Latch_5_BottomPlate__1.binvox,30,2,38.41337097,1715484.815,2
7096,Latch_5_BottomPlate__10.binvox,30,2,35.08721313,1802516.818,2
7097,Latch_5_BottomPlate__3.binvox,30,2,36.48445435,1716330.962,2
7098,Latch_5_BottomPlate__4.binvox,30,2,38.05829306,1799804.123,2
7099,Latch_5_BottomPlate__5.binvox,30,2,35.05292551,1760111.69,2
7100,Latch_5_BottomPlate__7.binvox,30,2,36.45682845,1842641.831,2
7101,Latch_5_BottomPlate__8.binvox,30,2,34.79382667,1837638.219,2
7102,Latch_5_BuckledRing__1.binvox,30,2,19.09925148,992249.0487,2
7103,Latch_5_BuckledRing__10.binvox,30,2,20.48695178,932243.3902,2
7104,Latch_5_BuckledRing__3.binvox,30,2,20.53978598,1006430.158,2
7105,Latch_5_BuckledRing__4.binvox,30,2,19.79772692,947823.4839,2
7106,Latch_5_BuckledRing__5.binvox,30,2,20.0662426,947719.2034,2
7107,Latch_5_BuckledRing__7.binvox,30,2,20.23376325,974214.7299,2
7108,Latch_5_BuckledRing__8.binvox,30,2,19.82934626,929228.8063,2
7109,Latch_5_ControlPanel__1.binvox,30,2,7.681606887,44506.31349,20
7110,Latch_5_ControlPanel__10.binvox,30,2,7.630428924,45384.38968,20
7111,Latch_5_ControlPanel__3.binvox,30,2,7.1095053,44730.21119,20
7112,Latch_5_ControlPanel__4.binvox,30,2,7.047647373,45511.35175,20
7113,Latch_5_ControlPanel__5.binvox,30,2,7.269399857,41818.72782,20
7114,Latch_5_ControlPanel__7.binvox,30,2,7.352629989,44199.18789,20
7115,Latch_5_ControlPanel__8.binvox,30,2,7.137765529,44025.37385,20
7116,Latch_5_Rivet__1.binvox,27,2,6.19965223,35909.73651,20
7117,Latch_5_Rivet__10.binvox,27,2,6.128816037,35551.60111,20
7118,Latch_5_Rivet__3.binvox,27,2,5.852878825,35565.56326,20
7119,Latch_5_Rivet__4.binvox,27,2,6.247462678,34520.76996,20
7120,Latch_5_Rivet__5.binvox,27,2,6.281168505,34061.35685,20
7121,Latch_5_Rivet__7.binvox,27,2,6.059713552,35383.85381,20
7122,Latch_5_Rivet__8.binvox,27,2,5.740680407,36004.40003,20
7123,Latch_5_StrikePlate__1.binvox,30,2,37.40336493,1805414.381,2
7124,Latch_5_StrikePlate__10.binvox,30,2,37.44374038,1719058.476,2
7125,Latch_5_StrikePlate__3.binvox,30,2,35.01970436,1807977.364,2
7126,Latch_5_StrikePlate__4.binvox,30,2,36.74967041,1713142.664,2
7127,Latch_5_StrikePlate__5.binvox,30,2,37.53369754,1796231.676,2
7128,Latch_5_StrikePlate__7.binvox,30,2,35.49108913,1786072.986,2
7129,Latch_5_StrikePlate__8.binvox,30,2,37.6867755,1763112.986,2
7130,Latch_6_BottomPlate__1.binvox,30,2,35.89490874,1793567.591,2
7131,Latch_6_BottomPlate__10.binvox,30,2,35.83536792,1754592.599,2
7132,Latch_6_BottomPlate__3.binvox,30,2,36.58988666,1702336.251,2
7133,Latch_6_BottomPlate__4.binvox,30,2,34.97389029,1774948.652,2
7134,Latch_6_BottomPlate__5.binvox,30,2,35.83145121,1833483.191,2
7135,Latch_6_BottomPlate__7.binvox,30,2,37.85573197,1848526.013,2
7136,Latch_6_BottomPlate__8.binvox,30,2,36.46145444,1810443.798,2
7137,Latch_6_BuckledRing__1.binvox,30,2,20.50199001,987953.0217,2
7138,Latch_6_BuckledRing__10.binvox,30,2,20.75653649,1012001.727,2
7139,Latch_6_BuckledRing__3.binvox,30,2,20.94231934,925547.8501,2
7140,Latch_6_BuckledRing__4.binvox,30,2,20.03727929,1006583.045,2
7141,Latch_6_BuckledRing__5.binvox,30,2,19.63488008,955754.5875,2
7142,Latch_6_BuckledRing__7.binvox,30,2,19.09937284,950048.4179,2
7143,Latch_6_BuckledRing__8.binvox,30,2,19.46796447,957212.6957,2
7144,Latch_6_ControlPanel__1.binvox,30,2,7.611179614,44333.73179,20
7145,Latch_6_ControlPanel__10.binvox,30,2,7.048783395,45030.29949,20
7146,Latch_6_ControlPanel__3.binvox,30,2,7.221259507,45207.48306,20
7147,Latch_6_ControlPanel__4.binvox,30,2,7.483217614,41942.61924,20
7148,Latch_6_ControlPanel__5.binvox,30,2,6.972103015,44349.41901,20
7149,Latch_6_ControlPanel__7.binvox,30,2,7.286187472,43590.81977,20
7150,Latch_6_ControlPanel__8.binvox,30,2,7.288097457,43805.05008,20
7151,Latch_6_Rivet__1.binvox,27,2,6.09572191,36922.52044,20
7152,Latch_6_Rivet__10.binvox,27,2,5.803845408,33877.65425,20
7153,Latch_6_Rivet__3.binvox,27,2,5.872630603,34087.01361,20
7154,Latch_6_Rivet__4.binvox,27,2,5.729548627,35431.96697,20
7155,Latch_6_Rivet__5.binvox,27,2,5.71854835,35481.60461,20
7156,Latch_6_Rivet__7.binvox,27,2,5.713028048,36492.45071,20
7157,Latch_6_Rivet__8.binvox,27,2,5.866846613,34166.19364,20
7158,Latch_6_StrikePlate__1.binvox,30,2,37.86611096,1786712.647,2
7159,Latch_6_StrikePlate__10.binvox,30,2,35.54632455,1800044.923,2
7160,Latch_6_StrikePlate__3.binvox,30,2,35.39825814,1789987.414,2
7161,Latch_6_StrikePlate__4.binvox,30,2,36.63296315,1869915.135,2
7162,Latch_6_StrikePlate__5.binvox,30,2,37.03405315,1801960.573,2
7163,Latch_6_StrikePlate__7.binvox,30,2,36.04863631,1776853.4,2
7164,Latch_6_StrikePlate__8.binvox,30,2,37.65282224,1779434.775,2
7165,Latch_7_BottomPlate__1.binvox,30,2,36.86394909,1731261.054,2
7166,Latch_7_BottomPlate__10.binvox,30,2,35.43142151,1701034.84,2
7167,Latch_7_BottomPlate__3.binvox,30,2,37.97663621,1750322.238,2
7168,Latch_7_BottomPlate__4.binvox,30,2,34.96355003,1850402.992,2
7169,Latch_7_BottomPlate__5.binvox,30,2,35.81054211,1783289.565,2
7170,Latch_7_BottomPlate__7.binvox,30,2,35.91727892,1790537.425,2
7171,Latch_7_BottomPlate__8.binvox,30,2,35.11231076,1858863.756,2
7172,Latch_7_BuckledRing__1.binvox,30,2,20.84806559,1012106.125,2
7173,Latch_7_BuckledRing__10.binvox,30,2,20.0878545,953755.8154,2
7174,Latch_7_BuckledRing__3.binvox,30,2,20.9538569,1007864.624,2
7175,Latch_7_BuckledRing__4.binvox,30,2,20.9979095,992354.6753,2
7176,Latch_7_BuckledRing__5.binvox,30,2,20.29782699,933774.3844,2
7177,Latch_7_BuckledRing__7.binvox,30,2,20.95845531,1013777.563,2
7178,Latch_7_BuckledRing__8.binvox,30,2,20.68875234,934347.0855,2
7179,Latch_7_ControlPanel__1.binvox,30,2,7.268898596,44886.18949,20
7180,Latch_7_ControlPanel__10.binvox,30,2,7.513439313,41659.2461,20
7181,Latch_7_ControlPanel__3.binvox,30,2,7.261227296,44038.0338,20
7182,Latch_7_ControlPanel__4.binvox,30,2,7.21654057,44278.08158,20
7183,Latch_7_ControlPanel__5.binvox,30,2,7.22441702,44285.33547,20
7184,Latch_7_ControlPanel__7.binvox,30,2,7.369290804,42181.17763,20
7185,Latch_7_ControlPanel__8.binvox,30,2,7.164384568,42614.95741,20
7186,Latch_7_Rivet__1.binvox,27,2,6.294333046,37037.00348,20
7187,Latch_7_Rivet__10.binvox,27,2,5.76452417,36252.18633,20
7188,Latch_7_Rivet__3.binvox,27,2,5.992389343,35661.8106,20
7189,Latch_7_Rivet__4.binvox,27,2,5.844278203,36248.82468,20
7190,Latch_7_Rivet__5.binvox,27,2,5.959303398,35644.18635,20
7191,Latch_7_Rivet__7.binvox,27,2,6.209644155,33884.23776,20
7192,Latch_7_Rivet__8.binvox,27,2,6.155144904,34395.46336,20
7193,Latch_7_StrikePlate__1.binvox,30,2,38.41024381,1736926.027,2
7194,Latch_7_StrikePlate__10.binvox,30,2,36.32043924,1818038.478,2
7195,Latch_7_StrikePlate__3.binvox,30,2,35.68398051,1773948.47,2
7196,Latch_7_StrikePlate__4.binvox,30,2,35.22785391,1800184.317,2
7197,Latch_7_StrikePlate__5.binvox,30,2,37.86676033,1795004.233,2
7198,Latch_7_StrikePlate__7.binvox,30,2,38.05691531,1851427.589,2
7199,Latch_7_StrikePlate__8.binvox,30,2,38.33891811,1704853.384,2
7200,Latch_8_BottomPlate__1.binvox,30,2,36.89158154,1700304.426,2
7201,Latch_8_BottomPlate__10.binvox,30,2,37.06506132,1803897.305,2
7202,Latch_8_BottomPlate__3.binvox,30,2,37.53074604,1790764.389,2
7203,Latch_8_BottomPlate__4.binvox,30,2,37.10865891,1763662.027,2
7204,Latch_8_BottomPlate__5.binvox,30,2,36.94276857,1713756.13,2
7205,Latch_8_BottomPlate__7.binvox,30,2,35.66734164,1853936.685,2
7206,Latch_8_BottomPlate__8.binvox,30,2,37.89721063,1749713.176,2
7207,Latch_8_BuckledRing__1.binvox,30,2,19.05032579,942671.3202,2
7208,Latch_8_BuckledRing__10.binvox,30,2,19.87414752,983457.3824,2
7209,Latch_8_BuckledRing__3.binvox,30,2,20.38441722,928364.8691,2
7210,Latch_8_BuckledRing__4.binvox,30,2,20.6233168,990715.0871,2
7211,Latch_8_BuckledRing__5.binvox,30,2,20.01032807,931189.4559,2
7212,Latch_8_BuckledRing__7.binvox,30,2,19.07619568,973187.5034,2
7213,Latch_8_BuckledRing__8.binvox,30,2,19.87080317,983671.5756,2
7214,Latch_8_ControlPanel__1.binvox,30,2,7.188048039,43096.06594,20
7215,Latch_8_ControlPanel__10.binvox,30,2,7.266137426,44852.85269,20
7216,Latch_8_ControlPanel__3.binvox,30,2,7.594230499,42444.02053,20
7217,Latch_8_ControlPanel__4.binvox,30,2,7.264980855,41550.99843,20
7218,Latch_8_ControlPanel__5.binvox,30,2,7.437047005,42847.64496,20
7219,Latch_8_ControlPanel__7.binvox,30,2,7.277773485,41870.32502,20
7220,Latch_8_ControlPanel__8.binvox,30,2,7.030675369,44748.50881,20
7221,Latch_8_Rivet__1.binvox,27,2,6.258714746,34960.5525,20
7222,Latch_8_Rivet__10.binvox,27,2,5.961448331,34261.68422,20
7223,Latch_8_Rivet__3.binvox,27,2,5.866127763,34483.90008,20
7224,Latch_8_Rivet__4.binvox,27,2,5.838972599,37329.72854,20
7225,Latch_8_Rivet__5.binvox,27,2,6.197266028,37024.49912,20
7226,Latch_8_Rivet__7.binvox,27,2,6.203872842,35911.56887,20
7227,Latch_8_Rivet__8.binvox,27,2,5.882520977,35293.19236,20
7228,Latch_8_StrikePlate__1.binvox,30,2,37.37977532,1733710.556,2
7229,Latch_8_StrikePlate__10.binvox,30,2,38.00296569,1704945.662,2
7230,Latch_8_StrikePlate__3.binvox,30,2,37.37691204,1823184.618,2
7231,Latch_8_StrikePlate__4.binvox,30,2,36.2851061,1777491.971,2
7232,Latch_8_StrikePlate__5.binvox,30,2,34.92007748,1802474.573,2
7233,Latch_8_StrikePlate__7.binvox,30,2,37.24443089,1741724.897,2
7234,Latch_8_StrikePlate__8.binvox,30,2,36.05091002,1853519.326,2
7235,Latch_9_BottomPlate__1.binvox,30,2,38.42288733,1750923.429,2
7236,Latch_9_BottomPlate__10.binvox,30,2,36.39200377,1829590.489,2
7237,Latch_9_BottomPlate__3.binvox,30,2,37.54133073,1780265.144,2
7238,Latch_9_BottomPlate__4.binvox,30,2,37.05355301,1699888.491,2
7239,Latch_9_BottomPlate__5.binvox,30,2,38.03116572,1730892.056,2
7240,Latch_9_BottomPlate__7.binvox,30,2,34.77526916,1787184.656,2
7241,Latch_9_BottomPlate__8.binvox,30,2,35.45502094,1734289.087,2
7242,Latch_9_BuckledRing__1.binvox,30,2,19.4872308,999081.6709,2
7243,Latch_9_BuckledRing__10.binvox,30,2,19.4370495,971227.3396,2
7244,Latch_9_BuckledRing__3.binvox,30,2,19.73038628,991042.3936,2
7245,Latch_9_BuckledRing__4.binvox,30,2,19.06628572,963542.8496,2
7246,Latch_9_BuckledRing__5.binvox,30,2,19.88552733,943086.4361,2
7247,Latch_9_BuckledRing__7.binvox,30,2,19.53698768,1003015.228,2
7248,Latch_9_BuckledRing__8.binvox,30,2,19.88718227,948800.3335,2
7249,Latch_9_ControlPanel__1.binvox,30,2,7.400521449,43588.58837,20
7250,Latch_9_ControlPanel__10.binvox,30,2,7.020480298,42798.52696,20
7251,Latch_9_ControlPanel__3.binvox,30,2,7.390429168,42405.50671,20
7252,Latch_9_ControlPanel__4.binvox,30,2,7.418753956,41927.28541,20
7253,Latch_9_ControlPanel__5.binvox,30,2,7.465560354,44281.27444,20
7254,Latch_9_ControlPanel__7.binvox,30,2,7.558029738,44671.8978,20
7255,Latch_9_ControlPanel__8.binvox,30,2,7.14248898,45419.34726,20
7256,Latch_9_Rivet__1.binvox,27,2,5.714432571,35918.43308,20
7257,Latch_9_Rivet__10.binvox,27,2,6.018301382,36349.2,20
7258,Latch_9_Rivet__3.binvox,27,2,5.976665337,36993.36424,20
7259,Latch_9_Rivet__4.binvox,27,2,5.812541948,35027.33725,20
7260,Latch_9_Rivet__5.binvox,27,2,6.171988266,34970.55269,20
7261,Latch_9_Rivet__7.binvox,27,2,5.719938712,35847.03758,20
7262,Latch_9_Rivet__8.binvox,27,2,6.295601421,34631.97292,20
7263,Latch_9_StrikePlate__1.binvox,30,2,38.29268186,1746307.577,2
7264,Latch_9_StrikePlate__10.binvox,30,2,35.3367766,1692429.834,2
7265,Latch_9_StrikePlate__3.binvox,30,2,37.33341729,1855329.122,2
7266,Latch_9_StrikePlate__4.binvox,30,2,37.90059349,1862251.051,2
7267,Latch_9_StrikePlate__5.binvox,30,2,36.30038102,1733399.676,2
7268,Latch_9_StrikePlate__7.binvox,30,2,36.68148848,1772101.232,2
7269,Latch_9_StrikePlate__8.binvox,30,2,35.20324021,1816842.327,2
7270,Piston_11_ConnectingRod__1.binvox,28,2,24.10262561,2721244.236,15
7271,Piston_11_PistonHead__1.binvox,28,2,31.09862559,3429693.696,15
7272,Piston_11_WristPin__1.binvox,27,2,98.1186685,5089753.501,2
7273,Piston_16_ConnectingRod__1.binvox,28,2,25.30803698,2607737.01,15
7274,Piston_16_PistonHead__1.binvox,28,2,32.42981513,3651426.379,15
7275,Piston_16_RodBolt__1.binvox,27,4,31.22522961,1514141.514,2
7276,Piston_16_RodCap__1.binvox,28,2,16.45643818,1873140.963,15
7277,Piston_16_RodNut__1.binvox,27,4,29.74601474,1504183.565,2
7278,Piston_16_WristPin__1.binvox,27,2,98.09320591,4903976.734,2
7279,Piston_17_ConnectingRod__1.binvox,28,2,23.47836134,2654337.95,15
7280,Piston_17_PistonHead__1.binvox,28,4,31.02786731,3592112.717,15
7281,Piston_17_RodBolt__1.binvox,27,2,29.77049929,1458879.012,2
7282,Piston_17_RodCap__1.binvox,28,2,15.80947302,1860732.079,15
7283,Piston_17_RodNut__1.binvox,27,4,30.39419217,1430668.771,2
7284,Piston_17_WristPin__1.binvox,27,2,101.4265633,4754570.731,2
7285,Piston_18_ConnectingRod__1.binvox,28,2,25.46389832,2709026.029,15
7286,Piston_18_PistonHead__1.binvox,28,2,33.45095963,3655330.198,15
7287,Piston_18_RodBolt__1.binvox,27,4,28.59173581,1463960.44,2
7288,Piston_18_RodCap__1.binvox,28,2,16.54334389,1770098.043,15
7289,Piston_18_RodNut__1.binvox,27,4,30.58353186,1508973.29,2
7290,Piston_18_WristPin__1.binvox,27,2,97.35962681,4651154.824,2
7291,Piston_1_ConnectingRod__2.binvox,28,2,25.8548679,2544129.395,15
7292,Piston_1_ConnectingRod__3.binvox,28,2,23.86033714,2614260.665,15
7293,Piston_1_ConnectingRod__4.binvox,28,2,24.93693936,2613878.361,15
7294,Piston_1_ConnectingRod__5.binvox,28,2,23.49392502,2572172.804,15
7295,Piston_1_ConnectingRod__7.binvox,28,2,25.0072596,2667647.725,15
7296,Piston_1_ConnectingRod__9.binvox,28,2,25.06961436,2534804.24,15
7297,Piston_1_PistonHead__2.binvox,28,2,33.87806758,3654332.638,15
7298,Piston_1_PistonHead__3.binvox,28,2,32.98528121,3551343.702,15
7299,Piston_1_PistonHead__4.binvox,28,2,31.72349393,3358148.85,15
7300,Piston_1_PistonHead__5.binvox,28,2,34.16260454,3574329.073,15
7301,Piston_1_PistonHead__7.binvox,28,2,31.48580762,3662429.138,15
7302,Piston_1_PistonHead__9.binvox,28,2,31.52545268,3654124.648,15
7303,Piston_1_WristPin__2.binvox,27,2,96.23593492,4896044.083,2
7304,Piston_1_WristPin__3.binvox,27,2,103.3596473,4998242.088,2
7305,Piston_1_WristPin__4.binvox,27,2,101.6664433,4693385.43,2
7306,Piston_1_WristPin__5.binvox,27,2,99.14653979,4949028.75,2
7307,Piston_1_WristPin__7.binvox,27,2,100.3487897,4750770.504,2
7308,Piston_1_WristPin__9.binvox,27,2,104.8533756,4800723.133,2
7309,Piston_21_ConnectingRod__1.binvox,28,2,24.39564236,2552790.091,15
7310,Piston_21_PistonHead__1.binvox,28,2,31.54557672,3634387.49,15
7311,Piston_21_WristPin__1.binvox,27,2,98.7369299,4772700.552,2
7312,Piston_22_ConnectingRod__1.binvox,28,2,24.08719333,2657035.022,15
7313,Piston_22_PistonHead__1.binvox,28,2,33.18140445,3561258.147,15
7314,Piston_22_WristPin__1.binvox,27,2,95.97086917,4689137.803,2
7315,Piston_23_ConnectingRod__1.binvox,28,2,24.23703885,2637771.189,15
7316,Piston_23_PistonHead__1.binvox,28,2,32.3157282,3523562.353,15
7317,Piston_23_WristPin__1.binvox,27,2,100.1623692,4721341.138,2
7318,Piston_24_ConnectingRod__1.binvox,28,2,23.66397862,2627118.451,15
7319,Piston_24_PistonHead__1.binvox,28,2,33.67316893,3612252.418,15
7320,Piston_24_WristPin__1.binvox,27,2,101.3508174,5103300.471,2
7321,Piston_25_ConnectingRod__2.binvox,28,2,24.96084692,2721236.196,15
7322,Piston_25_ConnectingRod__3.binvox,28,2,24.73665644,2750337.211,15
7323,Piston_25_ConnectingRod__4.binvox,28,2,25.5515965,2746586.897,15
7324,Piston_25_ConnectingRod__5.binvox,28,2,25.28292715,2734940.765,15
7325,Piston_25_ConnectingRod__7.binvox,28,2,24.49295537,2644710.071,15
7326,Piston_25_ConnectingRod__9.binvox,28,2,25.46961889,2622999.828,15
7327,Piston_25_PistonHead__2.binvox,28,2,33.87086884,3558794.8,15
7328,Piston_25_PistonHead__3.binvox,28,2,33.89871745,3434046.971,15
7329,Piston_25_PistonHead__4.binvox,28,2,32.99256583,3590107.305,15
7330,Piston_25_PistonHead__5.binvox,28,2,31.1869639,3567164.486,15
7331,Piston_25_PistonHead__7.binvox,28,2,34.03039869,3497122.079,15
7332,Piston_25_PistonHead__9.binvox,28,2,31.50111205,3654776.882,15
7333,Piston_25_RodBolt__2.binvox,27,4,28.94207205,1418900.398,2
7334,Piston_25_RodBolt__3.binvox,27,4,28.84064014,1522268.444,2
7335,Piston_25_RodBolt__4.binvox,27,4,29.1386098,1469331.603,2
7336,Piston_25_RodBolt__5.binvox,27,4,28.87754565,1435916.749,2
7337,Piston_25_RodBolt__7.binvox,27,4,29.82802889,1516959.056,2
7338,Piston_25_RodBolt__9.binvox,27,4,29.19454759,1488151.018,2
7339,Piston_25_RodCap__2.binvox,28,2,16.46381748,1883515.59,15
7340,Piston_25_RodCap__3.binvox,28,2,15.8853875,1819835.372,15
7341,Piston_25_RodCap__4.binvox,28,2,16.46624798,1827745.565,15
7342,Piston_25_RodCap__5.binvox,28,2,17.35699505,1860905.447,15
7343,Piston_25_RodCap__7.binvox,28,2,16.52566489,1829003.519,15
7344,Piston_25_RodCap__9.binvox,28,2,16.77008468,1725174.363,15
7345,Piston_25_WristPin__2.binvox,27,2,102.7709109,5092875.769,2
7346,Piston_25_WristPin__3.binvox,27,2,95.36800757,4893867.053,2
7347,Piston_25_WristPin__4.binvox,27,2,97.23248191,4736698.407,2
7348,Piston_25_WristPin__5.binvox,27,2,102.1996617,4988395.656,2
7349,Piston_25_WristPin__7.binvox,27,2,100.0560437,5016699.023,2
7350,Piston_25_WristPin__9.binvox,27,2,101.502142,4710784.853,2
7351,Piston_27_ConnectingRod__1.binvox,28,2,23.58123402,2723139.135,15
7352,Piston_27_PistonHead__1.binvox,28,2,34.14070032,3644886.073,15
7353,Piston_27_WristPin__1.binvox,27,2,100.0492151,4880215.788,2
7354,Piston_28_ConnectingRod__1.binvox,28,2,25.00854858,2570660.409,15
7355,Piston_28_PistonHead__1.binvox,28,2,33.91878119,3360582.879,15
7356,Piston_28_WristPin__1.binvox,27,2,98.89137644,4801550.158,2
7357,Piston_29_ConnectingRod__1.binvox,28,2,25.75029335,2579617.279,15
7358,Piston_29_PistonHead__1.binvox,28,2,33.11475436,3385733.716,15
7359,Piston_29_WristPin__1.binvox,27,2,97.34823939,4722384.271,2
7360,Piston_2_ConnectingRod__2.binvox,28,2,24.69522094,2796535.523,15
7361,Piston_2_ConnectingRod__3.binvox,28,2,23.71689482,2752397.05,15
7362,Piston_2_ConnectingRod__4.binvox,28,2,25.48430912,2623834.205,15
7363,Piston_2_ConnectingRod__5.binvox,28,2,24.94325845,2620164.235,15
7364,Piston_2_ConnectingRod__7.binvox,28,2,23.57161065,2680123.013,15
7365,Piston_2_ConnectingRod__9.binvox,28,2,25.20174992,2701403.878,15
7366,Piston_2_PistonHead__2.binvox,28,2,34.0123035,3585863.784,15
7367,Piston_2_PistonHead__3.binvox,28,2,33.91935388,3609096.971,15
7368,Piston_2_PistonHead__4.binvox,28,2,32.68524276,3587626.139,15
7369,Piston_2_PistonHead__5.binvox,28,2,33.48119889,3434695.343,15
7370,Piston_2_PistonHead__7.binvox,28,2,33.176916,3527041.184,15
7371,Piston_2_PistonHead__9.binvox,28,2,32.45904764,3551242.957,15
7372,Piston_2_WristPin__2.binvox,27,2,104.0388799,4739615.094,2
7373,Piston_2_WristPin__3.binvox,27,2,97.10509132,4675439.69,2
7374,Piston_2_WristPin__4.binvox,27,2,102.1411878,5051658.282,2
7375,Piston_2_WristPin__5.binvox,27,2,101.3194333,4930034.695,2
7376,Piston_2_WristPin__7.binvox,27,2,102.5893725,4736554.054,2
7377,Piston_2_WristPin__9.binvox,27,2,98.59020099,4938408.676,2
7378,Piston_30_ConnectingRod__1.binvox,28,2,23.51665701,2675169.252,15
7379,Piston_30_PistonHead__1.binvox,28,2,34.13721007,3677561.708,15
7380,Piston_30_WristPin__1.binvox,27,2,103.3145219,5020184.252,2
7381,Piston_32_ConnectingRod__2.binvox,28,2,24.52897264,2563716.453,15
7382,Piston_32_ConnectingRod__3.binvox,28,2,24.77996364,2734428.769,15
7383,Piston_32_ConnectingRod__4.binvox,28,2,23.6668308,2554193.476,15
7384,Piston_32_ConnectingRod__5.binvox,28,2,25.5174381,2696201.145,15
7385,Piston_32_PistonHead__2.binvox,28,2,32.30053416,3431402.34,15
7386,Piston_32_PistonHead__3.binvox,28,2,32.5880022,3532206.698,15
7387,Piston_32_PistonHead__4.binvox,28,2,31.75789961,3401680.345,15
7388,Piston_32_PistonHead__5.binvox,28,2,31.37915206,3370299.412,15
7389,Piston_32_RodBolt__2.binvox,27,4,30.35141375,1427309.279,2
7390,Piston_32_RodBolt__3.binvox,27,4,31.28393904,1408825.048,2
7391,Piston_32_RodBolt__4.binvox,27,4,29.14147941,1525191.735,2
7392,Piston_32_RodBolt__5.binvox,27,4,29.1123556,1453233.048,2
7393,Piston_32_RodCap__2.binvox,28,2,15.95951086,1752832.462,15
7394,Piston_32_RodCap__3.binvox,28,2,16.63071941,1882655.298,15
7395,Piston_32_RodCap__4.binvox,28,2,16.42404341,1758343.78,15
7396,Piston_32_RodCap__5.binvox,28,2,16.23560466,1752335.078,15
7397,Piston_32_RodNut__2.binvox,27,4,30.24786513,1422909.324,2
7398,Piston_32_RodNut__3.binvox,27,4,31.10889781,1486142.837,2
7399,Piston_32_RodNut__4.binvox,27,4,31.39437448,1435342.047,2
7400,Piston_32_RodNut__5.binvox,27,4,29.68779434,1455934.322,2
7401,Piston_32_WristPin__2.binvox,27,2,98.55684845,4929728.472,2
7402,Piston_32_WristPin__3.binvox,27,2,101.5024758,4994069.791,2
7403,Piston_32_WristPin__4.binvox,27,2,102.3272718,4887378.645,2
7404,Piston_32_WristPin__5.binvox,27,2,104.8608576,4820802.445,2
7405,Piston_3_ConnectingRod__2.binvox,28,2,23.59541418,2591899.508,15
7406,Piston_3_ConnectingRod__3.binvox,28,2,25.86855477,2694164.613,15
7407,Piston_3_ConnectingRod__4.binvox,28,2,25.85553051,2774954.568,15
7408,Piston_3_ConnectingRod__5.binvox,28,2,24.36741249,2769182.207,15
7409,Piston_3_ConnectingRod__7.binvox,28,2,24.49105779,2671028.47,15
7410,Piston_3_ConnectingRod__9.binvox,28,2,23.97716043,2780342.564,15
7411,Piston_3_PistonHead__2.binvox,28,2,31.21644778,3625556.836,15
7412,Piston_3_PistonHead__3.binvox,28,2,31.49447479,3425949.862,15
7413,Piston_3_PistonHead__4.binvox,28,2,33.97070231,3383028.686,15
7414,Piston_3_PistonHead__5.binvox,28,2,32.6831354,3643968.65,15
7415,Piston_3_PistonHead__7.binvox,28,2,32.29288114,3570634.47,15
7416,Piston_3_PistonHead__9.binvox,28,2,31.20223667,3519841.511,15
7417,Piston_3_WristPin__2.binvox,27,2,99.46486821,4753268.833,2
7418,Piston_3_WristPin__3.binvox,27,2,102.8017095,5048872.505,2
7419,Piston_3_WristPin__4.binvox,27,2,104.0572054,4974649.043,2
7420,Piston_3_WristPin__5.binvox,27,2,99.17338645,4914562.495,2
7421,Piston_3_WristPin__7.binvox,27,2,101.0986262,4782726.817,2
7422,Piston_3_WristPin__9.binvox,27,2,98.03432392,4753202.429,2
7423,Piston_5_ConnectingRod__2.binvox,28,2,25.70360562,2540843.309,15
7424,Piston_5_ConnectingRod__3.binvox,28,2,24.26130626,2608306.073,15
7425,Piston_5_ConnectingRod__4.binvox,28,2,23.4904477,2719597.88,15
7426,Piston_5_ConnectingRod__5.binvox,28,2,24.96524491,2530462.852,15
7427,Piston_5_ConnectingRod__7.binvox,28,2,25.68578395,2545795.107,15
7428,Piston_5_ConnectingRod__9.binvox,28,2,25.24488313,2680889.617,15
7429,Piston_5_PistonHead__2.binvox,28,2,32.1518683,3561648.993,15
7430,Piston_5_PistonHead__3.binvox,28,2,33.54843031,3675224.512,15
7431,Piston_5_PistonHead__4.binvox,28,2,31.42098889,3524489.093,15
7432,Piston_5_PistonHead__5.binvox,28,2,33.134275,3357995.288,15
7433,Piston_5_PistonHead__7.binvox,28,2,31.8952134,3436297.178,15
7434,Piston_5_PistonHead__9.binvox,28,2,31.56872158,3398851.648,15
7435,Piston_5_WristPin__2.binvox,27,2,95.89716163,4659033.91,2
7436,Piston_5_WristPin__3.binvox,27,2,99.53711403,4966134.483,2
7437,Piston_5_WristPin__4.binvox,27,2,101.6889227,4791297.123,2
7438,Piston_5_WristPin__5.binvox,27,2,95.96995266,4677939.449,2
7439,Piston_5_WristPin__7.binvox,27,2,102.357729,4973574.487,2
7440,Piston_5_WristPin__9.binvox,27,2,98.79785425,5012515.314,2
7441,Piston_6_ConnectingRod__1.binvox,28,2,25.10056862,2685938.274,15
7442,Piston_6_PistonHead__1.binvox,28,2,31.35931859,3607225.276,15
7443,Piston_6_WristPin__1.binvox,27,2,96.87018928,4891420.506,2
7444,Piston_7_ConnectingRod__2.binvox,28,2,24.53797172,2604920.381,15
7445,Piston_7_ConnectingRod__3.binvox,28,2,23.5859019,2770739.815,15
7446,Piston_7_ConnectingRod__4.binvox,28,2,24.98595547,2724376.556,15
7447,Piston_7_ConnectingRod__5.binvox,28,2,25.43059735,2794205.296,15
7448,Piston_7_ConnectingRod__7.binvox,28,2,24.30840189,2717811.925,15
7449,Piston_7_PistonHead__2.binvox,28,2,32.63748102,3446331.384,15
7450,Piston_7_PistonHead__3.binvox,28,2,33.05924956,3367405.75,15
7451,Piston_7_PistonHead__4.binvox,28,2,33.96251684,3504552.575,15
7452,Piston_7_PistonHead__5.binvox,28,2,32.74528723,3546569.467,15
7453,Piston_7_PistonHead__7.binvox,28,2,32.45173308,3502309.27,15
7454,Piston_7_RodBolt__2.binvox,27,4,29.66849896,1520699.487,2
7455,Piston_7_RodBolt__3.binvox,27,4,29.11184598,1423758.045,2
7456,Piston_7_RodBolt__4.binvox,27,4,29.57275434,1476416.526,2
7457,Piston_7_RodBolt__5.binvox,27,4,29.3411679,1481199.281,2
7458,Piston_7_RodBolt__7.binvox,27,4,31.41878413,1490096.884,2
7459,Piston_7_RodCap__2.binvox,28,2,16.7888367,1838548.166,15
7460,Piston_7_RodCap__3.binvox,28,2,16.688529,1793746.413,15
7461,Piston_7_RodCap__4.binvox,28,2,16.53573525,1826485.107,15
7462,Piston_7_RodCap__5.binvox,28,2,16.36006636,1801345.455,15
7463,Piston_7_RodCap__7.binvox,28,2,16.65709213,1778127.498,15
7464,Piston_7_RodNut__2.binvox,27,4,28.75969394,1413516.034,2
7465,Piston_7_RodNut__3.binvox,27,4,29.85630775,1416312.64,2
7466,Piston_7_RodNut__4.binvox,27,4,28.60354198,1398317.087,2
7467,Piston_7_RodNut__5.binvox,27,4,31.39052945,1513093.964,2
7468,Piston_7_RodNut__7.binvox,27,4,30.30075802,1482047.846,2
7469,Piston_7_WristPin__2.binvox,27,2,99.04235966,4995596.684,2
7470,Piston_7_WristPin__3.binvox,27,2,97.24228873,4992460.181,2
7471,Piston_7_WristPin__4.binvox,27,2,99.14541835,4920068.528,2
7472,Piston_7_WristPin__5.binvox,27,2,96.61112245,4948781.793,2
7473,Piston_7_WristPin__7.binvox,27,2,104.5696383,5091444.271,2
7474,Piston_8_ConnectingRod__1.binvox,28,2,25.59663907,2711882.643,15
7475,Piston_8_PistonHead__1.binvox,28,2,32.84222646,3643207.82,15
7476,Piston_8_WristPin__1.binvox,27,2,96.86785101,4785379.553,2
7477,Piston_9_ConnectingRod__1.binvox,28,2,24.39586914,2694820.291,15
7478,Piston_9_PistonHead__1.binvox,28,2,31.90472276,3531594.143,15
7479,Piston_9_WristPin__1.binvox,27,2,97.36208937,5004380.928,2
7480,Bearing_10_Ball__1.binvox,31,64,17.87026266,112997.1666,6
7481,Bearing_10_Ball__10.binvox,31,64,17.11670898,118143.1961,6
7482,Bearing_10_Ball__3.binvox,31,64,17.45691062,115021.5921,6
7483,Bearing_10_Ball__4.binvox,31,64,17.87074808,115245.7065,6
7484,Bearing_10_Ball__5.binvox,31,64,17.70958468,112782.8369,6
7485,Bearing_10_Ball__7.binvox,31,64,18.05993959,113732.0418,6
7486,Bearing_10_Ball__8.binvox,31,64,17.48835638,114336.5389,6
7487,Bearing_10_InnerRing__1.binvox,31,8,22.97760819,142784.7795,6
7488,Bearing_10_InnerRing__10.binvox,31,8,22.74853767,136300.9673,6
7489,Bearing_10_InnerRing__3.binvox,31,8,22.62294835,139129.9696,6
7490,Bearing_10_InnerRing__4.binvox,31,8,22.46379693,146274.6983,6
7491,Bearing_10_InnerRing__5.binvox,31,8,22.59752551,143053.7707,6
7492,Bearing_10_InnerRing__7.binvox,31,8,22.19994864,140587.0451,6
7493,Bearing_10_InnerRing__8.binvox,31,8,22.46778339,140374.5361,6
7494,Bearing_10_OuterRing__1.binvox,31,8,20.96353638,135760.7671,6
7495,Bearing_10_OuterRing__10.binvox,31,8,21.57817893,142259.3655,6
7496,Bearing_10_OuterRing__3.binvox,31,8,22.08553399,147770.4952,6
7497,Bearing_10_OuterRing__4.binvox,31,8,21.38689232,146723.0201,6
7498,Bearing_10_OuterRing__5.binvox,31,8,20.96115217,147936.625,6
7499,Bearing_10_OuterRing__7.binvox,31,8,23.0136735,147086.6872,6
7500,Bearing_10_OuterRing__8.binvox,31,8,21.76402259,137073.1504,6
7501,Bearing_10_Seal__1.binvox,32,16,0.127344626,696.1229709,150
7502,Bearing_10_Seal__10.binvox,32,16,0.127609591,702.3475934,150
7503,Bearing_10_Seal__3.binvox,32,16,0.13705287,666.1273269,150
7504,Bearing_10_Seal__4.binvox,32,16,0.129359654,654.9151806,150
7505,Bearing_10_Seal__5.binvox,32,16,0.138100455,693.6878162,150
7506,Bearing_10_Seal__7.binvox,32,16,0.137305943,687.3987798,150
7507,Bearing_10_Seal__8.binvox,32,16,0.133956174,667.3855667,150
7508,Bearing_1_Ball__1.binvox,31,64,17.97455563,116684.1079,6
7509,Bearing_1_Ball__10.binvox,31,64,18.28207962,118423.0247,6
7510,Bearing_1_Ball__3.binvox,31,64,18.86006119,119884.1188,6
7511,Bearing_1_Ball__4.binvox,31,64,17.71120179,115847.5759,6
7512,Bearing_1_Ball__5.binvox,31,64,17.28819205,112314.6138,6
7513,Bearing_1_Ball__7.binvox,31,64,18.51134789,121910.9022,6
7514,Bearing_1_Ball__8.binvox,31,64,18.05524991,120140.7689,6
7515,Bearing_1_Cage__1.binvox,31,16,1.374133523,9676.173261,75
7516,Bearing_1_Cage__10.binvox,31,16,1.329567589,9829.408972,75
7517,Bearing_1_Cage__3.binvox,31,16,1.310270868,9438.142912,75
7518,Bearing_1_Cage__4.binvox,31,16,1.27236542,9177.368989,75
7519,Bearing_1_Cage__5.binvox,31,16,1.360144591,9553.877534,75
7520,Bearing_1_Cage__7.binvox,31,16,1.285780623,9296.283365,75
7521,Bearing_1_Cage__8.binvox,31,16,1.343266637,9086.860207,75
7522,Bearing_1_InnerRing__1.binvox,31,8,21.88113097,140483.2042,6
7523,Bearing_1_InnerRing__10.binvox,31,8,22.83237703,136495.7293,6
7524,Bearing_1_InnerRing__3.binvox,31,8,22.60976674,147934.2108,6
7525,Bearing_1_InnerRing__4.binvox,31,8,21.21597837,136268.2466,6
7526,Bearing_1_InnerRing__5.binvox,31,8,21.90350162,137404.3038,6
7527,Bearing_1_InnerRing__7.binvox,31,8,20.97716428,138265.3259,6
7528,Bearing_1_InnerRing__8.binvox,31,8,21.4941323,144309.6002,6
7529,Bearing_1_OuterRing__1.binvox,31,8,22.54277643,146310.6926,6
7530,Bearing_1_OuterRing__10.binvox,31,8,21.63281799,149377.3282,6
7531,Bearing_1_OuterRing__3.binvox,31,8,22.84570889,140953.5383,6
7532,Bearing_1_OuterRing__4.binvox,31,8,22.6261827,137122.153,6
7533,Bearing_1_OuterRing__5.binvox,31,8,22.13270739,140032.8261,6
7534,Bearing_1_OuterRing__7.binvox,31,8,22.1642536,138990.4904,6
7535,Bearing_1_OuterRing__8.binvox,31,8,23.05922669,137021.458,6
7536,Bearing_2_Ball__1.binvox,31,64,17.15119304,117932.7275,6
7537,Bearing_2_Ball__10.binvox,31,64,18.31424774,113303.0304,6
7538,Bearing_2_Ball__3.binvox,31,64,17.84297024,115408.4796,6
7539,Bearing_2_Ball__4.binvox,31,64,17.5830202,112873.6148,6
7540,Bearing_2_Ball__5.binvox,31,64,17.62917879,111745.5365,6
7541,Bearing_2_Ball__7.binvox,31,64,17.41100381,113527.3903,6
7542,Bearing_2_Ball__8.binvox,31,64,18.00642656,113368.0548,6
7543,Bearing_2_InnerRing__1.binvox,31,8,21.43520256,139628.3595,6
7544,Bearing_2_InnerRing__10.binvox,31,8,22.40082896,137770.1117,6
7545,Bearing_2_InnerRing__3.binvox,31,8,22.78184627,144961.6732,6
7546,Bearing_2_InnerRing__4.binvox,31,8,22.06414299,135773.9812,6
7547,Bearing_2_InnerRing__5.binvox,31,8,22.62596999,145472.8321,6
7548,Bearing_2_InnerRing__7.binvox,31,8,22.08852665,138782.851,6
7549,Bearing_2_InnerRing__8.binvox,31,8,21.07399093,147434.3187,6
7550,Bearing_2_OuterRing__1.binvox,31,8,21.72060096,144416.9647,6
7551,Bearing_2_OuterRing__10.binvox,31,8,21.15687226,140780.8366,6
7552,Bearing_2_OuterRing__3.binvox,31,8,21.52792999,139124.0447,6
7553,Bearing_2_OuterRing__4.binvox,31,8,21.86768211,142284.3075,6
7554,Bearing_2_OuterRing__5.binvox,31,8,22.303396,136799.0301,6
7555,Bearing_2_OuterRing__7.binvox,31,8,21.12449075,137026.7806,6
7556,Bearing_2_OuterRing__8.binvox,31,8,21.33524254,145290.0307,6
7557,Bearing_3_Ball__1.binvox,31,64,18.07034049,114621.1359,6
7558,Bearing_3_Ball__10.binvox,31,64,18.45494086,118722.8865,6
7559,Bearing_3_Ball__3.binvox,31,64,18.11725613,116492.5368,6
7560,Bearing_3_Ball__4.binvox,31,64,18.26600709,117423.8122,6
7561,Bearing_3_Ball__5.binvox,31,64,17.80904345,119841.1394,6
7562,Bearing_3_Ball__7.binvox,31,64,17.34660718,117105.9872,6
7563,Bearing_3_Ball__8.binvox,31,64,17.86536417,122167.2385,6
7564,Bearing_3_InnerRing__1.binvox,31,8,22.60662737,147848.7477,6
7565,Bearing_3_InnerRing__10.binvox,31,8,22.15327263,149493.1804,6
7566,Bearing_3_InnerRing__3.binvox,31,8,21.21806411,144491.5319,6
7567,Bearing_3_InnerRing__4.binvox,31,8,23.08463959,140886.359,6
7568,Bearing_3_InnerRing__5.binvox,31,8,21.21272117,144113.0077,6
7569,Bearing_3_InnerRing__7.binvox,31,8,21.85427836,143127.0845,6
7570,Bearing_3_InnerRing__8.binvox,31,8,22.05209872,140877.6715,6
7571,Bearing_3_OuterRing__1.binvox,31,8,22.04452703,137080.4042,6
7572,Bearing_3_OuterRing__10.binvox,31,8,22.20206739,137256.2104,6
7573,Bearing_3_OuterRing__3.binvox,31,8,22.62678896,149138.3978,6
7574,Bearing_3_OuterRing__4.binvox,31,8,23.01830421,144418.2611,6
7575,Bearing_3_OuterRing__5.binvox,31,8,22.83519608,135714.9807,6
7576,Bearing_3_OuterRing__7.binvox,31,8,22.02744717,139110.3577,6
7577,Bearing_3_OuterRing__8.binvox,31,8,22.86761523,142316.795,6
7578,Bearing_4_Ball__1.binvox,31,64,17.26857077,113048.8589,6
7579,Bearing_4_Ball__10.binvox,31,64,17.20909421,115220.3513,6
7580,Bearing_4_Ball__3.binvox,31,64,18.05740799,118919.3084,6
7581,Bearing_4_Ball__4.binvox,31,64,17.68437213,113616.2549,6
7582,Bearing_4_Ball__5.binvox,31,64,18.5589031,112391.2726,6
7583,Bearing_4_Ball__7.binvox,31,64,18.53899261,120106.5846,6
7584,Bearing_4_Ball__8.binvox,31,64,17.74717281,115668.2043,6
7585,Bearing_4_InnerRing__1.binvox,31,8,22.74390555,138734.4168,6
7586,Bearing_4_InnerRing__10.binvox,31,8,21.34289664,140667.4311,6
7587,Bearing_4_InnerRing__3.binvox,31,8,21.56657966,136896.5895,6
7588,Bearing_4_InnerRing__4.binvox,31,8,22.14343923,140423.818,6
7589,Bearing_4_InnerRing__5.binvox,31,8,21.41306988,144804.7225,6
7590,Bearing_4_InnerRing__7.binvox,31,8,22.36740032,146590.1046,6
7591,Bearing_4_InnerRing__8.binvox,31,8,21.27127911,149031.1011,6
7592,Bearing_4_OuterRing__1.binvox,31,8,22.61070787,137501.7503,6
7593,Bearing_4_OuterRing__10.binvox,31,8,22.25625555,146971.6069,6
7594,Bearing_4_OuterRing__3.binvox,31,8,21.47542437,148858.9698,6
7595,Bearing_4_OuterRing__4.binvox,31,8,22.1864528,142888.3822,6
7596,Bearing_4_OuterRing__5.binvox,31,8,21.40108199,148119.7674,6
7597,Bearing_4_OuterRing__7.binvox,31,8,21.63738964,145448.1451,6
7598,Bearing_4_OuterRing__8.binvox,31,8,21.4702294,137665.8625,6
7599,Bearing_5_Ball__1.binvox,31,64,17.24970829,120463.2351,6
7600,Bearing_5_Ball__10.binvox,31,64,18.31696506,114159.1479,6
7601,Bearing_5_Ball__3.binvox,31,64,18.46269296,112162.7905,6
7602,Bearing_5_Ball__4.binvox,31,64,17.96236619,116941.4886,6
7603,Bearing_5_Ball__5.binvox,31,64,17.73094712,113939.1273,6
7604,Bearing_5_Ball__7.binvox,31,64,18.0027394,114460.1829,6
7605,Bearing_5_Ball__8.binvox,31,64,17.94635927,113946.3323,6
7606,Bearing_5_Cage__1.binvox,31,16,1.329917793,9854.874917,75
7607,Bearing_5_Cage__10.binvox,31,16,1.342093175,9036.472565,75
7608,Bearing_5_Cage__3.binvox,31,16,1.34331515,9009.131292,75
7609,Bearing_5_Cage__4.binvox,31,16,1.278099142,9300.833307,75
7610,Bearing_5_Cage__5.binvox,31,16,1.337044831,9219.641486,75
7611,Bearing_5_Cage__7.binvox,31,16,1.269443809,9639.894585,75
7612,Bearing_5_Cage__8.binvox,31,16,1.363026989,9592.704771,75
7613,Bearing_5_InnerRing__1.binvox,31,8,22.21419481,137692.4777,6
7614,Bearing_5_InnerRing__10.binvox,31,8,20.90754324,145731.5278,6
7615,Bearing_5_InnerRing__3.binvox,31,8,21.28318323,137576.6745,6
7616,Bearing_5_InnerRing__4.binvox,31,8,22.17158801,135774.7972,6
7617,Bearing_5_InnerRing__5.binvox,31,8,21.03087983,149648.4637,6
7618,Bearing_5_InnerRing__7.binvox,31,8,22.68331091,149133.5358,6
7619,Bearing_5_InnerRing__8.binvox,31,8,21.61851468,136363.0037,6
7620,Bearing_5_OuterRing__1.binvox,31,8,22.47977891,136403.3198,6
7621,Bearing_5_OuterRing__10.binvox,31,8,21.61145331,136541.3005,6
7622,Bearing_5_OuterRing__3.binvox,31,8,21.18015435,149535.3884,6
7623,Bearing_5_OuterRing__4.binvox,31,8,21.89104214,145985.3364,6
7624,Bearing_5_OuterRing__5.binvox,31,8,22.5387124,144450.5717,6
7625,Bearing_5_OuterRing__7.binvox,31,8,21.17604284,136575.8587,6
7626,Bearing_5_OuterRing__8.binvox,31,8,22.7260113,149501.2483,6
7627,Bearing_5_Seal__1.binvox,32,16,0.129593302,699.2998128,150
7628,Bearing_5_Seal__10.binvox,32,16,0.127021266,679.2272971,150
7629,Bearing_5_Seal__3.binvox,32,16,0.128111937,655.8073757,150
7630,Bearing_5_Seal__4.binvox,32,16,0.130148859,701.6706561,150
7631,Bearing_5_Seal__5.binvox,32,16,0.127164037,708.4942201,150
7632,Bearing_5_Seal__7.binvox,32,16,0.133962133,658.1048296,150
7633,Bearing_5_Seal__8.binvox,32,16,0.136598099,660.2402106,150
7634,Bearing_6_Ball__1.binvox,31,64,18.44776825,115370.9476,6
7635,Bearing_6_Ball__10.binvox,31,64,17.85393668,111307.2595,6
7636,Bearing_6_Ball__3.binvox,31,64,18.30845718,118468.9596,6
7637,Bearing_6_Ball__4.binvox,31,64,17.28562033,119736.824,6
7638,Bearing_6_Ball__5.binvox,31,64,17.40557407,116760.0005,6
7639,Bearing_6_Ball__7.binvox,31,64,18.05026223,113222.1143,6
7640,Bearing_6_Ball__8.binvox,31,64,17.77185755,121198.1366,6
7641,Bearing_6_InnerRing__1.binvox,31,8,21.2946349,137659.8532,6
7642,Bearing_6_InnerRing__10.binvox,31,8,21.64341347,149231.4505,6
7643,Bearing_6_InnerRing__3.binvox,31,8,22.78486988,149413.0627,6
7644,Bearing_6_InnerRing__4.binvox,31,8,21.54874711,135564.2975,6
7645,Bearing_6_InnerRing__5.binvox,31,8,22.75218572,148671.7215,6
7646,Bearing_6_InnerRing__7.binvox,31,8,21.40185075,147374.7765,6
7647,Bearing_6_InnerRing__8.binvox,31,8,23.04971376,139086.7906,6
7648,Bearing_6_OuterRing__1.binvox,31,8,23.05624087,140020.8102,6
7649,Bearing_6_OuterRing__10.binvox,31,8,22.31711517,139233.9085,6
7650,Bearing_6_OuterRing__3.binvox,31,8,22.54119134,142055.8527,6
7651,Bearing_6_OuterRing__4.binvox,31,8,21.5789658,144913.8771,6
7652,Bearing_6_OuterRing__5.binvox,31,8,22.04018369,136412.0798,6
7653,Bearing_6_OuterRing__7.binvox,31,8,22.52482751,143527.2947,6
7654,Bearing_6_OuterRing__8.binvox,31,8,23.02741596,148937.4968,6
7655,Bearing_7_Ball__1.binvox,31,64,17.69278556,111922.1764,6
7656,Bearing_7_Ball__10.binvox,31,64,18.05497201,121978.0344,6
7657,Bearing_7_Ball__3.binvox,31,64,17.54612332,112995.3483,6
7658,Bearing_7_Ball__4.binvox,31,64,18.33933178,111225.3925,6
7659,Bearing_7_Ball__5.binvox,31,64,17.30671772,114523.0766,6
7660,Bearing_7_Ball__7.binvox,31,64,18.42315184,119853.689,6
7661,Bearing_7_Ball__8.binvox,31,64,18.2872599,120998.7317,6
7662,Bearing_7_InnerRing__1.binvox,31,8,21.90496992,147411.1103,6
7663,Bearing_7_InnerRing__10.binvox,31,8,21.61883454,148236.0474,6
7664,Bearing_7_InnerRing__3.binvox,31,8,22.0160072,138046.4454,6
7665,Bearing_7_InnerRing__4.binvox,31,8,22.2848609,136759.1462,6
7666,Bearing_7_InnerRing__5.binvox,31,8,22.33388687,137675.186,6
7667,Bearing_7_InnerRing__7.binvox,31,8,22.43019362,140203.0283,6
7668,Bearing_7_InnerRing__8.binvox,31,8,22.58725131,143730.4273,6
7669,Bearing_7_OuterRing__1.binvox,31,8,21.57676415,142170.6922,6
7670,Bearing_7_OuterRing__10.binvox,31,8,23.04491763,139311.5377,6
7671,Bearing_7_OuterRing__3.binvox,31,8,21.15686459,138126.0114,6
7672,Bearing_7_OuterRing__4.binvox,31,8,22.54872545,135730.4627,6
7673,Bearing_7_OuterRing__5.binvox,31,8,22.43930879,143662.1822,6
7674,Bearing_7_OuterRing__7.binvox,31,8,22.53912608,142047.6931,6
7675,Bearing_7_OuterRing__8.binvox,31,8,22.67259784,146713.6929,6
7676,Bearing_8_Ball__1.binvox,31,64,18.03959012,113044.632,6
7677,Bearing_8_Ball__10.binvox,31,64,18.48430521,117160.9274,6
7678,Bearing_8_Ball__3.binvox,31,64,17.83257544,121082.992,6
7679,Bearing_8_Ball__4.binvox,31,64,18.02633959,117423.0131,6
7680,Bearing_8_Ball__5.binvox,31,64,17.82960367,113947.7351,6
7681,Bearing_8_Ball__7.binvox,31,64,18.01590618,119778.833,6
7682,Bearing_8_Ball__8.binvox,31,64,17.82445059,118588.0365,6
7683,Bearing_8_InnerRing__1.binvox,31,8,23.00735,147437.9745,6
7684,Bearing_8_InnerRing__10.binvox,31,8,22.95986251,144395.4186,6
7685,Bearing_8_InnerRing__3.binvox,31,8,22.77942578,146551.8646,6
7686,Bearing_8_InnerRing__4.binvox,31,8,22.55268454,139720.1219,6
7687,Bearing_8_InnerRing__5.binvox,31,8,23.03945819,140599.7772,6
7688,Bearing_8_InnerRing__7.binvox,31,8,22.30285102,143605.1557,6
7689,Bearing_8_InnerRing__8.binvox,31,8,22.09382471,141108.4024,6
7690,Bearing_8_OuterRing__1.binvox,31,8,21.44982824,140397.6024,6
7691,Bearing_8_OuterRing__10.binvox,31,8,21.97661992,143413.1091,6
7692,Bearing_8_OuterRing__3.binvox,31,8,21.16623063,138524.0934,6
7693,Bearing_8_OuterRing__4.binvox,31,8,21.60696562,148069.6743,6
7694,Bearing_8_OuterRing__5.binvox,31,8,21.05763358,136284.626,6
7695,Bearing_8_OuterRing__7.binvox,31,8,22.64089845,146311.7437,6
7696,Bearing_8_OuterRing__8.binvox,31,8,21.39917003,144255.2564,6
7697,Bearing_9_Ball__1.binvox,31,64,17.5217636,110868.9848,6
7698,Bearing_9_Ball__10.binvox,31,64,17.4064002,122143.7089,6
7699,Bearing_9_Ball__3.binvox,31,64,17.76276248,117150.8155,6
7700,Bearing_9_Ball__4.binvox,31,64,18.37992898,120617.1025,6
7701,Bearing_9_Ball__5.binvox,31,64,17.6302834,120285.7233,6
7702,Bearing_9_Ball__7.binvox,31,64,17.89643623,114827.1292,6
7703,Bearing_9_Ball__8.binvox,31,64,17.86444345,120328.2292,6
7704,Bearing_9_InnerRing__1.binvox,31,8,21.6698469,139434.6644,6
7705,Bearing_9_InnerRing__10.binvox,31,8,22.84159237,142079.0143,6
7706,Bearing_9_InnerRing__3.binvox,31,8,20.94031341,148618.2806,6
7707,Bearing_9_InnerRing__4.binvox,31,8,21.66126942,140390.7727,6
7708,Bearing_9_InnerRing__5.binvox,31,8,22.56905574,139207.5117,6
7709,Bearing_9_InnerRing__7.binvox,31,8,21.17368969,148550.1033,6
7710,Bearing_9_InnerRing__8.binvox,31,8,22.54236703,138520.5494,6
7711,Bearing_9_OuterRing__1.binvox,31,8,22.52076087,144779.0285,6
7712,Bearing_9_OuterRing__10.binvox,31,8,22.99739997,141719.9717,6
7713,Bearing_9_OuterRing__3.binvox,31,8,22.41217754,136825.688,6
7714,Bearing_9_OuterRing__4.binvox,31,8,22.25133057,144929.8999,6
7715,Bearing_9_OuterRing__5.binvox,31,8,21.73942893,149141.1741,6
7716,Bearing_9_OuterRing__7.binvox,31,8,21.78728745,148251.3994,6
7717,Bearing_9_OuterRing__8.binvox,31,8,22.1117199,136955.5355,6
7718,Bearing_9_Seal__1.binvox,32,16,0.130273291,664.1927903,150
7719,Bearing_9_Seal__10.binvox,32,16,0.137241693,667.3265038,150
7720,Bearing_9_Seal__3.binvox,32,16,0.127795995,651.2774857,150
7721,Bearing_9_Seal__4.binvox,32,16,0.132262958,681.0108779,150
7722,Bearing_9_Seal__5.binvox,32,16,0.137118927,652.8080509,150
7723,Bearing_9_Seal__7.binvox,32,16,0.138243216,684.8684144,150
7724,Bearing_9_Seal__8.binvox,32,16,0.135783954,689.0249149,150
7725,Caster_10_Bolt__1.binvox,33,16,5.826883226,40069.96706,6
7726,Caster_10_Bolt__10.binvox,33,16,6.100569534,37594.21058,6
7727,Caster_10_Bolt__3.binvox,33,16,6.176089383,37370.90324,6
7728,Caster_10_Bolt__4.binvox,33,16,6.042092956,40546.65508,6
7729,Caster_10_Bolt__5.binvox,33,16,6.027113584,38564.3505,6
7730,Caster_10_Bolt__7.binvox,33,16,5.711857545,38765.35431,6
7731,Caster_10_Bolt__8.binvox,33,16,6.201229009,39463.76565,6
7732,Caster_10_Fork__1.binvox,36,8,1.360964277,8623.951625,75
7733,Caster_10_Fork__10.binvox,36,8,1.309895401,8326.443676,75
7734,Caster_10_Fork__3.binvox,36,8,1.366393098,8261.316237,75
7735,Caster_10_Fork__4.binvox,36,8,1.394241147,8880.286247,75
7736,Caster_10_Fork__5.binvox,36,8,1.29034613,8400.364898,75
7737,Caster_10_Fork__7.binvox,36,8,1.297401106,9058.260754,75
7738,Caster_10_Fork__8.binvox,36,8,1.340094049,8867.538537,75
7739,Caster_10_Nut__1.binvox,33,16,6.226286271,38238.28367,6
7740,Caster_10_Nut__10.binvox,33,16,6.013072024,39064.84264,6
7741,Caster_10_Nut__3.binvox,33,16,5.958980672,38621.33393,6
7742,Caster_10_Nut__4.binvox,33,16,6.043643977,38538.19999,6
7743,Caster_10_Nut__5.binvox,33,16,5.877616815,38479.19761,6
7744,Caster_10_Nut__7.binvox,33,16,6.006920993,40010.20704,6
7745,Caster_10_Nut__8.binvox,33,16,6.017004643,40237.69164,6
7746,Caster_10_TopPlate__1.binvox,35,8,4.836083704,31252.29204,75
7747,Caster_10_TopPlate__10.binvox,35,8,4.987355148,32573.06063,75
7748,Caster_10_TopPlate__3.binvox,35,8,5.066925736,30395.83884,75
7749,Caster_10_TopPlate__4.binvox,35,8,4.800349271,32115.69922,75
7750,Caster_10_TopPlate__5.binvox,35,8,4.973328657,32145.72568,75
7751,Caster_10_TopPlate__7.binvox,35,8,4.896785003,32114.86508,75
7752,Caster_10_TopPlate__8.binvox,35,8,5.116501762,33128.07697,75
7753,Caster_10_WheelRubber__1.binvox,32,8,0.139216278,653.8176151,150
7754,Caster_10_WheelRubber__10.binvox,32,8,0.132235535,680.3687015,150
7755,Caster_10_WheelRubber__3.binvox,32,8,0.132089094,688.7845099,150
7756,Caster_10_WheelRubber__4.binvox,32,8,0.128524619,650.1994053,150
7757,Caster_10_WheelRubber__5.binvox,32,8,0.128505024,691.7583902,150
7758,Caster_10_WheelRubber__7.binvox,32,8,0.139432619,691.2424778,150
7759,Caster_10_WheelRubber__8.binvox,32,8,0.136714792,691.2618756,150
7760,Caster_10_Wheel__1.binvox,35,8,1.709872718,5210.742576,240
7761,Caster_10_Wheel__10.binvox,35,8,1.849528589,5617.952516,240
7762,Caster_10_Wheel__3.binvox,35,8,1.783967069,5156.720229,240
7763,Caster_10_Wheel__4.binvox,35,8,1.717883878,5523.753455,240
7764,Caster_10_Wheel__5.binvox,35,8,1.711535975,5174.355281,240
7765,Caster_10_Wheel__7.binvox,35,8,1.830158025,5515.019252,240
7766,Caster_10_Wheel__8.binvox,35,8,1.787320509,5573.059994,240
7767,Caster_1_Bolt__1.binvox,33,16,5.738221346,40761.72139,6
7768,Caster_1_Bolt__10.binvox,33,16,5.723805153,39745.50126,6
7769,Caster_1_Bolt__3.binvox,33,16,5.701906789,40168.57421,6
7770,Caster_1_Bolt__4.binvox,33,16,6.229274536,37973.01913,6
7771,Caster_1_Bolt__5.binvox,33,16,5.919193121,37975.87867,6
7772,Caster_1_Bolt__7.binvox,33,16,5.892652904,39028.86806,6
7773,Caster_1_Bolt__8.binvox,33,16,6.046480534,39163.9972,6
7774,Caster_1_Fork__1.binvox,36,8,1.328868917,8877.375754,75
7775,Caster_1_Fork__10.binvox,36,8,1.377021583,8443.512991,75
7776,Caster_1_Fork__3.binvox,36,8,1.319184553,8591.599313,75
7777,Caster_1_Fork__4.binvox,36,8,1.339423091,8534.591898,75
7778,Caster_1_Fork__5.binvox,36,8,1.303752576,8274.772399,75
7779,Caster_1_Fork__7.binvox,36,8,1.384148471,8497.803178,75
7780,Caster_1_Fork__8.binvox,36,8,1.346579152,8796.231877,75
7781,Caster_1_Nut__1.binvox,33,16,6.194147476,38380.59908,6
7782,Caster_1_Nut__10.binvox,33,16,6.25244303,39300.15823,6
7783,Caster_1_Nut__3.binvox,33,16,6.128620766,39241.7876,6
7784,Caster_1_Nut__4.binvox,33,16,6.217678672,37185.01176,6
7785,Caster_1_Nut__5.binvox,33,16,5.830484323,38850.49754,6
7786,Caster_1_Nut__7.binvox,33,16,6.014960542,37907.46865,6
7787,Caster_1_Nut__8.binvox,33,16,5.787157039,37467.73133,6
7788,Caster_1_Wheel__1.binvox,35,8,1.716417899,5150.546083,240
7789,Caster_1_Wheel__10.binvox,35,8,1.778973255,5363.499642,240
7790,Caster_1_Wheel__3.binvox,35,8,1.715915689,5280.326658,240
7791,Caster_1_Wheel__4.binvox,35,8,1.859168383,5502.855032,240
7792,Caster_1_Wheel__5.binvox,35,8,1.720293597,5423.15483,240
7793,Caster_1_Wheel__7.binvox,35,8,1.813032974,5484.130945,240
7794,Caster_1_Wheel__8.binvox,35,8,1.71071599,5440.922961,240
7795,Caster_2_Bolt__1.binvox,33,16,5.953615027,37446.98304,6
7796,Caster_2_Bolt__10.binvox,33,16,6.117445156,40367.00326,6
7797,Caster_2_Bolt__3.binvox,33,16,6.27290045,40687.40879,6
7798,Caster_2_Bolt__4.binvox,33,16,6.16132733,37297.13122,6
7799,Caster_2_Bolt__5.binvox,33,16,5.824399977,37783.29457,6
7800,Caster_2_Bolt__7.binvox,33,16,5.868101282,40092.95332,6
7801,Caster_2_Bolt__8.binvox,33,16,6.097335872,38178.26756,6
7802,Caster_2_Fork__1.binvox,36,8,1.271060996,8832.849641,75
7803,Caster_2_Fork__10.binvox,36,8,1.333566861,8618.350461,75
7804,Caster_2_Fork__3.binvox,36,8,1.283197633,8560.33056,75
7805,Caster_2_Fork__4.binvox,36,8,1.353311653,8886.034101,75
7806,Caster_2_Fork__5.binvox,36,8,1.284196452,8262.604598,75
7807,Caster_2_Fork__7.binvox,36,8,1.29253801,8962.142914,75
7808,Caster_2_Fork__8.binvox,36,8,1.305751418,8660.13373,75
7809,Caster_2_Nut__1.binvox,33,16,5.812798917,39353.84491,6
7810,Caster_2_Nut__10.binvox,33,16,6.210192584,38094.38696,6
7811,Caster_2_Nut__3.binvox,33,16,6.159922453,40806.36173,6
7812,Caster_2_Nut__4.binvox,33,16,5.744693103,37632.59717,6
7813,Caster_2_Nut__5.binvox,33,16,6.244587454,38973.82762,6
7814,Caster_2_Nut__7.binvox,33,16,5.921733369,38210.8787,6
7815,Caster_2_Nut__8.binvox,33,16,5.851189424,37782.39051,6
7816,Caster_2_Wheel__1.binvox,35,8,1.732902681,5195.049913,240
7817,Caster_2_Wheel__10.binvox,35,8,1.845431223,5221.592025,240
7818,Caster_2_Wheel__3.binvox,35,8,1.778973818,5218.787315,240
7819,Caster_2_Wheel__4.binvox,35,8,1.809717554,5587.097358,240
7820,Caster_2_Wheel__5.binvox,35,8,1.857794124,5344.019212,240
7821,Caster_2_Wheel__7.binvox,35,8,1.843031071,5512.857426,240
7822,Caster_2_Wheel__8.binvox,35,8,1.793079646,5656.664868,240
7823,Caster_3_Bolt__1.binvox,33,16,6.15852662,39613.59293,6
7824,Caster_3_Bolt__10.binvox,33,16,6.153812685,38669.21554,6
7825,Caster_3_Bolt__3.binvox,33,16,5.960686371,40104.62248,6
7826,Caster_3_Bolt__4.binvox,33,16,5.85739005,39302.25952,6
7827,Caster_3_Bolt__5.binvox,33,16,6.133853201,39282.71883,6
7828,Caster_3_Bolt__7.binvox,33,16,6.232901367,37678.93078,6
7829,Caster_3_Bolt__8.binvox,33,16,5.958875895,40488.70153,6
7830,Caster_3_Fork__1.binvox,36,8,1.377964938,8693.058708,75
7831,Caster_3_Fork__10.binvox,36,8,1.313119128,8659.95712,75
7832,Caster_3_Fork__3.binvox,36,8,1.385253966,8622.706428,75
7833,Caster_3_Fork__4.binvox,36,8,1.382981019,9054.533527,75
7834,Caster_3_Fork__5.binvox,36,8,1.298026058,8833.369705,75
7835,Caster_3_Fork__7.binvox,36,8,1.374059088,8522.324559,75
7836,Caster_3_Fork__8.binvox,36,8,1.324908162,8974.141987,75
7837,Caster_3_Nut__1.binvox,33,16,6.016141906,37182.75241,6
7838,Caster_3_Nut__10.binvox,33,16,5.954106163,37963.7135,6
7839,Caster_3_Nut__3.binvox,33,16,6.0145876,39663.40504,6
7840,Caster_3_Nut__4.binvox,33,16,6.010212632,39663.62053,6
7841,Caster_3_Nut__5.binvox,33,16,6.176668712,40403.73315,6
7842,Caster_3_Nut__7.binvox,33,16,6.109077275,37296.3698,6
7843,Caster_3_Nut__8.binvox,33,16,5.758867002,39893.20892,6
7844,Caster_3_Wheel__1.binvox,35,8,1.762353796,5462.442627,240
7845,Caster_3_Wheel__10.binvox,35,8,1.797213444,5193.979902,240
7846,Caster_3_Wheel__3.binvox,35,8,1.758815326,5437.914421,240
7847,Caster_3_Wheel__4.binvox,35,8,1.85707199,5332.611581,240
7848,Caster_3_Wheel__5.binvox,35,8,1.749142791,5325.26481,240
7849,Caster_3_Wheel__7.binvox,35,8,1.803514125,5358.187136,240
7850,Caster_3_Wheel__8.binvox,35,8,1.748754462,5439.05187,240
7851,Caster_4_Bolt__1.binvox,33,16,5.823857404,39575.06046,6
7852,Caster_4_Bolt__10.binvox,33,16,5.791384018,39255.76532,6
7853,Caster_4_Bolt__3.binvox,33,16,5.761644985,38772.64132,6
7854,Caster_4_Bolt__4.binvox,33,16,5.833910323,40780.32486,6
7855,Caster_4_Bolt__5.binvox,33,16,6.10163522,39161.84987,6
7856,Caster_4_Bolt__7.binvox,33,16,6.295754378,39912.71291,6
7857,Caster_4_Bolt__8.binvox,33,16,6.011805799,39765.21375,6
7858,Caster_4_Fork__1.binvox,36,8,1.317367562,8381.062454,75
7859,Caster_4_Fork__10.binvox,36,8,1.272686602,8548.100303,75
7860,Caster_4_Fork__3.binvox,36,8,1.384145018,9064.113888,75
7861,Caster_4_Fork__4.binvox,36,8,1.314067547,8758.24696,75
7862,Caster_4_Fork__5.binvox,36,8,1.398171391,8629.53163,75
7863,Caster_4_Fork__7.binvox,36,8,1.327050781,8714.284099,75
7864,Caster_4_Fork__8.binvox,36,8,1.386426737,8681.173783,75
7865,Caster_4_Nut__1.binvox,33,16,5.707334945,39952.49221,6
7866,Caster_4_Nut__10.binvox,33,16,6.086633535,37452.09687,6
7867,Caster_4_Nut__3.binvox,33,16,5.963695842,37750.70976,6
7868,Caster_4_Nut__4.binvox,33,16,5.977942544,38363.86242,6
7869,Caster_4_Nut__5.binvox,33,16,5.943043831,40384.07132,6
7870,Caster_4_Nut__7.binvox,33,16,5.920490818,38997.7821,6
7871,Caster_4_Nut__8.binvox,33,16,6.225125138,37451.69868,6
7872,Caster_4_WheelRubber__1.binvox,32,8,0.138703998,706.0712918,150
7873,Caster_4_WheelRubber__10.binvox,32,8,0.133294313,661.7929365,150
7874,Caster_4_WheelRubber__3.binvox,32,8,0.13820071,680.7061385,150
7875,Caster_4_WheelRubber__4.binvox,32,8,0.138986816,706.3370439,150
7876,Caster_4_WheelRubber__5.binvox,32,8,0.137572256,665.2568354,150
7877,Caster_4_WheelRubber__7.binvox,32,8,0.127335765,682.2508105,150
7878,Caster_4_WheelRubber__8.binvox,32,8,0.1386187,669.1111885,150
7879,Caster_4_Wheel__1.binvox,35,8,1.847006376,5489.669943,240
7880,Caster_4_Wheel__10.binvox,35,8,1.857083664,5671.830801,240
7881,Caster_4_Wheel__3.binvox,35,8,1.775744443,5319.376233,240
7882,Caster_4_Wheel__4.binvox,35,8,1.687600633,5297.455045,240
7883,Caster_4_Wheel__5.binvox,35,8,1.699553514,5216.830554,240
7884,Caster_4_Wheel__7.binvox,35,8,1.758418344,5490.932685,240
7885,Caster_4_Wheel__8.binvox,35,8,1.775201124,5165.501657,240
7886,Caster_5_Bolt__1.binvox,33,16,6.130697314,38219.2225,6
7887,Caster_5_Bolt__10.binvox,33,16,5.757249262,38589.33155,6
7888,Caster_5_Bolt__3.binvox,33,16,5.883052135,38109.02998,6
7889,Caster_5_Bolt__4.binvox,33,16,5.953449218,40428.81818,6
7890,Caster_5_Bolt__5.binvox,33,16,6.22594363,36976.37426,6
7891,Caster_5_Bolt__7.binvox,33,16,6.187466974,38767.65624,6
7892,Caster_5_Bolt__8.binvox,33,16,6.202763866,39628.92962,6
7893,Caster_5_Fork__1.binvox,36,8,1.340457147,8377.28913,75
7894,Caster_5_Fork__10.binvox,36,8,1.304340153,8840.46967,75
7895,Caster_5_Fork__3.binvox,36,8,1.294235541,8503.167328,75
7896,Caster_5_Fork__4.binvox,36,8,1.349746785,8591.583557,75
7897,Caster_5_Fork__5.binvox,36,8,1.383021464,8621.065321,75
7898,Caster_5_Fork__7.binvox,36,8,1.271833884,8841.579594,75
7899,Caster_5_Fork__8.binvox,36,8,1.37190574,8528.284429,75
7900,Caster_5_Nut__1.binvox,33,16,5.963344755,38861.68188,6
7901,Caster_5_Nut__10.binvox,33,16,5.965198555,39252.23724,6
7902,Caster_5_Nut__3.binvox,33,16,6.104829778,39823.8845,6
7903,Caster_5_Nut__4.binvox,33,16,6.00564541,37659.57309,6
7904,Caster_5_Nut__5.binvox,33,16,5.74551477,37919.82772,6
7905,Caster_5_Nut__7.binvox,33,16,5.714067278,37160.95195,6
7906,Caster_5_Nut__8.binvox,33,16,6.018365154,38447.2679,6
7907,Caster_5_Wheel__1.binvox,35,8,1.81350522,5268.138689,240
7908,Caster_5_Wheel__10.binvox,35,8,1.744725213,5627.122608,240
7909,Caster_5_Wheel__3.binvox,35,8,1.725796553,5451.357755,240
7910,Caster_5_Wheel__4.binvox,35,8,1.846134245,5232.828537,240
7911,Caster_5_Wheel__5.binvox,35,8,1.849465933,5149.658157,240
7912,Caster_5_Wheel__7.binvox,35,8,1.77495734,5514.961318,240
7913,Caster_5_Wheel__8.binvox,35,8,1.777475645,5634.400542,240
7914,Caster_6_Bolt__1.binvox,33,16,5.873855612,40575.16393,6
7915,Caster_6_Bolt__10.binvox,33,16,6.01359363,40407.01539,6
7916,Caster_6_Bolt__3.binvox,33,16,6.198050971,38702.30031,6
7917,Caster_6_Bolt__4.binvox,33,16,5.811860947,39378.42689,6
7918,Caster_6_Bolt__5.binvox,33,16,6.246668247,39618.03971,6
7919,Caster_6_Bolt__7.binvox,33,16,5.948385886,37176.37999,6
7920,Caster_6_Bolt__8.binvox,33,16,5.876204239,39684.31369,6
7921,Caster_6_Fork__1.binvox,36,8,1.365743593,8977.559683,75
7922,Caster_6_Fork__10.binvox,36,8,1.358430566,8271.58139,75
7923,Caster_6_Fork__3.binvox,36,8,1.296616144,8688.201736,75
7924,Caster_6_Fork__4.binvox,36,8,1.338557807,8264.782528,75
7925,Caster_6_Fork__5.binvox,36,8,1.380890595,8800.115656,75
7926,Caster_6_Fork__7.binvox,36,8,1.350808556,8509.186219,75
7927,Caster_6_Fork__8.binvox,36,8,1.305243876,8313.735427,75
7928,Caster_6_Nut__1.binvox,33,16,6.214821418,38250.06767,6
7929,Caster_6_Nut__10.binvox,33,16,6.280883606,37681.23817,6
7930,Caster_6_Nut__3.binvox,33,16,5.767168268,40781.18282,6
7931,Caster_6_Nut__4.binvox,33,16,5.994157615,39355.29776,6
7932,Caster_6_Nut__5.binvox,33,16,6.065825021,37090.90908,6
7933,Caster_6_Nut__7.binvox,33,16,6.246178201,39544.27907,6
7934,Caster_6_Nut__8.binvox,33,16,6.132224594,39348.50758,6
7935,Caster_6_TopPlate__1.binvox,35,8,4.911029429,33105.19575,75
7936,Caster_6_TopPlate__10.binvox,35,8,4.643894573,30327.51061,75
7937,Caster_6_TopPlate__3.binvox,35,8,4.659335145,33019.34573,75
7938,Caster_6_TopPlate__4.binvox,35,8,4.921662041,31887.9188,75
7939,Caster_6_TopPlate__5.binvox,35,8,4.890891838,30147.74909,75
7940,Caster_6_TopPlate__7.binvox,35,8,4.695671593,32085.95506,75
7941,Caster_6_TopPlate__8.binvox,35,8,5.121522087,30541.13882,75
7942,Caster_6_Wheel__1.binvox,35,8,1.843796021,5303.611092,240
7943,Caster_6_Wheel__10.binvox,35,8,1.759355427,5198.201913,240
7944,Caster_6_Wheel__3.binvox,35,8,1.816122187,5294.085398,240
7945,Caster_6_Wheel__4.binvox,35,8,1.77703151,5367.976231,240
7946,Caster_6_Wheel__5.binvox,35,8,1.699881616,5599.219945,240
7947,Caster_6_Wheel__7.binvox,35,8,1.772840217,5191.969129,240
7948,Caster_6_Wheel__8.binvox,35,8,1.759499788,5512.835078,240
7949,Caster_7_Bolt__1.binvox,33,16,5.760578129,37753.0236,6
7950,Caster_7_Bolt__10.binvox,33,16,5.800077077,39226.98308,6
7951,Caster_7_Bolt__3.binvox,33,16,5.719528269,38066.81075,6
7952,Caster_7_Bolt__4.binvox,33,16,6.042114216,37464.43976,6
7953,Caster_7_Bolt__5.binvox,33,16,5.890604933,38860.00738,6
7954,Caster_7_Bolt__7.binvox,33,16,6.060947839,39220.12357,6
7955,Caster_7_Bolt__8.binvox,33,16,5.836591968,37147.45225,6
7956,Caster_7_Fork__1.binvox,36,8,1.390852197,8341.228744,75
7957,Caster_7_Fork__10.binvox,36,8,1.308617849,8867.357168,75
7958,Caster_7_Fork__3.binvox,36,8,1.280955175,8616.956638,75
7959,Caster_7_Fork__4.binvox,36,8,1.384659523,8628.305925,75
7960,Caster_7_Fork__5.binvox,36,8,1.359663307,8532.701938,75
7961,Caster_7_Fork__7.binvox,36,8,1.332479387,8779.490642,75
7962,Caster_7_Fork__8.binvox,36,8,1.371391778,9026.203377,75
7963,Caster_7_Nut__1.binvox,33,16,6.200652561,39813.92186,6
7964,Caster_7_Nut__10.binvox,33,16,6.124074934,40117.4704,6
7965,Caster_7_Nut__3.binvox,33,16,5.722056078,39070.21168,6
7966,Caster_7_Nut__4.binvox,33,16,5.798658365,40473.613,6
7967,Caster_7_Nut__5.binvox,33,16,6.198285102,38627.45152,6
7968,Caster_7_Nut__7.binvox,33,16,5.807682603,37982.96657,6
7969,Caster_7_Nut__8.binvox,33,16,5.711481753,38729.98744,6
7970,Caster_7_TopPlate__1.binvox,35,8,4.87023399,33130.23128,75
7971,Caster_7_TopPlate__10.binvox,35,8,5.065247556,32997.87126,75
7972,Caster_7_TopPlate__3.binvox,35,8,4.781368924,32882.90522,75
7973,Caster_7_TopPlate__4.binvox,35,8,4.712145727,32943.6912,75
7974,Caster_7_TopPlate__5.binvox,35,8,5.017222,31933.01523,75
7975,Caster_7_TopPlate__7.binvox,35,8,4.717288436,32196.49531,75
7976,Caster_7_TopPlate__8.binvox,35,8,4.710594978,31583.06149,75
7977,Caster_7_Wheel__1.binvox,35,8,1.711891628,5352.144187,240
7978,Caster_7_Wheel__10.binvox,35,8,1.815086529,5212.60394,240
7979,Caster_7_Wheel__3.binvox,35,8,1.818716283,5525.938144,240
7980,Caster_7_Wheel__4.binvox,35,8,1.794613022,5501.297067,240
7981,Caster_7_Wheel__5.binvox,35,8,1.728978371,5294.492836,240
7982,Caster_7_Wheel__7.binvox,35,8,1.85562858,5419.364404,240
7983,Caster_7_Wheel__8.binvox,35,8,1.856475246,5606.537641,240
7984,Caster_8_Bolt__1.binvox,33,16,6.12309189,39980.10439,6
7985,Caster_8_Bolt__10.binvox,33,16,5.997916776,39894.51197,6
7986,Caster_8_Bolt__3.binvox,33,16,6.008782368,39199.53374,6
7987,Caster_8_Bolt__4.binvox,33,16,6.036945158,38521.9775,6
7988,Caster_8_Bolt__5.binvox,33,16,5.795710553,40053.69671,6
7989,Caster_8_Bolt__7.binvox,33,16,6.290961317,39159.30295,6
7990,Caster_8_Bolt__8.binvox,33,16,6.226633669,39197.90494,6
7991,Caster_8_Fork__1.binvox,36,8,1.395941964,8721.952771,75
7992,Caster_8_Fork__10.binvox,36,8,1.363315082,9033.373396,75
7993,Caster_8_Fork__3.binvox,36,8,1.395133134,8734.37881,75
7994,Caster_8_Fork__4.binvox,36,8,1.360010233,8947.956567,75
7995,Caster_8_Fork__5.binvox,36,8,1.377585747,8401.395591,75
7996,Caster_8_Fork__7.binvox,36,8,1.284230654,8753.082726,75
7997,Caster_8_Fork__8.binvox,36,8,1.282015556,8873.959145,75
7998,Caster_8_Nut__1.binvox,33,16,5.767388488,40276.19207,6
7999,Caster_8_Nut__10.binvox,33,16,6.129192938,38537.90062,6
8000,Caster_8_Nut__3.binvox,33,16,5.946086415,37212.50903,6
8001,Caster_8_Nut__4.binvox,33,16,5.953514059,40729.10513,6
8002,Caster_8_Nut__5.binvox,33,16,6.146554693,39771.69845,6
8003,Caster_8_Nut__7.binvox,33,16,5.856603853,37102.71345,6
8004,Caster_8_Nut__8.binvox,33,16,5.808325366,38316.19148,6
8005,Caster_8_TopPlate__1.binvox,35,8,4.902021404,32227.22236,75
8006,Caster_8_TopPlate__10.binvox,35,8,4.797895042,32854.45635,75
8007,Caster_8_TopPlate__3.binvox,35,8,4.848959163,30882.57191,75
8008,Caster_8_TopPlate__4.binvox,35,8,4.763194565,33127.08545,75
8009,Caster_8_TopPlate__5.binvox,35,8,5.023457591,31095.97916,75
8010,Caster_8_TopPlate__7.binvox,35,8,4.789333589,30908.53246,75
8011,Caster_8_TopPlate__8.binvox,35,8,4.676078868,32677.87833,75
8012,Caster_8_Wheel__1.binvox,35,8,1.853861253,5673.081341,240
8013,Caster_8_Wheel__10.binvox,35,8,1.834202662,5361.527271,240
8014,Caster_8_Wheel__3.binvox,35,8,1.77328053,5236.305433,240
8015,Caster_8_Wheel__4.binvox,35,8,1.714949557,5254.286159,240
8016,Caster_8_Wheel__5.binvox,35,8,1.752435814,5173.624004,240
8017,Caster_8_Wheel__7.binvox,35,8,1.787044901,5276.323653,240
8018,Caster_8_Wheel__8.binvox,35,8,1.745860093,5514.283625,240
8019,Caster_9_Bolt__1.binvox,33,16,6.088586187,39124.61452,6
8020,Caster_9_Bolt__10.binvox,33,16,5.923255099,39880.52717,6
8021,Caster_9_Bolt__3.binvox,33,16,6.291825058,39095.93034,6
8022,Caster_9_Bolt__4.binvox,33,16,5.728723613,39957.76418,6
8023,Caster_9_Bolt__5.binvox,33,16,6.257742397,37393.53655,6
8024,Caster_9_Bolt__7.binvox,33,16,6.233588099,38910.73648,6
8025,Caster_9_Bolt__8.binvox,33,16,5.935452011,39276.40379,6
8026,Caster_9_Fork__1.binvox,36,8,1.315062442,8688.994546,75
8027,Caster_9_Fork__10.binvox,36,8,1.345235754,8358.282084,75
8028,Caster_9_Fork__3.binvox,36,8,1.28272724,8209.73388,75
8029,Caster_9_Fork__4.binvox,36,8,1.371140101,8702.181213,75
8030,Caster_9_Fork__5.binvox,36,8,1.292058327,8721.289353,75
8031,Caster_9_Fork__7.binvox,36,8,1.325582892,8680.825033,75
8032,Caster_9_Fork__8.binvox,36,8,1.382002566,8422.055749,75
8033,Caster_9_Nut__1.binvox,33,16,5.872354404,39852.03365,6
8034,Caster_9_Nut__10.binvox,33,16,5.913047564,38327.51057,6
8035,Caster_9_Nut__3.binvox,33,16,6.272099574,37885.91495,6
8036,Caster_9_Nut__4.binvox,33,16,5.760256919,40155.36141,6
8037,Caster_9_Nut__5.binvox,33,16,5.839447148,39529.09369,6
8038,Caster_9_Nut__7.binvox,33,16,6.113752643,40306.61646,6
8039,Caster_9_Nut__8.binvox,33,16,5.951883012,37165.4042,6
8040,Caster_9_TopPlate__1.binvox,35,8,5.099979013,30847.36149,75
8041,Caster_9_TopPlate__10.binvox,35,8,4.97916921,32341.60962,75
8042,Caster_9_TopPlate__3.binvox,35,8,4.93146764,32943.0341,75
8043,Caster_9_TopPlate__4.binvox,35,8,5.097147908,32030.77909,75
8044,Caster_9_TopPlate__5.binvox,35,8,4.897395246,30882.03765,75
8045,Caster_9_TopPlate__7.binvox,35,8,5.050751631,30860.16445,75
8046,Caster_9_TopPlate__8.binvox,35,8,4.919979441,32796.51626,75
8047,Caster_9_Wheel__1.binvox,35,8,1.827458585,5574.936544,240
8048,Caster_9_Wheel__10.binvox,35,8,1.812428362,5300.311549,240
8049,Caster_9_Wheel__3.binvox,35,8,1.713370023,5436.567057,240
8050,Caster_9_Wheel__4.binvox,35,8,1.736466549,5673.378888,240
8051,Caster_9_Wheel__5.binvox,35,8,1.77910192,5384.811682,240
8052,Caster_9_Wheel__7.binvox,35,8,1.793404039,5393.142868,240
8053,Caster_9_Wheel__8.binvox,35,8,1.717428,5310.326761,240
8054,Clamp_10_Frame__1.binvox,35,8,5.097040513,27561.80549,120
8055,Clamp_10_Pad__1.binvox,33,8,1.250665024,6244.52495,150
8056,Clamp_10_PinScrew__1.binvox,33,8,6.157625511,38266.74394,6
8057,Clamp_11_Frame__1.binvox,35,8,4.976399304,27708.4027,120
8058,Clamp_11_Handle__1.binvox,33,8,2.533909952,14346.67861,120
8059,Clamp_11_Pad__1.binvox,33,8,1.201651022,6132.98616,150
8060,Clamp_11_PinScrew__1.binvox,33,8,6.201485027,39572.73859,6
8061,Clamp_12_Frame__1.binvox,35,8,4.924411264,27086.86504,120
8062,Clamp_12_Handle__1.binvox,33,8,2.499110352,13827.10296,120
8063,Clamp_12_Pad__1.binvox,33,8,1.191224578,6402.046428,150
8064,Clamp_12_PinScrew__1.binvox,33,8,6.124260281,39749.63191,6
8065,Clamp_13_Frame__1.binvox,35,8,5.020888218,27479.08757,120
8066,Clamp_13_Handle__1.binvox,33,8,2.424064265,14257.42655,120
8067,Clamp_13_Pad__1.binvox,33,8,1.20310608,6147.29724,150
8068,Clamp_13_PinScrew__1.binvox,33,8,6.09323737,36944.20212,6
8069,Clamp_15_Frame__1.binvox,35,8,5.095156518,27943.74421,120
8070,Clamp_15_Handle__1.binvox,33,8,2.460566455,14084.84429,120
8071,Clamp_15_Pad__1.binvox,33,8,1.208353226,6058.961544,150
8072,Clamp_15_PinScrew__1.binvox,33,8,5.83124354,39522.60884,6
8073,Clamp_16_Frame__1.binvox,35,8,5.05173491,28365.47302,120
8074,Clamp_16_Handle__1.binvox,33,8,2.4522191,14124.42227,120
8075,Clamp_16_Pad__1.binvox,33,8,1.179781137,6110.564889,150
8076,Clamp_16_PinScrew__1.binvox,33,8,5.761835385,39147.5276,6
8077,Clamp_17_Frame__1.binvox,35,8,4.909982213,28593.52078,120
8078,Clamp_17_Handle__1.binvox,33,8,2.454411346,13871.20358,120
8079,Clamp_17_Pad__1.binvox,33,8,1.173440129,6032.065248,150
8080,Clamp_17_PinScrew__1.binvox,33,8,6.140769566,37381.41766,6
8081,Clamp_18_Frame__1.binvox,35,8,4.682829102,26817.88552,120
8082,Clamp_18_Handle__1.binvox,33,8,2.416669869,14165.2692,120
8083,Clamp_18_Pad__1.binvox,33,8,1.183074841,6296.211204,150
8084,Clamp_18_PinScrew__1.binvox,33,8,5.850744063,37155.41204,6
8085,Clamp_1_Frame__2.binvox,35,8,5.046472022,29042.61696,120
8086,Clamp_1_Frame__3.binvox,35,8,4.860921145,28255.52859,120
8087,Clamp_1_Frame__4.binvox,35,8,4.928969535,27332.08357,120
8088,Clamp_1_Frame__5.binvox,35,8,4.824262812,27600.05214,120
8089,Clamp_1_Frame__7.binvox,35,8,5.03406451,26418.0031,120
8090,Clamp_1_Frame__9.binvox,35,8,4.729687642,28713.36909,120
8091,Clamp_1_Handle__2.binvox,33,8,2.380214128,13963.96851,120
8092,Clamp_1_Handle__3.binvox,33,8,2.554498299,13287.16294,120
8093,Clamp_1_Handle__4.binvox,33,8,2.452584054,13863.40414,120
8094,Clamp_1_Handle__5.binvox,33,8,2.334284537,13441.53347,120
8095,Clamp_1_Handle__7.binvox,33,8,2.354463948,13818.70549,120
8096,Clamp_1_Handle__9.binvox,33,8,2.439466798,13686.91572,120
8097,Clamp_1_Pad__2.binvox,33,8,1.172261934,6423.083141,150
8098,Clamp_1_Pad__3.binvox,33,8,1.226677145,6283.11318,150
8099,Clamp_1_Pad__4.binvox,33,8,1.259956881,6085.870928,150
8100,Clamp_1_Pad__5.binvox,33,8,1.260952961,6519.732001,150
8101,Clamp_1_Pad__7.binvox,33,8,1.206355284,6164.157598,150
8102,Clamp_1_Pad__9.binvox,33,8,1.262004809,6249.733583,150
8103,Clamp_1_PinScrew__2.binvox,33,8,5.96696858,39816.62708,6
8104,Clamp_1_PinScrew__3.binvox,33,8,5.95875019,39959.3689,6
8105,Clamp_1_PinScrew__4.binvox,33,8,5.965071211,38756.035,6
8106,Clamp_1_PinScrew__5.binvox,33,8,6.002599065,37602.74172,6
8107,Clamp_1_PinScrew__7.binvox,33,8,5.947173207,40222.95396,6
8108,Clamp_1_PinScrew__9.binvox,33,8,5.971218573,40193.0748,6
8109,Clamp_20_Frame__1.binvox,35,8,4.93657795,26357.89697,120
8110,Clamp_20_Handle__1.binvox,33,8,2.378204734,13759.87934,120
8111,Clamp_20_Pad__1.binvox,33,8,1.260917781,6319.27574,150
8112,Clamp_20_PinScrew__1.binvox,33,8,5.983629222,40543.98071,6
8113,Clamp_2_Frame__2.binvox,35,8,5.070593407,27223.12538,120
8114,Clamp_2_Frame__3.binvox,35,8,4.690262011,27589.37567,120
8115,Clamp_2_Frame__4.binvox,35,8,4.666040123,28570.42807,120
8116,Clamp_2_Frame__5.binvox,35,8,4.937402013,28892.25182,120
8117,Clamp_2_Frame__7.binvox,35,8,5.032874174,26446.49717,120
8118,Clamp_2_Frame__9.binvox,35,8,4.987199703,27366.69561,120
8119,Clamp_2_Handle__2.binvox,33,8,2.334420869,13554.93277,120
8120,Clamp_2_Handle__3.binvox,33,8,2.388349078,13233.68537,120
8121,Clamp_2_Handle__4.binvox,33,8,2.405909074,13500.61673,120
8122,Clamp_2_Handle__5.binvox,33,8,2.450074044,13328.68334,120
8123,Clamp_2_Handle__7.binvox,33,8,2.42734623,14348.46433,120
8124,Clamp_2_Handle__9.binvox,33,8,2.380793185,14349.72819,120
8125,Clamp_2_Pad__2.binvox,33,8,1.235063666,6448.871496,150
8126,Clamp_2_Pad__3.binvox,33,8,1.19153409,6036.132663,150
8127,Clamp_2_Pad__4.binvox,33,8,1.22040959,6192.975953,150
8128,Clamp_2_Pad__5.binvox,33,8,1.248808217,6098.990312,150
8129,Clamp_2_Pad__7.binvox,33,8,1.169242996,6421.39707,150
8130,Clamp_2_Pad__9.binvox,33,8,1.17144365,6509.634368,150
8131,Clamp_2_PinScrew__2.binvox,33,8,5.942825549,37017.09187,6
8132,Clamp_2_PinScrew__3.binvox,33,8,5.856721858,37535.31622,6
8133,Clamp_2_PinScrew__4.binvox,33,8,6.192127219,37252.62884,6
8134,Clamp_2_PinScrew__5.binvox,33,8,5.757832744,38719.30933,6
8135,Clamp_2_PinScrew__7.binvox,33,8,5.967229374,40821.19585,6
8136,Clamp_2_PinScrew__9.binvox,33,8,6.14883191,38825.24221,6
8137,Clamp_3_Frame__2.binvox,35,8,4.64449525,28287.93631,120
8138,Clamp_3_Frame__3.binvox,35,8,4.716428156,26846.15511,120
8139,Clamp_3_Frame__4.binvox,35,8,5.102756338,26354.09961,120
8140,Clamp_3_Frame__5.binvox,35,8,4.941876024,27986.07426,120
8141,Clamp_3_Frame__7.binvox,35,8,4.808891529,28035.1573,120
8142,Clamp_3_Frame__9.binvox,35,8,4.911407494,28794.76325,120
8143,Clamp_3_Handle__2.binvox,33,8,2.397321621,13993.32345,120
8144,Clamp_3_Handle__3.binvox,33,8,2.338149885,13256.29161,120
8145,Clamp_3_Handle__4.binvox,33,8,2.422958413,14226.31835,120
8146,Clamp_3_Handle__5.binvox,33,8,2.555489559,14508.92715,120
8147,Clamp_3_Handle__7.binvox,33,8,2.331807433,14023.05517,120
8148,Clamp_3_Handle__9.binvox,33,8,2.354315155,14250.74993,120
8149,Clamp_3_Pad__2.binvox,33,8,1.22224079,6234.786201,150
8150,Clamp_3_Pad__3.binvox,33,8,1.239310184,6206.378358,150
8151,Clamp_3_Pad__4.binvox,33,8,1.217836268,6147.734338,150
8152,Clamp_3_Pad__5.binvox,33,8,1.183428962,6333.542068,150
8153,Clamp_3_Pad__7.binvox,33,8,1.24774699,6482.869563,150
8154,Clamp_3_Pad__9.binvox,33,8,1.193925928,6413.547674,150
8155,Clamp_3_PinScrew__2.binvox,33,8,5.990686483,40259.95331,6
8156,Clamp_3_PinScrew__3.binvox,33,8,5.833549679,37243.72841,6
8157,Clamp_3_PinScrew__4.binvox,33,8,6.084171375,39346.42643,6
8158,Clamp_3_PinScrew__5.binvox,33,8,6.253502477,39334.90244,6
8159,Clamp_3_PinScrew__7.binvox,33,8,5.913745577,40580.73275,6
8160,Clamp_3_PinScrew__9.binvox,33,8,5.95901438,38775.03587,6
8161,Clamp_4_Frame__2.binvox,35,8,4.913485635,29005.19619,120
8162,Clamp_4_Frame__3.binvox,35,8,4.809127541,26947.2223,120
8163,Clamp_4_Frame__4.binvox,35,8,4.926394135,26349.36467,120
8164,Clamp_4_Frame__5.binvox,35,8,4.716834431,27761.83744,120
8165,Clamp_4_Frame__7.binvox,35,8,5.082557127,28266.33566,120
8166,Clamp_4_Frame__9.binvox,35,8,4.827451446,28206.9792,120
8167,Clamp_4_PinScrew__2.binvox,33,8,6.293110227,40552.21464,6
8168,Clamp_4_PinScrew__3.binvox,33,8,6.130510666,40107.88272,6
8169,Clamp_4_PinScrew__4.binvox,33,8,5.718035846,38673.42193,6
8170,Clamp_4_PinScrew__5.binvox,33,8,5.90175663,37369.37964,6
8171,Clamp_4_PinScrew__7.binvox,33,8,5.781593245,38602.74479,6
8172,Clamp_4_PinScrew__9.binvox,33,8,6.092399296,38472.15925,6
8173,Clamp_5_Frame__2.binvox,35,8,4.928448753,28567.45164,120
8174,Clamp_5_Frame__3.binvox,35,8,4.92779428,26889.18688,120
8175,Clamp_5_Frame__4.binvox,35,8,4.718158854,28600.51804,120
8176,Clamp_5_Frame__5.binvox,35,8,5.117242508,26824.08415,120
8177,Clamp_5_Frame__7.binvox,35,8,4.638034921,29049.33393,120
8178,Clamp_5_Frame__9.binvox,35,8,4.694160095,27851.26152,120
8179,Clamp_5_Handle__2.binvox,33,8,2.354067773,14402.22433,120
8180,Clamp_5_Handle__3.binvox,33,8,2.561615595,13534.54478,120
8181,Clamp_5_Handle__4.binvox,33,8,2.376419999,13537.58591,120
8182,Clamp_5_Handle__5.binvox,33,8,2.321006145,14432.66494,120
8183,Clamp_5_Handle__7.binvox,33,8,2.540913467,13157.17169,120
8184,Clamp_5_Handle__9.binvox,33,8,2.351300318,13886.03833,120
8185,Clamp_5_Pad__2.binvox,33,8,1.179549544,6102.184747,150
8186,Clamp_5_Pad__3.binvox,33,8,1.208206719,6032.110284,150
8187,Clamp_5_Pad__4.binvox,33,8,1.222478447,6244.251781,150
8188,Clamp_5_Pad__5.binvox,33,8,1.192464063,6435.924944,150
8189,Clamp_5_Pad__7.binvox,33,8,1.189854312,5986.756761,150
8190,Clamp_5_Pad__9.binvox,33,8,1.274266192,6030.389699,150
8191,Clamp_5_PinScrew__2.binvox,33,8,6.132368971,38448.92072,6
8192,Clamp_5_PinScrew__3.binvox,33,8,5.96863916,40181.36839,6
8193,Clamp_5_PinScrew__4.binvox,33,8,5.936755031,37577.13489,6
8194,Clamp_5_PinScrew__5.binvox,33,8,5.833886695,38875.5782,6
8195,Clamp_5_PinScrew__7.binvox,33,8,5.892753031,38809.11436,6
8196,Clamp_5_PinScrew__9.binvox,33,8,6.276983283,39382.24897,6
8197,Clamp_6_Frame__1.binvox,35,8,4.640587435,28659.25093,120
8198,Clamp_6_Pad__1.binvox,33,8,1.181547727,6121.267611,150
8199,Clamp_6_PinScrew__1.binvox,33,8,6.11594489,38627.07226,6
8200,Clamp_7_Frame__1.binvox,35,8,4.934825035,27864.64643,120
8201,Clamp_7_PinScrew__1.binvox,33,8,5.774193557,40042.85206,6
8202,Clamp_8_Frame__1.binvox,35,8,4.829249202,26927.33189,120
8203,Clamp_8_Handle__1.binvox,33,8,2.555809702,14363.3628,120
8204,Clamp_8_Pad__1.binvox,33,8,1.239214337,6169.075016,150
8205,Clamp_8_PinScrew__1.binvox,33,8,6.247499564,40393.53147,6
8206,Hinge_10_LeafLeft__1.binvox,36,8,2.530923302,13565.93667,120
8207,Hinge_10_LeafLeft__10.binvox,36,8,2.376602109,13432.96617,120
8208,Hinge_10_LeafLeft__3.binvox,36,8,2.414026825,14275.40251,120
8209,Hinge_10_LeafLeft__4.binvox,36,8,2.474565849,13959.48325,120
8210,Hinge_10_LeafLeft__5.binvox,36,8,2.328925534,14324.97675,120
8211,Hinge_10_LeafLeft__7.binvox,36,8,2.333197347,13256.2534,120
8212,Hinge_10_LeafLeft__8.binvox,36,8,2.365571478,14292.23625,120
8213,Hinge_10_LeafRight__1.binvox,36,8,2.359064041,13640.61822,120
8214,Hinge_10_LeafRight__10.binvox,36,8,2.546827,13441.53932,120
8215,Hinge_10_LeafRight__3.binvox,36,8,2.398245695,13659.71793,120
8216,Hinge_10_LeafRight__4.binvox,36,8,2.434466435,13806.77276,120
8217,Hinge_10_LeafRight__5.binvox,36,8,2.376534009,14133.78946,120
8218,Hinge_10_LeafRight__7.binvox,36,8,2.522832957,13616.15501,120
8219,Hinge_10_LeafRight__8.binvox,36,8,2.345780409,13419.67033,120
8220,Hinge_10_Pin__1.binvox,33,8,1.299398087,7513.626709,120
8221,Hinge_10_Pin__10.binvox,33,8,1.390200969,7622.763674,120
8222,Hinge_10_Pin__3.binvox,33,8,1.284128045,7789.915419,120
8223,Hinge_10_Pin__4.binvox,33,8,1.334500324,7322.191501,120
8224,Hinge_10_Pin__5.binvox,33,8,1.333710388,7182.03887,120
8225,Hinge_10_Pin__7.binvox,33,8,1.321611996,7914.266634,120
8226,Hinge_10_Pin__8.binvox,33,8,1.328612224,7895.439753,120
8227,Hinge_1_LeafLeft__1.binvox,36,8,2.436630046,14031.52559,120
8228,Hinge_1_LeafLeft__10.binvox,36,8,2.561272607,13338.08241,120
8229,Hinge_1_LeafLeft__3.binvox,36,8,2.322089375,13752.43049,120
8230,Hinge_1_LeafLeft__4.binvox,36,8,2.518569984,13978.57302,120
8231,Hinge_1_LeafLeft__5.binvox,36,8,2.531627624,13721.01714,120
8232,Hinge_1_LeafLeft__7.binvox,36,8,2.441401238,13324.42381,120
8233,Hinge_1_LeafLeft__8.binvox,36,8,2.35290562,13145.48044,120
8234,Hinge_1_LeafRight__1.binvox,36,8,2.513042215,13150.43194,120
8235,Hinge_1_LeafRight__10.binvox,36,8,2.475392567,13455.53348,120
8236,Hinge_1_LeafRight__3.binvox,36,8,2.342256501,13463.02923,120
8237,Hinge_1_LeafRight__4.binvox,36,8,2.393314681,14151.94226,120
8238,Hinge_1_LeafRight__5.binvox,36,8,2.539041338,14129.75613,120
8239,Hinge_1_LeafRight__7.binvox,36,8,2.459938113,13182.90284,120
8240,Hinge_1_LeafRight__8.binvox,36,8,2.45404418,13725.1426,120
8241,Hinge_1_Pin__1.binvox,33,8,1.398192701,7638.824852,120
8242,Hinge_1_Pin__10.binvox,33,8,1.336165464,7418.413416,120
8243,Hinge_1_Pin__3.binvox,33,8,1.300129696,7332.750305,120
8244,Hinge_1_Pin__4.binvox,33,8,1.318884149,7220.960591,120
8245,Hinge_1_Pin__5.binvox,33,8,1.279161606,7523.711103,120
8246,Hinge_1_Pin__7.binvox,33,8,1.301813803,7526.559306,120
8247,Hinge_1_Pin__8.binvox,33,8,1.365454554,7557.21766,120
8248,Hinge_2_LeafLeft__1.binvox,36,8,2.453924301,13947.58184,120
8249,Hinge_2_LeafLeft__10.binvox,36,8,2.514889234,13777.43097,120
8250,Hinge_2_LeafLeft__3.binvox,36,8,2.365893384,14504.11294,120
8251,Hinge_2_LeafLeft__4.binvox,36,8,2.513828015,13799.21784,120
8252,Hinge_2_LeafLeft__5.binvox,36,8,2.505983238,13480.20328,120
8253,Hinge_2_LeafLeft__7.binvox,36,8,2.379519635,14211.78278,120
8254,Hinge_2_LeafLeft__8.binvox,36,8,2.46344825,14076.76139,120
8255,Hinge_2_LeafRight__1.binvox,36,8,2.337739228,13756.16712,120
8256,Hinge_2_LeafRight__10.binvox,36,8,2.522203197,13188.99562,120
8257,Hinge_2_LeafRight__3.binvox,36,8,2.387657652,13694.9109,120
8258,Hinge_2_LeafRight__4.binvox,36,8,2.539612457,14480.45839,120
8259,Hinge_2_LeafRight__5.binvox,36,8,2.327891208,14247.83999,120
8260,Hinge_2_LeafRight__7.binvox,36,8,2.459666703,14248.34669,120
8261,Hinge_2_LeafRight__8.binvox,36,8,2.398299778,13660.77775,120
8262,Hinge_2_Pin__1.binvox,33,8,1.361172816,7265.629547,120
8263,Hinge_2_Pin__10.binvox,33,8,1.375431437,7441.595508,120
8264,Hinge_2_Pin__3.binvox,33,8,1.33140485,7533.618768,120
8265,Hinge_2_Pin__4.binvox,33,8,1.315741766,7722.943386,120
8266,Hinge_2_Pin__5.binvox,33,8,1.345267511,7293.991406,120
8267,Hinge_2_Pin__7.binvox,33,8,1.384332911,7359.215818,120
8268,Hinge_2_Pin__8.binvox,33,8,1.367214923,7310.972507,120
8269,Hinge_3_LeafLeft__1.binvox,36,8,2.533633092,14006.23915,120
8270,Hinge_3_LeafLeft__10.binvox,36,8,2.407999039,13413.72037,120
8271,Hinge_3_LeafLeft__3.binvox,36,8,2.345267664,13651.85194,120
8272,Hinge_3_LeafLeft__4.binvox,36,8,2.320534953,14148.22249,120
8273,Hinge_3_LeafLeft__5.binvox,36,8,2.376878464,14312.20531,120
8274,Hinge_3_LeafLeft__7.binvox,36,8,2.475580772,13215.26069,120
8275,Hinge_3_LeafLeft__8.binvox,36,8,2.432667826,13200.94118,120
8276,Hinge_3_LeafRight__1.binvox,36,8,2.375539082,13700.86449,120
8277,Hinge_3_LeafRight__10.binvox,36,8,2.422034452,13737.74822,120
8278,Hinge_3_LeafRight__3.binvox,36,8,2.499659831,14073.62948,120
8279,Hinge_3_LeafRight__4.binvox,36,8,2.332726201,13789.22662,120
8280,Hinge_3_LeafRight__5.binvox,36,8,2.344237867,14444.34157,120
8281,Hinge_3_LeafRight__7.binvox,36,8,2.408609902,13787.79477,120
8282,Hinge_3_LeafRight__8.binvox,36,8,2.528324728,14445.46245,120
8283,Hinge_3_Pin__1.binvox,33,8,1.342265344,7324.469934,120
8284,Hinge_3_Pin__10.binvox,33,8,1.399934137,7850.622607,120
8285,Hinge_3_Pin__3.binvox,33,8,1.390950763,7361.000033,120
8286,Hinge_3_Pin__4.binvox,33,8,1.324650961,7570.489481,120
8287,Hinge_3_Pin__5.binvox,33,8,1.328643896,7185.833729,120
8288,Hinge_3_Pin__7.binvox,33,8,1.36354424,7284.580473,120
8289,Hinge_3_Pin__8.binvox,33,8,1.344326615,7436.942951,120
8290,Hinge_4_LeafLeft__1.binvox,36,8,2.397166314,13952.97951,120
8291,Hinge_4_LeafLeft__10.binvox,36,8,2.453640393,14490.01222,120
8292,Hinge_4_LeafLeft__3.binvox,36,8,2.542622832,13528.93512,120
8293,Hinge_4_LeafLeft__4.binvox,36,8,2.481375497,14191.91004,120
8294,Hinge_4_LeafLeft__5.binvox,36,8,2.463900942,14069.84282,120
8295,Hinge_4_LeafLeft__7.binvox,36,8,2.379112563,14163.33283,120
8296,Hinge_4_LeafLeft__8.binvox,36,8,2.554471562,14394.33242,120
8297,Hinge_4_LeafRight__1.binvox,36,8,2.435143208,13705.03255,120
8298,Hinge_4_LeafRight__10.binvox,36,8,2.436592125,13657.10912,120
8299,Hinge_4_LeafRight__3.binvox,36,8,2.531764193,13562.6589,120
8300,Hinge_4_LeafRight__4.binvox,36,8,2.525841111,14228.96227,120
8301,Hinge_4_LeafRight__5.binvox,36,8,2.419277429,13200.29326,120
8302,Hinge_4_LeafRight__7.binvox,36,8,2.491489068,14522.05917,120
8303,Hinge_4_LeafRight__8.binvox,36,8,2.416298383,13425.04483,120
8304,Hinge_4_Pin__1.binvox,33,8,1.321548055,7411.431937,120
8305,Hinge_4_Pin__10.binvox,33,8,1.287333712,7629.357179,120
8306,Hinge_4_Pin__3.binvox,33,8,1.306304608,7827.10498,120
8307,Hinge_4_Pin__4.binvox,33,8,1.37410695,7341.581266,120
8308,Hinge_4_Pin__5.binvox,33,8,1.394161431,7554.503464,120
8309,Hinge_4_Pin__7.binvox,33,8,1.275948648,7317.024776,120
8310,Hinge_4_Pin__8.binvox,33,8,1.2812436,7634.628264,120
8311,Hinge_5_LeafLeft__1.binvox,36,8,2.455597105,14162.99202,120
8312,Hinge_5_LeafLeft__10.binvox,36,8,2.431996433,14415.43326,120
8313,Hinge_5_LeafLeft__3.binvox,36,8,2.352266209,14496.13403,120
8314,Hinge_5_LeafLeft__4.binvox,36,8,2.323569566,13880.90887,120
8315,Hinge_5_LeafLeft__5.binvox,36,8,2.53385244,14183.77848,120
8316,Hinge_5_LeafLeft__7.binvox,36,8,2.43649998,14497.89765,120
8317,Hinge_5_LeafLeft__8.binvox,36,8,2.561302758,13570.54155,120
8318,Hinge_5_LeafRight__1.binvox,36,8,2.381493573,13977.15725,120
8319,Hinge_5_LeafRight__10.binvox,36,8,2.409210883,14043.39151,120
8320,Hinge_5_LeafRight__3.binvox,36,8,2.555100433,13803.50629,120
8321,Hinge_5_LeafRight__4.binvox,36,8,2.33443992,13297.45171,120
8322,Hinge_5_LeafRight__5.binvox,36,8,2.345348502,13689.68824,120
8323,Hinge_5_LeafRight__7.binvox,36,8,2.330811008,13914.09019,120
8324,Hinge_5_LeafRight__8.binvox,36,8,2.483382839,14279.29592,120
8325,Hinge_5_Pin__1.binvox,33,8,1.380295052,7828.796124,120
8326,Hinge_5_Pin__10.binvox,33,8,1.360547897,7919.135493,120
8327,Hinge_5_Pin__3.binvox,33,8,1.318779386,7744.492711,120
8328,Hinge_5_Pin__4.binvox,33,8,1.370754252,7889.854457,120
8329,Hinge_5_Pin__5.binvox,33,8,1.271147984,7187.433145,120
8330,Hinge_5_Pin__7.binvox,33,8,1.378210935,7397.783446,120
8331,Hinge_5_Pin__8.binvox,33,8,1.299927874,7628.584612,120
8332,Hinge_6_LeafLeft__1.binvox,36,8,2.556368185,13507.88021,120
8333,Hinge_6_LeafLeft__10.binvox,36,8,2.371289582,13886.81584,120
8334,Hinge_6_LeafLeft__3.binvox,36,8,2.400506338,13233.69728,120
8335,Hinge_6_LeafLeft__4.binvox,36,8,2.366899686,14151.52302,120
8336,Hinge_6_LeafLeft__5.binvox,36,8,2.477484431,13514.22648,120
8337,Hinge_6_LeafLeft__7.binvox,36,8,2.560290375,14335.126,120
8338,Hinge_6_LeafLeft__8.binvox,36,8,2.442624892,13581.41626,120
8339,Hinge_6_LeafRight__1.binvox,36,8,2.504529643,13231.68335,120
8340,Hinge_6_LeafRight__10.binvox,36,8,2.432993293,13855.82635,120
8341,Hinge_6_LeafRight__3.binvox,36,8,2.547032034,14234.93641,120
8342,Hinge_6_LeafRight__4.binvox,36,8,2.494744837,13375.00456,120
8343,Hinge_6_LeafRight__5.binvox,36,8,2.457453739,14042.42395,120
8344,Hinge_6_LeafRight__7.binvox,36,8,2.411194821,13911.67141,120
8345,Hinge_6_LeafRight__8.binvox,36,8,2.408611751,14176.17823,120
8346,Hinge_6_Pin__1.binvox,33,8,1.323761882,7760.031624,120
8347,Hinge_6_Pin__10.binvox,33,8,1.281971225,7526.127123,120
8348,Hinge_6_Pin__3.binvox,33,8,1.358411356,7803.613105,120
8349,Hinge_6_Pin__4.binvox,33,8,1.39907782,7727.317058,120
8350,Hinge_6_Pin__5.binvox,33,8,1.368852104,7460.380678,120
8351,Hinge_6_Pin__7.binvox,33,8,1.388938987,7414.251843,120
8352,Hinge_6_Pin__8.binvox,33,8,1.290761112,7702.94264,120
8353,Hinge_7_LeafLeft__1.binvox,36,8,2.318821859,13502.06104,120
8354,Hinge_7_LeafLeft__10.binvox,36,8,2.401141024,14408.26065,120
8355,Hinge_7_LeafLeft__3.binvox,36,8,2.470021493,13474.75439,120
8356,Hinge_7_LeafLeft__4.binvox,36,8,2.483177447,14507.70097,120
8357,Hinge_7_LeafLeft__5.binvox,36,8,2.338682915,13821.39192,120
8358,Hinge_7_LeafLeft__7.binvox,36,8,2.500010696,13442.91071,120
8359,Hinge_7_LeafLeft__8.binvox,36,8,2.442088784,13769.83669,120
8360,Hinge_7_LeafRight__1.binvox,36,8,2.51660155,13862.59128,120
8361,Hinge_7_LeafRight__10.binvox,36,8,2.358511039,14053.59419,120
8362,Hinge_7_LeafRight__3.binvox,36,8,2.380501793,14467.4138,120
8363,Hinge_7_LeafRight__4.binvox,36,8,2.390560813,14494.48443,120
8364,Hinge_7_LeafRight__5.binvox,36,8,2.331984639,14065.684,120
8365,Hinge_7_LeafRight__7.binvox,36,8,2.518393613,13390.13281,120
8366,Hinge_7_LeafRight__8.binvox,36,8,2.329440109,13234.65581,120
8367,Hinge_7_Pin__1.binvox,33,8,1.394554333,7693.111797,120
8368,Hinge_7_Pin__10.binvox,33,8,1.398220632,7527.36873,120
8369,Hinge_7_Pin__3.binvox,33,8,1.280238627,7559.840289,120
8370,Hinge_7_Pin__4.binvox,33,8,1.397201882,7688.778202,120
8371,Hinge_7_Pin__5.binvox,33,8,1.372278609,7336.254433,120
8372,Hinge_7_Pin__7.binvox,33,8,1.276405915,7505.106262,120
8373,Hinge_7_Pin__8.binvox,33,8,1.319989646,7310.474076,120
8374,Hinge_8_LeafLeft__1.binvox,36,8,2.513336259,14325.55489,120
8375,Hinge_8_LeafLeft__10.binvox,36,8,2.326745203,13874.98246,120
8376,Hinge_8_LeafLeft__3.binvox,36,8,2.477502586,13912.3301,120
8377,Hinge_8_LeafLeft__4.binvox,36,8,2.364127459,14466.12745,120
8378,Hinge_8_LeafLeft__5.binvox,36,8,2.405561762,13991.80152,120
8379,Hinge_8_LeafLeft__7.binvox,36,8,2.358989931,14512.29638,120
8380,Hinge_8_LeafLeft__8.binvox,36,8,2.341042192,13591.91162,120
8381,Hinge_8_LeafRight__1.binvox,36,8,2.404833447,13761.37744,120
8382,Hinge_8_LeafRight__10.binvox,36,8,2.545595425,13604.6258,120
8383,Hinge_8_LeafRight__3.binvox,36,8,2.385559776,13527.20378,120
8384,Hinge_8_LeafRight__4.binvox,36,8,2.435794284,14043.13927,120
8385,Hinge_8_LeafRight__5.binvox,36,8,2.402056955,14303.78833,120
8386,Hinge_8_LeafRight__7.binvox,36,8,2.527960156,14105.25017,120
8387,Hinge_8_LeafRight__8.binvox,36,8,2.543326148,13806.70653,120
8388,Hinge_8_Pin__1.binvox,33,8,1.393848808,7365.926285,120
8389,Hinge_8_Pin__10.binvox,33,8,1.294927703,7718.927006,120
8390,Hinge_8_Pin__3.binvox,33,8,1.341598733,7375.562605,120
8391,Hinge_8_Pin__4.binvox,33,8,1.316105756,7936.414144,120
8392,Hinge_8_Pin__5.binvox,33,8,1.331641562,7272.622383,120
8393,Hinge_8_Pin__7.binvox,33,8,1.288293882,7707.364394,120
8394,Hinge_8_Pin__8.binvox,33,8,1.27687263,7588.810343,120
8395,Hinge_9_LeafLeft__1.binvox,36,8,2.366883208,14515.88736,120
8396,Hinge_9_LeafLeft__10.binvox,36,8,2.49708021,14481.62125,120
8397,Hinge_9_LeafLeft__3.binvox,36,8,2.53721507,14193.8314,120
8398,Hinge_9_LeafLeft__4.binvox,36,8,2.349654615,13337.28475,120
8399,Hinge_9_LeafLeft__5.binvox,36,8,2.439183255,14302.74094,120
8400,Hinge_9_LeafLeft__7.binvox,36,8,2.345939295,14236.13633,120
8401,Hinge_9_LeafLeft__8.binvox,36,8,2.406782457,14335.08227,120
8402,Hinge_9_LeafRight__1.binvox,36,8,2.374596438,13818.83123,120
8403,Hinge_9_LeafRight__10.binvox,36,8,2.514457153,13808.2225,120
8404,Hinge_9_LeafRight__3.binvox,36,8,2.40571955,14515.03629,120
8405,Hinge_9_LeafRight__4.binvox,36,8,2.361764384,13523.09667,120
8406,Hinge_9_LeafRight__5.binvox,36,8,2.457502383,13767.09502,120
8407,Hinge_9_LeafRight__7.binvox,36,8,2.325490451,13857.9207,120
8408,Hinge_9_LeafRight__8.binvox,36,8,2.553742617,14171.11936,120
8409,Hinge_9_Pin__1.binvox,33,8,1.394198375,7499.217303,120
8410,Hinge_9_Pin__10.binvox,33,8,1.367893306,7580.886356,120
8411,Hinge_9_Pin__3.binvox,33,8,1.313717239,7329.292585,120
8412,Hinge_9_Pin__4.binvox,33,8,1.310214785,7519.177551,120
8413,Hinge_9_Pin__5.binvox,33,8,1.381738174,7216.898687,120
8414,Hinge_9_Pin__7.binvox,33,8,1.355301313,7220.044533,120
8415,Hinge_9_Pin__8.binvox,33,8,1.368462518,7492.097751,120
8416,Latch_10_BottomPlate__1.binvox,36,8,2.527186194,14445.41352,120
8417,Latch_10_BottomPlate__10.binvox,36,8,2.55851929,13279.73848,120
8418,Latch_10_BottomPlate__3.binvox,36,8,2.453645565,14494.45899,120
8419,Latch_10_BottomPlate__4.binvox,36,8,2.339923063,14470.37749,120
8420,Latch_10_BottomPlate__5.binvox,36,8,2.494972679,14491.95642,120
8421,Latch_10_BottomPlate__7.binvox,36,8,2.391518857,13755.47244,120
8422,Latch_10_BottomPlate__8.binvox,36,8,2.398258678,13261.84261,120
8423,Latch_10_BuckledRing__1.binvox,36,8,1.333451203,7752.572274,120
8424,Latch_10_BuckledRing__10.binvox,36,8,1.278481879,7566.01967,120
8425,Latch_10_BuckledRing__3.binvox,36,8,1.287633513,7597.014944,120
8426,Latch_10_BuckledRing__4.binvox,36,8,1.377193618,7600.437991,120
8427,Latch_10_BuckledRing__5.binvox,36,8,1.270889981,7424.546171,120
8428,Latch_10_BuckledRing__7.binvox,36,8,1.360070848,7357.923737,120
8429,Latch_10_BuckledRing__8.binvox,36,8,1.376868924,7932.511437,120
8430,Latch_10_ControlPanel__1.binvox,36,8,2.48836816,13244.68394,120
8431,Latch_10_ControlPanel__10.binvox,36,8,2.535611819,13912.17016,120
8432,Latch_10_ControlPanel__3.binvox,36,8,2.373740064,13378.6023,120
8433,Latch_10_ControlPanel__4.binvox,36,8,2.427006977,13562.43358,120
8434,Latch_10_ControlPanel__5.binvox,36,8,2.390211434,14195.49558,120
8435,Latch_10_ControlPanel__7.binvox,36,8,2.34365971,13447.56339,120
8436,Latch_10_ControlPanel__8.binvox,36,8,2.52997873,13810.54434,120
8437,Latch_10_Rivet__1.binvox,33,8,1.981847344,10997.84818,120
8438,Latch_10_Rivet__10.binvox,33,8,2.008788937,11642.99834,120
8439,Latch_10_Rivet__3.binvox,33,8,2.077511718,11847.60023,120
8440,Latch_10_Rivet__4.binvox,33,8,2.084797901,11093.66797,120
8441,Latch_10_Rivet__5.binvox,33,8,1.990406731,11014.68047,120
8442,Latch_10_Rivet__7.binvox,33,8,2.039085856,11083.85777,120
8443,Latch_10_Rivet__8.binvox,33,8,2.045571613,11215.1219,120
8444,Latch_10_StrikePlate__1.binvox,36,8,2.525412327,13726.21629,120
8445,Latch_10_StrikePlate__10.binvox,36,8,2.366607998,13215.90699,120
8446,Latch_10_StrikePlate__3.binvox,36,8,2.553287755,13833.70242,120
8447,Latch_10_StrikePlate__4.binvox,36,8,2.511523015,14229.79042,120
8448,Latch_10_StrikePlate__5.binvox,36,8,2.367541553,13884.477,120
8449,Latch_10_StrikePlate__7.binvox,36,8,2.485214241,13223.98424,120
8450,Latch_10_StrikePlate__8.binvox,36,8,2.470703674,14507.89322,120
8451,Latch_1_BottomPlate__1.binvox,36,8,2.558109567,14436.99542,120
8452,Latch_1_BottomPlate__10.binvox,36,8,2.529955583,13287.63326,120
8453,Latch_1_BottomPlate__3.binvox,36,8,2.505948542,14094.8231,120
8454,Latch_1_BottomPlate__4.binvox,36,8,2.37790078,13475.62886,120
8455,Latch_1_BottomPlate__5.binvox,36,8,2.5332701,13568.56265,120
8456,Latch_1_BottomPlate__7.binvox,36,8,2.435207703,13920.84704,120
8457,Latch_1_BottomPlate__8.binvox,36,8,2.407747974,13641.0132,120
8458,Latch_1_BuckledRing__1.binvox,36,8,1.383165211,7249.665033,120
8459,Latch_1_BuckledRing__10.binvox,36,8,1.391592425,7805.96535,120
8460,Latch_1_BuckledRing__3.binvox,36,8,1.321560046,7630.150964,120
8461,Latch_1_BuckledRing__4.binvox,36,8,1.284754828,7664.709351,120
8462,Latch_1_BuckledRing__5.binvox,36,8,1.359371368,7787.378135,120
8463,Latch_1_BuckledRing__7.binvox,36,8,1.284239523,7883.643252,120
8464,Latch_1_BuckledRing__8.binvox,36,8,1.306392575,7435.223635,120
8465,Latch_1_ControlPanel__1.binvox,36,8,2.419734362,13622.42144,120
8466,Latch_1_ControlPanel__10.binvox,36,8,2.359401929,13757.52291,120
8467,Latch_1_ControlPanel__3.binvox,36,8,2.42072167,14445.98684,120
8468,Latch_1_ControlPanel__4.binvox,36,8,2.392855884,14225.24653,120
8469,Latch_1_ControlPanel__5.binvox,36,8,2.548230656,14344.40851,120
8470,Latch_1_ControlPanel__7.binvox,36,8,2.37454366,14343.96745,120
8471,Latch_1_ControlPanel__8.binvox,36,8,2.413566824,13909.69476,120
8472,Latch_1_Rivet__1.binvox,33,8,2.042621857,11894.20374,120
8473,Latch_1_Rivet__10.binvox,33,8,2.020444623,11693.7636,120
8474,Latch_1_Rivet__3.binvox,33,8,2.01094768,11063.18592,120
8475,Latch_1_Rivet__4.binvox,33,8,1.940623475,11558.47547,120
8476,Latch_1_Rivet__5.binvox,33,8,1.966633087,11408.66913,120
8477,Latch_1_Rivet__7.binvox,33,8,1.929648106,10821.74126,120
8478,Latch_1_Rivet__8.binvox,33,8,2.075731131,10967.23299,120
8479,Latch_1_StrikePlate__1.binvox,36,8,2.498928751,13217.27307,120
8480,Latch_1_StrikePlate__10.binvox,36,8,2.538251211,13612.38309,120
8481,Latch_1_StrikePlate__3.binvox,36,8,2.435879707,14460.16812,120
8482,Latch_1_StrikePlate__4.binvox,36,8,2.333512089,14421.13462,120
8483,Latch_1_StrikePlate__5.binvox,36,8,2.324396312,13511.48351,120
8484,Latch_1_StrikePlate__7.binvox,36,8,2.421128777,14051.43296,120
8485,Latch_1_StrikePlate__8.binvox,36,8,2.513457217,13661.76379,120
8486,Latch_2_BottomPlate__1.binvox,36,8,2.50282618,13911.76734,120
8487,Latch_2_BottomPlate__10.binvox,36,8,2.513822235,13204.70229,120
8488,Latch_2_BottomPlate__3.binvox,36,8,2.463727385,13681.29037,120
8489,Latch_2_BottomPlate__4.binvox,36,8,2.416780334,14292.28178,120
8490,Latch_2_BottomPlate__5.binvox,36,8,2.385242163,14300.08751,120
8491,Latch_2_BottomPlate__7.binvox,36,8,2.428428821,13624.7454,120
8492,Latch_2_BottomPlate__8.binvox,36,8,2.375062788,13991.02474,120
8493,Latch_2_BuckledRing__1.binvox,36,8,1.279690166,7853.028303,120
8494,Latch_2_BuckledRing__10.binvox,36,8,1.332066604,7739.352968,120
8495,Latch_2_BuckledRing__3.binvox,36,8,1.305484673,7513.476759,120
8496,Latch_2_BuckledRing__4.binvox,36,8,1.392436965,7665.183533,120
8497,Latch_2_BuckledRing__5.binvox,36,8,1.324853898,7701.439533,120
8498,Latch_2_BuckledRing__7.binvox,36,8,1.313336221,7905.614877,120
8499,Latch_2_BuckledRing__8.binvox,36,8,1.387225841,7685.351315,120
8500,Latch_2_ControlPanel__1.binvox,36,8,2.484364878,14443.82088,120
8501,Latch_2_ControlPanel__10.binvox,36,8,2.485708787,13538.61825,120
8502,Latch_2_ControlPanel__3.binvox,36,8,2.426226889,13191.30988,120
8503,Latch_2_ControlPanel__4.binvox,36,8,2.537928633,14184.50773,120
8504,Latch_2_ControlPanel__5.binvox,36,8,2.450091663,13210.37868,120
8505,Latch_2_ControlPanel__7.binvox,36,8,2.419992036,13429.96529,120
8506,Latch_2_ControlPanel__8.binvox,36,8,2.526179491,13499.46527,120
8507,Latch_2_Rivet__1.binvox,33,8,1.927546579,10985.42199,120
8508,Latch_2_Rivet__10.binvox,33,8,2.005286676,10889.84653,120
8509,Latch_2_Rivet__3.binvox,33,8,1.912502193,11171.21358,120
8510,Latch_2_Rivet__4.binvox,33,8,2.050701587,11780.10535,120
8511,Latch_2_Rivet__5.binvox,33,8,2.064393612,11791.50676,120
8512,Latch_2_Rivet__7.binvox,33,8,2.057217871,11067.37116,120
8513,Latch_2_Rivet__8.binvox,33,8,2.030699187,11577.27769,120
8514,Latch_2_StrikePlate__1.binvox,36,8,2.361704912,14083.30755,120
8515,Latch_2_StrikePlate__10.binvox,36,8,2.351870656,13810.20828,120
8516,Latch_2_StrikePlate__3.binvox,36,8,2.36473595,14437.87697,120
8517,Latch_2_StrikePlate__4.binvox,36,8,2.443610383,13286.67233,120
8518,Latch_2_StrikePlate__5.binvox,36,8,2.510656498,14328.7341,120
8519,Latch_2_StrikePlate__7.binvox,36,8,2.529836641,13842.35637,120
8520,Latch_2_StrikePlate__8.binvox,36,8,2.51732951,14151.94598,120
8521,Latch_3_BottomPlate__1.binvox,36,8,2.524351805,14031.79418,120
8522,Latch_3_BottomPlate__10.binvox,36,8,2.440386716,14253.15195,120
8523,Latch_3_BottomPlate__3.binvox,36,8,2.327738172,14095.03332,120
8524,Latch_3_BottomPlate__4.binvox,36,8,2.362796542,13980.38536,120
8525,Latch_3_BottomPlate__5.binvox,36,8,2.432868699,14237.32891,120
8526,Latch_3_BottomPlate__7.binvox,36,8,2.359301371,13187.85973,120
8527,Latch_3_BottomPlate__8.binvox,36,8,2.347923104,13474.91246,120
8528,Latch_3_BuckledRing__1.binvox,36,8,1.321667842,7688.495613,120
8529,Latch_3_BuckledRing__10.binvox,36,8,1.315772475,7671.554547,120
8530,Latch_3_BuckledRing__3.binvox,36,8,1.280721494,7719.399587,120
8531,Latch_3_BuckledRing__4.binvox,36,8,1.284405825,7920.81136,120
8532,Latch_3_BuckledRing__5.binvox,36,8,1.36094379,7526.934458,120
8533,Latch_3_BuckledRing__7.binvox,36,8,1.272676023,7509.189963,120
8534,Latch_3_BuckledRing__8.binvox,36,8,1.29524075,7255.205849,120
8535,Latch_3_ControlPanel__1.binvox,36,8,2.336848876,14055.07013,120
8536,Latch_3_ControlPanel__10.binvox,36,8,2.405328263,14029.47819,120
8537,Latch_3_ControlPanel__3.binvox,36,8,2.408369778,14072.85556,120
8538,Latch_3_ControlPanel__4.binvox,36,8,2.337844558,13837.70313,120
8539,Latch_3_ControlPanel__5.binvox,36,8,2.473899707,13862.38423,120
8540,Latch_3_ControlPanel__7.binvox,36,8,2.391110935,13614.34718,120
8541,Latch_3_ControlPanel__8.binvox,36,8,2.359848388,13914.69783,120
8542,Latch_3_Rivet__1.binvox,33,8,1.950755115,10922.75693,120
8543,Latch_3_Rivet__10.binvox,33,8,2.040875424,11186.2643,120
8544,Latch_3_Rivet__3.binvox,33,8,1.941193469,11897.58457,120
8545,Latch_3_Rivet__4.binvox,33,8,2.081034556,11235.96026,120
8546,Latch_3_Rivet__5.binvox,33,8,2.011812538,11512.16879,120
8547,Latch_3_Rivet__7.binvox,33,8,1.992827012,10785.59207,120
8548,Latch_3_Rivet__8.binvox,33,8,1.927377428,11534.16987,120
8549,Latch_3_StrikePlate__1.binvox,36,8,2.430647332,13431.18836,120
8550,Latch_3_StrikePlate__10.binvox,36,8,2.517883648,14240.28471,120
8551,Latch_3_StrikePlate__3.binvox,36,8,2.337310602,14290.18473,120
8552,Latch_3_StrikePlate__4.binvox,36,8,2.400972019,13726.02101,120
8553,Latch_3_StrikePlate__5.binvox,36,8,2.556455498,13904.09963,120
8554,Latch_3_StrikePlate__7.binvox,36,8,2.382567398,13611.52782,120
8555,Latch_3_StrikePlate__8.binvox,36,8,2.408020079,13426.1892,120
8556,Latch_4_BottomPlate__1.binvox,36,8,2.387996341,14444.09773,120
8557,Latch_4_BottomPlate__10.binvox,36,8,2.499234632,14330.33742,120
8558,Latch_4_BottomPlate__3.binvox,36,8,2.462961047,14475.50944,120
8559,Latch_4_BottomPlate__4.binvox,36,8,2.418269504,14493.0393,120
8560,Latch_4_BottomPlate__5.binvox,36,8,2.383498599,14440.97611,120
8561,Latch_4_BottomPlate__7.binvox,36,8,2.424184126,14352.05738,120
8562,Latch_4_BottomPlate__8.binvox,36,8,2.365281218,13475.00229,120
8563,Latch_4_BuckledRing__1.binvox,36,8,1.379596753,7419.030032,120
8564,Latch_4_BuckledRing__10.binvox,36,8,1.302690301,7863.193193,120
8565,Latch_4_BuckledRing__3.binvox,36,8,1.317428033,7370.256499,120
8566,Latch_4_BuckledRing__4.binvox,36,8,1.347975556,7266.582079,120
8567,Latch_4_BuckledRing__5.binvox,36,8,1.309724643,7776.801957,120
8568,Latch_4_BuckledRing__7.binvox,36,8,1.267452754,7409.219943,120
8569,Latch_4_BuckledRing__8.binvox,36,8,1.337864165,7189.922314,120
8570,Latch_4_ControlPanel__1.binvox,36,8,2.547603344,13950.89853,120
8571,Latch_4_ControlPanel__10.binvox,36,8,2.424137324,14138.99945,120
8572,Latch_4_ControlPanel__3.binvox,36,8,2.458185224,13780.89157,120
8573,Latch_4_ControlPanel__4.binvox,36,8,2.332719217,13795.43514,120
8574,Latch_4_ControlPanel__5.binvox,36,8,2.474399287,13422.70055,120
8575,Latch_4_ControlPanel__7.binvox,36,8,2.48699647,13573.94102,120
8576,Latch_4_ControlPanel__8.binvox,36,8,2.430369385,13869.13773,120
8577,Latch_4_Rivet__1.binvox,33,8,2.055140696,11082.79013,120
8578,Latch_4_Rivet__10.binvox,33,8,2.00352791,11463.15402,120
8579,Latch_4_Rivet__3.binvox,33,8,2.004931446,11892.25165,120
8580,Latch_4_Rivet__4.binvox,33,8,2.041345463,11857.68583,120
8581,Latch_4_Rivet__5.binvox,33,8,1.973661991,11091.26029,120
8582,Latch_4_Rivet__7.binvox,33,8,2.076951391,11585.8899,120
8583,Latch_4_Rivet__8.binvox,33,8,1.954347238,11088.37689,120
8584,Latch_4_StrikePlate__1.binvox,36,8,2.354709232,14320.99276,120
8585,Latch_4_StrikePlate__10.binvox,36,8,2.453818042,13163.76256,120
8586,Latch_4_StrikePlate__3.binvox,36,8,2.424308206,13864.93912,120
8587,Latch_4_StrikePlate__4.binvox,36,8,2.456958584,13667.64528,120
8588,Latch_4_StrikePlate__5.binvox,36,8,2.43722759,13197.00053,120
8589,Latch_4_StrikePlate__7.binvox,36,8,2.359947901,13830.68294,120
8590,Latch_4_StrikePlate__8.binvox,36,8,2.394297795,13273.43684,120
8591,Latch_5_BottomPlate__1.binvox,36,8,2.34876942,14318.32691,120
8592,Latch_5_BottomPlate__10.binvox,36,8,2.450183729,13998.15967,120
8593,Latch_5_BottomPlate__3.binvox,36,8,2.526518175,14208.96186,120
8594,Latch_5_BottomPlate__4.binvox,36,8,2.464234075,13783.06013,120
8595,Latch_5_BottomPlate__5.binvox,36,8,2.321205222,14103.48595,120
8596,Latch_5_BottomPlate__7.binvox,36,8,2.321637384,14439.08279,120
8597,Latch_5_BottomPlate__8.binvox,36,8,2.442330108,13204.39031,120
8598,Latch_5_BuckledRing__1.binvox,36,8,1.34712183,7255.848574,120
8599,Latch_5_BuckledRing__10.binvox,36,8,1.390453881,7823.996439,120
8600,Latch_5_BuckledRing__3.binvox,36,8,1.314737089,7499.417801,120
8601,Latch_5_BuckledRing__4.binvox,36,8,1.300251741,7192.978219,120
8602,Latch_5_BuckledRing__5.binvox,36,8,1.328899627,7832.543286,120
8603,Latch_5_BuckledRing__7.binvox,36,8,1.322075247,7539.362052,120
8604,Latch_5_BuckledRing__8.binvox,36,8,1.382908321,7634.937321,120
8605,Latch_5_ControlPanel__1.binvox,36,8,2.453879804,13649.13455,120
8606,Latch_5_ControlPanel__10.binvox,36,8,2.556128989,13860.60749,120
8607,Latch_5_ControlPanel__3.binvox,36,8,2.405879968,13925.12869,120
8608,Latch_5_ControlPanel__4.binvox,36,8,2.517477856,13686.49931,120
8609,Latch_5_ControlPanel__5.binvox,36,8,2.31910357,14105.10797,120
8610,Latch_5_ControlPanel__7.binvox,36,8,2.523997303,13533.85229,120
8611,Latch_5_ControlPanel__8.binvox,36,8,2.537643504,14321.73862,120
8612,Latch_5_Rivet__1.binvox,33,8,1.987016092,11094.37096,120
8613,Latch_5_Rivet__10.binvox,33,8,1.923655681,11362.49227,120
8614,Latch_5_Rivet__3.binvox,33,8,2.015324584,10989.75939,120
8615,Latch_5_Rivet__4.binvox,33,8,2.071572698,11690.07462,120
8616,Latch_5_Rivet__5.binvox,33,8,2.024189087,11418.33611,120
8617,Latch_5_Rivet__7.binvox,33,8,2.016236467,10844.33291,120
8618,Latch_5_Rivet__8.binvox,33,8,2.067107468,11544.75113,120
8619,Latch_5_StrikePlate__1.binvox,36,8,2.344296459,13509.9734,120
8620,Latch_5_StrikePlate__10.binvox,36,8,2.337939767,13944.55188,120
8621,Latch_5_StrikePlate__3.binvox,36,8,2.352108523,14211.97527,120
8622,Latch_5_StrikePlate__4.binvox,36,8,2.541743203,13201.07216,120
8623,Latch_5_StrikePlate__5.binvox,36,8,2.370204847,14020.17458,120
8624,Latch_5_StrikePlate__7.binvox,36,8,2.414245015,14296.29947,120
8625,Latch_5_StrikePlate__8.binvox,36,8,2.504339346,13426.81104,120
8626,Latch_6_BottomPlate__1.binvox,36,8,2.487477547,13596.9218,120
8627,Latch_6_BottomPlate__10.binvox,36,8,2.439986914,14060.43542,120
8628,Latch_6_BottomPlate__3.binvox,36,8,2.485263335,13986.44575,120
8629,Latch_6_BottomPlate__4.binvox,36,8,2.43144014,13366.03809,120
8630,Latch_6_BottomPlate__5.binvox,36,8,2.433773598,14089.74869,120
8631,Latch_6_BottomPlate__7.binvox,36,8,2.465555149,14108.99179,120
8632,Latch_6_BottomPlate__8.binvox,36,8,2.497601897,14162.50054,120
8633,Latch_6_BuckledRing__1.binvox,36,8,1.318684384,7609.676811,120
8634,Latch_6_BuckledRing__10.binvox,36,8,1.306033444,7921.380902,120
8635,Latch_6_BuckledRing__3.binvox,36,8,1.285852008,7444.322168,120
8636,Latch_6_BuckledRing__4.binvox,36,8,1.344166511,7431.311062,120
8637,Latch_6_BuckledRing__5.binvox,36,8,1.327204447,7741.424503,120
8638,Latch_6_BuckledRing__7.binvox,36,8,1.385512553,7223.833503,120
8639,Latch_6_BuckledRing__8.binvox,36,8,1.329382052,7487.732179,120
8640,Latch_6_ControlPanel__1.binvox,36,8,2.460610194,14200.46589,120
8641,Latch_6_ControlPanel__10.binvox,36,8,2.527663769,13522.0798,120
8642,Latch_6_ControlPanel__3.binvox,36,8,2.40960997,14398.31018,120
8643,Latch_6_ControlPanel__4.binvox,36,8,2.388819175,13295.4567,120
8644,Latch_6_ControlPanel__5.binvox,36,8,2.477881002,13969.9581,120
8645,Latch_6_ControlPanel__7.binvox,36,8,2.421689086,13816.37623,120
8646,Latch_6_ControlPanel__8.binvox,36,8,2.452494188,14338.01163,120
8647,Latch_6_Rivet__1.binvox,33,8,1.915870243,10845.52232,120
8648,Latch_6_Rivet__10.binvox,33,8,1.909421534,11621.24556,120
8649,Latch_6_Rivet__3.binvox,33,8,2.061160975,10938.48701,120
8650,Latch_6_Rivet__4.binvox,33,8,2.015214058,10970.47961,120
8651,Latch_6_Rivet__5.binvox,33,8,2.033987902,10839.66784,120
8652,Latch_6_Rivet__7.binvox,33,8,1.98775892,11603.20997,120
8653,Latch_6_Rivet__8.binvox,33,8,2.022355317,11164.65184,120
8654,Latch_6_StrikePlate__1.binvox,36,8,2.425497792,14413.61899,120
8655,Latch_6_StrikePlate__10.binvox,36,8,2.335086111,13394.62402,120
8656,Latch_6_StrikePlate__3.binvox,36,8,2.33224989,13472.85036,120
8657,Latch_6_StrikePlate__4.binvox,36,8,2.42399806,13199.93514,120
8658,Latch_6_StrikePlate__5.binvox,36,8,2.481476708,14172.82941,120
8659,Latch_6_StrikePlate__7.binvox,36,8,2.541510984,13230.64233,120
8660,Latch_6_StrikePlate__8.binvox,36,8,2.461781499,13671.82157,120
8661,Latch_7_BottomPlate__1.binvox,36,8,2.358977767,14269.18608,120
8662,Latch_7_BottomPlate__10.binvox,36,8,2.514634435,14428.50568,120
8663,Latch_7_BottomPlate__3.binvox,36,8,2.56198829,13816.50695,120
8664,Latch_7_BottomPlate__4.binvox,36,8,2.520609347,13772.22793,120
8665,Latch_7_BottomPlate__5.binvox,36,8,2.393841346,14381.81021,120
8666,Latch_7_BottomPlate__7.binvox,36,8,2.405993075,13983.77252,120
8667,Latch_7_BottomPlate__8.binvox,36,8,2.374659881,14371.67084,120
8668,Latch_7_BuckledRing__1.binvox,36,8,1.376127613,7429.371713,120
8669,Latch_7_BuckledRing__10.binvox,36,8,1.390616763,7403.383016,120
8670,Latch_7_BuckledRing__3.binvox,36,8,1.29254998,7877.036943,120
8671,Latch_7_BuckledRing__4.binvox,36,8,1.366530697,7900.817702,120
8672,Latch_7_BuckledRing__5.binvox,36,8,1.272895709,7400.23328,120
8673,Latch_7_BuckledRing__7.binvox,36,8,1.379400347,7243.52447,120
8674,Latch_7_BuckledRing__8.binvox,36,8,1.316947342,7225.91375,120
8675,Latch_7_ControlPanel__1.binvox,36,8,2.465885654,13671.14339,120
8676,Latch_7_ControlPanel__10.binvox,36,8,2.469364873,13959.11756,120
8677,Latch_7_ControlPanel__3.binvox,36,8,2.369603429,13313.94282,120
8678,Latch_7_ControlPanel__4.binvox,36,8,2.422786666,14473.03412,120
8679,Latch_7_ControlPanel__5.binvox,36,8,2.439110032,14385.37137,120
8680,Latch_7_ControlPanel__7.binvox,36,8,2.464560655,13212.6794,120
8681,Latch_7_ControlPanel__8.binvox,36,8,2.498405583,13961.74998,120
8682,Latch_7_Rivet__1.binvox,33,8,2.020186621,10886.01693,120
8683,Latch_7_Rivet__10.binvox,33,8,1.997047734,11213.23456,120
8684,Latch_7_Rivet__3.binvox,33,8,1.972051015,11264.01772,120
8685,Latch_7_Rivet__4.binvox,33,8,1.924825969,11551.26046,120
8686,Latch_7_Rivet__5.binvox,33,8,1.908107714,11889.94894,120
8687,Latch_7_Rivet__7.binvox,33,8,1.975563711,11098.53283,120
8688,Latch_7_Rivet__8.binvox,33,8,1.962106894,10932.52708,120
8689,Latch_7_StrikePlate__1.binvox,36,8,2.417529393,13520.24767,120
8690,Latch_7_StrikePlate__10.binvox,36,8,2.499599801,13860.59411,120
8691,Latch_7_StrikePlate__3.binvox,36,8,2.426845685,13180.58101,120
8692,Latch_7_StrikePlate__4.binvox,36,8,2.402884971,14351.70773,120
8693,Latch_7_StrikePlate__5.binvox,36,8,2.471084114,14022.56703,120
8694,Latch_7_StrikePlate__7.binvox,36,8,2.392290634,14415.8195,120
8695,Latch_7_StrikePlate__8.binvox,36,8,2.386267513,13149.4328,120
8696,Latch_8_BottomPlate__1.binvox,36,8,2.534282858,13312.72766,120
8697,Latch_8_BottomPlate__10.binvox,36,8,2.444513433,13278.65575,120
8698,Latch_8_BottomPlate__3.binvox,36,8,2.556691361,14256.71746,120
8699,Latch_8_BottomPlate__4.binvox,36,8,2.493317795,13766.90461,120
8700,Latch_8_BottomPlate__5.binvox,36,8,2.528529633,14269.11674,120
8701,Latch_8_BottomPlate__7.binvox,36,8,2.328880518,13636.21763,120
8702,Latch_8_BottomPlate__8.binvox,36,8,2.434205036,14475.9237,120
8703,Latch_8_BuckledRing__1.binvox,36,8,1.395268574,7652.079033,120
8704,Latch_8_BuckledRing__10.binvox,36,8,1.286356176,7727.756655,120
8705,Latch_8_BuckledRing__3.binvox,36,8,1.300146586,7928.275677,120
8706,Latch_8_BuckledRing__4.binvox,36,8,1.341320475,7611.965753,120
8707,Latch_8_BuckledRing__5.binvox,36,8,1.313246649,7663.23863,120
8708,Latch_8_BuckledRing__7.binvox,36,8,1.356112585,7881.056889,120
8709,Latch_8_BuckledRing__8.binvox,36,8,1.352170223,7494.421507,120
8710,Latch_8_ControlPanel__1.binvox,36,8,2.54564544,13907.71737,120
8711,Latch_8_ControlPanel__10.binvox,36,8,2.424874691,14212.08698,120
8712,Latch_8_ControlPanel__3.binvox,36,8,2.48601425,13707.40273,120
8713,Latch_8_ControlPanel__4.binvox,36,8,2.457589167,13442.09559,120
8714,Latch_8_ControlPanel__5.binvox,36,8,2.380127991,13465.09335,120
8715,Latch_8_ControlPanel__7.binvox,36,8,2.495813545,13637.69529,120
8716,Latch_8_ControlPanel__8.binvox,36,8,2.490596933,13551.91038,120
8717,Latch_8_Rivet__1.binvox,33,8,2.038140485,11068.46932,120
8718,Latch_8_Rivet__10.binvox,33,8,2.036190072,10885.17567,120
8719,Latch_8_Rivet__3.binvox,33,8,2.030090504,10883.30773,120
8720,Latch_8_Rivet__4.binvox,33,8,1.968441038,11207.71103,120
8721,Latch_8_Rivet__5.binvox,33,8,2.034086171,11442.92125,120
8722,Latch_8_Rivet__7.binvox,33,8,2.032675304,11408.96482,120
8723,Latch_8_Rivet__8.binvox,33,8,2.06777769,11300.33081,120
8724,Latch_8_StrikePlate__1.binvox,36,8,2.462489511,14114.28026,120
8725,Latch_8_StrikePlate__10.binvox,36,8,2.544019643,14058.34969,120
8726,Latch_8_StrikePlate__3.binvox,36,8,2.472575203,13559.06008,120
8727,Latch_8_StrikePlate__4.binvox,36,8,2.552741834,13905.20276,120
8728,Latch_8_StrikePlate__5.binvox,36,8,2.397737948,14177.00994,120
8729,Latch_8_StrikePlate__7.binvox,36,8,2.340468083,13843.51097,120
8730,Latch_8_StrikePlate__8.binvox,36,8,2.350715928,13452.44584,120
8731,Latch_9_BottomPlate__1.binvox,36,8,2.422592065,13814.14078,120
8732,Latch_9_BottomPlate__10.binvox,36,8,2.555209263,13309.75278,120
8733,Latch_9_BottomPlate__3.binvox,36,8,2.535095935,14460.34606,120
8734,Latch_9_BottomPlate__4.binvox,36,8,2.521433295,14296.12252,120
8735,Latch_9_BottomPlate__5.binvox,36,8,2.365831819,14466.4105,120
8736,Latch_9_BottomPlate__7.binvox,36,8,2.464150811,13179.68194,120
8737,Latch_9_BottomPlate__8.binvox,36,8,2.432210929,14449.57095,120
8738,Latch_9_BuckledRing__1.binvox,36,8,1.268340883,7660.551249,120
8739,Latch_9_BuckledRing__10.binvox,36,8,1.362118238,7859.147907,120
8740,Latch_9_BuckledRing__3.binvox,36,8,1.267293696,7807.836506,120
8741,Latch_9_BuckledRing__4.binvox,36,8,1.282558948,7605.989403,120
8742,Latch_9_BuckledRing__5.binvox,36,8,1.3220315,7801.596189,120
8743,Latch_9_BuckledRing__7.binvox,36,8,1.306356294,7354.277122,120
8744,Latch_9_BuckledRing__8.binvox,36,8,1.380396795,7922.628714,120
8745,Latch_9_ControlPanel__1.binvox,36,8,2.467521946,13334.39515,120
8746,Latch_9_ControlPanel__10.binvox,36,8,2.366491169,13705.3233,120
8747,Latch_9_ControlPanel__3.binvox,36,8,2.424090736,13302.22863,120
8748,Latch_9_ControlPanel__4.binvox,36,8,2.341817352,14013.67376,120
8749,Latch_9_ControlPanel__5.binvox,36,8,2.541345275,13182.6088,120
8750,Latch_9_ControlPanel__7.binvox,36,8,2.348464646,13516.43606,120
8751,Latch_9_ControlPanel__8.binvox,36,8,2.493309571,13202.51953,120
8752,Latch_9_Rivet__1.binvox,33,8,1.964419718,11428.3412,120
8753,Latch_9_Rivet__10.binvox,33,8,2.018304477,11275.16518,120
8754,Latch_9_Rivet__3.binvox,33,8,2.062632202,11199.56631,120
8755,Latch_9_Rivet__4.binvox,33,8,2.072308644,11551.22479,120
8756,Latch_9_Rivet__5.binvox,33,8,1.929652348,11281.22698,120
8757,Latch_9_Rivet__7.binvox,33,8,2.06253034,11042.48725,120
8758,Latch_9_Rivet__8.binvox,33,8,1.941500117,11125.81827,120
8759,Latch_9_StrikePlate__1.binvox,36,8,2.556307336,14430.87843,120
8760,Latch_9_StrikePlate__10.binvox,36,8,2.491415484,13798.89097,120
8761,Latch_9_StrikePlate__3.binvox,36,8,2.32068867,14069.53217,120
8762,Latch_9_StrikePlate__4.binvox,36,8,2.341946155,13935.62303,120
8763,Latch_9_StrikePlate__5.binvox,36,8,2.328182499,13954.20418,120
8764,Latch_9_StrikePlate__7.binvox,36,8,2.373608408,14457.33606,120
8765,Latch_9_StrikePlate__8.binvox,36,8,2.415211025,13845.88812,120
8766,Piston_11_ConnectingRod__1.binvox,34,8,25.4677164,158661.2479,6
8767,Piston_11_PistonHead__1.binvox,34,8,10.81644115,94890.51185,30
8768,Piston_11_WristPin__1.binvox,33,8,19.81408219,133609.2332,6
8769,Piston_16_ConnectingRod__1.binvox,34,8,25.28785755,165237.8358,6
8770,Piston_16_PistonHead__1.binvox,34,8,10.60956928,96802.40273,30
8771,Piston_16_RodBolt__1.binvox,33,16,5.816199933,37134.06096,6
8772,Piston_16_RodCap__1.binvox,34,8,16.65406308,108346.2503,6
8773,Piston_16_RodNut__1.binvox,33,16,5.828829758,39151.05647,6
8774,Piston_16_WristPin__1.binvox,33,8,19.82865155,130893.1861,6
8775,Piston_17_ConnectingRod__1.binvox,34,8,24.29816674,159191.1642,6
8776,Piston_17_PistonHead__1.binvox,34,16,11.15554092,98050.61817,30
8777,Piston_17_RodBolt__1.binvox,33,8,5.980487114,38473.2192,6
8778,Piston_17_RodCap__1.binvox,34,8,17.38956203,113149.8254,6
8779,Piston_17_RodNut__1.binvox,33,16,6.148939579,40056.82501,6
8780,Piston_17_WristPin__1.binvox,33,8,20.87870016,126334.1008,6
8781,Piston_18_ConnectingRod__1.binvox,34,8,25.19172254,157954.5404,6
8782,Piston_18_PistonHead__1.binvox,34,8,10.8617923,94124.59759,30
8783,Piston_18_RodBolt__1.binvox,33,16,6.042550538,37213.00982,6
8784,Piston_18_RodCap__1.binvox,34,8,17.36673723,106241.5447,6
8785,Piston_18_RodNut__1.binvox,33,16,6.046258834,39624.07394,6
8786,Piston_18_WristPin__1.binvox,33,8,20.7540948,130618.2857,6
8787,Piston_1_ConnectingRod__2.binvox,34,8,24.65536488,154466.8113,6
8788,Piston_1_ConnectingRod__3.binvox,34,8,25.54455143,158061.1475,6
8789,Piston_1_ConnectingRod__4.binvox,34,8,24.7305277,153256.2388,6
8790,Piston_1_ConnectingRod__5.binvox,34,8,25.28727549,161647.3006,6
8791,Piston_1_ConnectingRod__7.binvox,34,8,25.29574049,155607.7389,6
8792,Piston_1_ConnectingRod__9.binvox,34,8,24.59864088,155404.0178,6
8793,Piston_1_PistonHead__2.binvox,34,8,10.47450902,99596.82683,30
8794,Piston_1_PistonHead__3.binvox,34,8,10.62352205,92692.97836,30
8795,Piston_1_PistonHead__4.binvox,34,8,11.20667258,92996.26296,30
8796,Piston_1_PistonHead__5.binvox,34,8,11.11412222,99541.51904,30
8797,Piston_1_PistonHead__7.binvox,34,8,11.22915386,99669.37042,30
8798,Piston_1_PistonHead__9.binvox,34,8,11.17970692,96961.34929,30
8799,Piston_1_WristPin__2.binvox,33,8,19.91629509,131132.3725,6
8800,Piston_1_WristPin__3.binvox,33,8,19.26542679,130849.2516,6
8801,Piston_1_WristPin__4.binvox,33,8,20.66977329,125138.8883,6
8802,Piston_1_WristPin__5.binvox,33,8,19.77208412,133947.986,6
8803,Piston_1_WristPin__7.binvox,33,8,19.6868012,133652.6124,6
8804,Piston_1_WristPin__9.binvox,33,8,19.71345749,136078.24,6
8805,Piston_21_ConnectingRod__1.binvox,34,8,23.72099075,159852.0106,6
8806,Piston_21_PistonHead__1.binvox,34,8,11.30948549,97833.08072,30
8807,Piston_21_WristPin__1.binvox,33,8,19.9734227,126751.0788,6
8808,Piston_22_ConnectingRod__1.binvox,34,8,25.1792428,161357.1471,6
8809,Piston_22_PistonHead__1.binvox,34,8,11.40541936,96985.85669,30
8810,Piston_22_WristPin__1.binvox,33,8,19.40760688,131868.3892,6
8811,Piston_23_ConnectingRod__1.binvox,34,8,24.68486617,156953.2252,6
8812,Piston_23_PistonHead__1.binvox,34,8,10.53814128,100385.7191,30
8813,Piston_23_WristPin__1.binvox,33,8,20.36922124,125319.5028,6
8814,Piston_24_ConnectingRod__1.binvox,34,8,23.92197593,162559.2276,6
8815,Piston_24_PistonHead__1.binvox,34,8,11.35455683,101524.4925,30
8816,Piston_24_WristPin__1.binvox,33,8,19.74465525,128837.5882,6
8817,Piston_25_ConnectingRod__2.binvox,34,8,24.62747148,153181.699,6
8818,Piston_25_ConnectingRod__3.binvox,34,8,23.98700923,165822.5968,6
8819,Piston_25_ConnectingRod__4.binvox,34,8,24.61245543,161672.4401,6
8820,Piston_25_ConnectingRod__5.binvox,34,8,24.92245576,164317.4402,6
8821,Piston_25_ConnectingRod__7.binvox,34,8,23.41567512,162841.6236,6
8822,Piston_25_ConnectingRod__9.binvox,34,8,24.17393622,153637.738,6
8823,Piston_25_PistonHead__2.binvox,34,8,10.54793434,95852.14726,30
8824,Piston_25_PistonHead__3.binvox,34,8,10.80760643,99745.43774,30
8825,Piston_25_PistonHead__4.binvox,34,8,10.37638402,94978.35554,30
8826,Piston_25_PistonHead__5.binvox,34,8,10.60213016,94594.44737,30
8827,Piston_25_PistonHead__7.binvox,34,8,10.47738597,93374.62042,30
8828,Piston_25_PistonHead__9.binvox,34,8,10.55767093,96257.33387,30
8829,Piston_25_RodBolt__2.binvox,33,16,6.205081271,40032.25562,6
8830,Piston_25_RodBolt__3.binvox,33,16,5.952764335,39744.95278,6
8831,Piston_25_RodBolt__4.binvox,33,16,6.133884676,39500.89777,6
8832,Piston_25_RodBolt__5.binvox,33,16,5.817329288,40246.09539,6
8833,Piston_25_RodBolt__7.binvox,33,16,5.751833452,40619.07919,6
8834,Piston_25_RodBolt__9.binvox,33,16,6.076474364,37888.82194,6
8835,Piston_25_RodCap__2.binvox,34,8,16.24173839,103879.0575,6
8836,Piston_25_RodCap__3.binvox,34,8,16.87125702,108306.8287,6
8837,Piston_25_RodCap__4.binvox,34,8,15.92505807,110878.0718,6
8838,Piston_25_RodCap__5.binvox,34,8,17.21645104,102585.3836,6
8839,Piston_25_RodCap__7.binvox,34,8,16.35412324,105835.1236,6
8840,Piston_25_RodCap__9.binvox,34,8,16.16976338,110957.0483,6
8841,Piston_25_WristPin__2.binvox,33,8,19.48725292,132232.02,6
8842,Piston_25_WristPin__3.binvox,33,8,19.15549344,135800.7535,6
8843,Piston_25_WristPin__4.binvox,33,8,20.21498742,124311.8348,6
8844,Piston_25_WristPin__5.binvox,33,8,20.6648244,130670.385,6
8845,Piston_25_WristPin__7.binvox,33,8,19.29160344,131180.8256,6
8846,Piston_25_WristPin__9.binvox,33,8,19.42337074,127364.8342,6
8847,Piston_27_ConnectingRod__1.binvox,34,8,24.17468182,155731.9435,6
8848,Piston_27_PistonHead__1.binvox,34,8,11.422335,99457.03786,30
8849,Piston_27_WristPin__1.binvox,33,8,19.58667054,130707.7567,6
8850,Piston_28_ConnectingRod__1.binvox,34,8,23.8740986,153112.2684,6
8851,Piston_28_PistonHead__1.binvox,34,8,10.62889526,99291.28552,30
8852,Piston_28_WristPin__1.binvox,33,8,19.93680703,133419.802,6
8853,Piston_29_ConnectingRod__1.binvox,34,8,25.72478707,152540.2293,6
8854,Piston_29_PistonHead__1.binvox,34,8,10.857745,100724.0344,30
8855,Piston_29_WristPin__1.binvox,33,8,19.998317,124868.4237,6
8856,Piston_2_ConnectingRod__2.binvox,34,8,25.37181571,161116.8726,6
8857,Piston_2_ConnectingRod__3.binvox,34,8,24.26641285,152137.4846,6
8858,Piston_2_ConnectingRod__4.binvox,34,8,23.67981932,159234.6607,6
8859,Piston_2_ConnectingRod__5.binvox,34,8,23.77882833,163766.8967,6
8860,Piston_2_ConnectingRod__7.binvox,34,8,23.60265274,163198.1931,6
8861,Piston_2_ConnectingRod__9.binvox,34,8,24.76048507,165249.6554,6
8862,Piston_2_PistonHead__2.binvox,34,8,10.79886512,97491.33584,30
8863,Piston_2_PistonHead__3.binvox,34,8,10.70351602,98878.47835,30
8864,Piston_2_PistonHead__4.binvox,34,8,11.26859339,100389.46,30
8865,Piston_2_PistonHead__5.binvox,34,8,10.41539528,94686.78223,30
8866,Piston_2_PistonHead__7.binvox,34,8,11.09907282,93916.75578,30
8867,Piston_2_PistonHead__9.binvox,34,8,10.82309026,94831.44664,30
8868,Piston_2_WristPin__2.binvox,33,8,20.69389252,130986.9888,6
8869,Piston_2_WristPin__3.binvox,33,8,20.24788136,135389.6646,6
8870,Piston_2_WristPin__4.binvox,33,8,20.87430451,124061.979,6
8871,Piston_2_WristPin__5.binvox,33,8,19.95515379,127817.8403,6
8872,Piston_2_WristPin__7.binvox,33,8,19.16841438,125017.7328,6
8873,Piston_2_WristPin__9.binvox,33,8,19.87612158,133617.3218,6
8874,Piston_30_ConnectingRod__1.binvox,34,8,25.64580114,162088.4721,6
8875,Piston_30_PistonHead__1.binvox,34,8,10.5653271,96568.89846,30
8876,Piston_30_WristPin__1.binvox,33,8,19.83970108,133975.9922,6
8877,Piston_32_ConnectingRod__2.binvox,34,8,24.56340868,155797.652,6
8878,Piston_32_ConnectingRod__3.binvox,34,8,24.79231936,159360.9968,6
8879,Piston_32_ConnectingRod__4.binvox,34,8,24.97252893,163598.1219,6
8880,Piston_32_ConnectingRod__5.binvox,34,8,24.06866292,155464.142,6
8881,Piston_32_PistonHead__2.binvox,34,8,11.10110285,92342.47943,30
8882,Piston_32_PistonHead__3.binvox,34,8,10.81349312,93630.79941,30
8883,Piston_32_PistonHead__4.binvox,34,8,10.4906934,93115.20099,30
8884,Piston_32_PistonHead__5.binvox,34,8,11.06704629,98123.42583,30
8885,Piston_32_RodBolt__2.binvox,33,16,6.034565612,37095.61718,6
8886,Piston_32_RodBolt__3.binvox,33,16,6.113170196,38341.68469,6
8887,Piston_32_RodBolt__4.binvox,33,16,6.232198339,39687.87142,6
8888,Piston_32_RodBolt__5.binvox,33,16,6.218540794,37981.9177,6
8889,Piston_32_RodCap__2.binvox,34,8,16.50033248,104502.2209,6
8890,Piston_32_RodCap__3.binvox,34,8,16.4388847,104135.6305,6
8891,Piston_32_RodCap__4.binvox,34,8,17.14078598,113021.8607,6
8892,Piston_32_RodCap__5.binvox,34,8,17.04344067,112377.2742,6
8893,Piston_32_RodNut__2.binvox,33,16,6.156096853,40768.53863,6
8894,Piston_32_RodNut__3.binvox,33,16,5.703516114,39848.74777,6
8895,Piston_32_RodNut__4.binvox,33,16,5.790836989,40241.19335,6
8896,Piston_32_RodNut__5.binvox,33,16,5.972752184,39829.20355,6
8897,Piston_32_WristPin__2.binvox,33,8,20.77161577,123580.0085,6
8898,Piston_32_WristPin__3.binvox,33,8,19.78167999,135104.5499,6
8899,Piston_32_WristPin__4.binvox,33,8,20.21937523,127332.1492,6
8900,Piston_32_WristPin__5.binvox,33,8,20.90500764,133994.9638,6
8901,Piston_3_ConnectingRod__2.binvox,34,8,24.57179783,160108.6183,6
8902,Piston_3_ConnectingRod__3.binvox,34,8,25.45112327,166760.067,6
8903,Piston_3_ConnectingRod__4.binvox,34,8,25.84212101,155623.7339,6
8904,Piston_3_ConnectingRod__5.binvox,34,8,24.22595585,153853.0373,6
8905,Piston_3_ConnectingRod__7.binvox,34,8,25.75609288,162529.7697,6
8906,Piston_3_ConnectingRod__9.binvox,34,8,24.75219433,154108.9116,6
8907,Piston_3_PistonHead__2.binvox,34,8,10.57431306,95588.39551,30
8908,Piston_3_PistonHead__3.binvox,34,8,10.47799717,96117.71088,30
8909,Piston_3_PistonHead__4.binvox,34,8,10.92788975,94161.06909,30
8910,Piston_3_PistonHead__5.binvox,34,8,10.57143879,96410.34276,30
8911,Piston_3_PistonHead__7.binvox,34,8,10.98365635,100270.6902,30
8912,Piston_3_PistonHead__9.binvox,34,8,10.51395275,96698.12169,30
8913,Piston_3_WristPin__2.binvox,33,8,20.51501661,135661.6008,6
8914,Piston_3_WristPin__3.binvox,33,8,19.04093677,128397.0209,6
8915,Piston_3_WristPin__4.binvox,33,8,19.4113321,132901.0192,6
8916,Piston_3_WristPin__5.binvox,33,8,20.45178626,124641.3821,6
8917,Piston_3_WristPin__7.binvox,33,8,20.07634865,126696.839,6
8918,Piston_3_WristPin__9.binvox,33,8,20.22822848,133723.74,6
8919,Piston_5_ConnectingRod__2.binvox,34,8,24.95828735,161115.9389,6
8920,Piston_5_ConnectingRod__3.binvox,34,8,23.9779428,157431.8516,6
8921,Piston_5_ConnectingRod__4.binvox,34,8,24.66853263,154276.8586,6
8922,Piston_5_ConnectingRod__5.binvox,34,8,23.89481838,158260.9478,6
8923,Piston_5_ConnectingRod__7.binvox,34,8,25.85853738,156761.9781,6
8924,Piston_5_ConnectingRod__9.binvox,34,8,23.6765386,152280.2556,6
8925,Piston_5_PistonHead__2.binvox,34,8,10.65234244,96193.00972,30
8926,Piston_5_PistonHead__3.binvox,34,8,10.80711727,99980.48772,30
8927,Piston_5_PistonHead__4.binvox,34,8,10.48384527,101181.9716,30
8928,Piston_5_PistonHead__5.binvox,34,8,10.64232843,96518.18388,30
8929,Piston_5_PistonHead__7.binvox,34,8,10.73565315,94547.07315,30
8930,Piston_5_PistonHead__9.binvox,34,8,11.03309126,93423.57329,30
8931,Piston_5_WristPin__2.binvox,33,8,19.04539522,129505.5517,6
8932,Piston_5_WristPin__3.binvox,33,8,20.50172337,129374.0147,6
8933,Piston_5_WristPin__4.binvox,33,8,20.94905829,128479.3951,6
8934,Piston_5_WristPin__5.binvox,33,8,19.20914536,129440.3566,6
8935,Piston_5_WristPin__7.binvox,33,8,20.33024727,129818.3548,6
8936,Piston_5_WristPin__9.binvox,33,8,19.05341496,126355.489,6
8937,Piston_6_ConnectingRod__1.binvox,34,8,25.61468747,166147.4269,6
8938,Piston_6_PistonHead__1.binvox,34,8,11.38491651,93701.96313,30
8939,Piston_6_WristPin__1.binvox,33,8,19.10206174,128999.2627,6
8940,Piston_7_ConnectingRod__2.binvox,34,8,24.46144002,165746.2841,6
8941,Piston_7_ConnectingRod__3.binvox,34,8,25.76145659,163787.7719,6
8942,Piston_7_ConnectingRod__4.binvox,34,8,24.23598009,155770.1337,6
8943,Piston_7_ConnectingRod__5.binvox,34,8,23.48953034,160888.9007,6
8944,Piston_7_ConnectingRod__7.binvox,34,8,23.6398373,158520.1061,6
8945,Piston_7_PistonHead__2.binvox,34,8,10.74045399,97434.53237,30
8946,Piston_7_PistonHead__3.binvox,34,8,11.09102936,94083.7581,30
8947,Piston_7_PistonHead__4.binvox,34,8,10.68915783,100340.04,30
8948,Piston_7_PistonHead__5.binvox,34,8,11.17830701,93913.59829,30
8949,Piston_7_PistonHead__7.binvox,34,8,11.01954185,98336.76157,30
8950,Piston_7_RodBolt__2.binvox,33,16,5.945316923,37454.70621,6
8951,Piston_7_RodBolt__3.binvox,33,16,6.230840493,38642.69589,6
8952,Piston_7_RodBolt__4.binvox,33,16,6.058095996,36969.45804,6
8953,Piston_7_RodBolt__5.binvox,33,16,6.199187129,39641.68366,6
8954,Piston_7_RodBolt__7.binvox,33,16,5.921165426,38797.9692,6
8955,Piston_7_RodCap__2.binvox,34,8,16.5072943,109840.1315,6
8956,Piston_7_RodCap__3.binvox,34,8,16.79739329,103548.8012,6
8957,Piston_7_RodCap__4.binvox,34,8,16.53998355,106166.5788,6
8958,Piston_7_RodCap__5.binvox,34,8,17.02389162,103687.0417,6
8959,Piston_7_RodCap__7.binvox,34,8,16.82438006,103545.3376,6
8960,Piston_7_RodNut__2.binvox,33,16,6.181831659,38023.84454,6
8961,Piston_7_RodNut__3.binvox,33,16,5.924636891,37904.10077,6
8962,Piston_7_RodNut__4.binvox,33,16,5.705964317,38659.66761,6
8963,Piston_7_RodNut__5.binvox,33,16,5.744789763,38329.01054,6
8964,Piston_7_RodNut__7.binvox,33,16,5.782716623,40662.20142,6
8965,Piston_7_WristPin__2.binvox,33,8,19.02179808,124057.0173,6
8966,Piston_7_WristPin__3.binvox,33,8,19.66920874,125457.3516,6
8967,Piston_7_WristPin__4.binvox,33,8,20.77219712,127948.7573,6
8968,Piston_7_WristPin__5.binvox,33,8,20.46820908,128947.1005,6
8969,Piston_7_WristPin__7.binvox,33,8,19.00494284,124052.3065,6
8970,Piston_8_ConnectingRod__1.binvox,34,8,24.23664036,161452.2121,6
8971,Piston_8_PistonHead__1.binvox,34,8,10.54489647,98007.20723,30
8972,Piston_8_WristPin__1.binvox,33,8,19.57200132,123185.2805,6
8973,Piston_9_ConnectingRod__1.binvox,34,8,23.64625559,156852.0698,6
8974,Piston_9_PistonHead__1.binvox,34,8,10.77180902,97912.28998,30
8975,Piston_9_WristPin__1.binvox,33,8,20.44898827,125374.6619,6
